global_step,episode,episode_return,episode_length,exploration_noise,critic_loss,actor_loss,mean_q1_value
200,1,-876.4881863109667,200,0.1,,,
400,2,-1179.8161413272926,200,0.1,,,
600,3,-1659.3663963306703,200,0.1,,,
800,4,-1626.6161307815235,200,0.1,,,
1000,5,-1176.7536370752614,200,0.1,111.86143493652344,0.03805747255682945,0.07103711366653442
1200,6,-1031.135741353148,200,0.1,1.731896162033081,7.270956516265869,-7.643304347991943
1400,7,-1352.5873236943212,200,0.1,0.7011823058128357,10.133825302124023,-10.380148887634277
1600,8,-1692.9366052618118,200,0.1,0.46362942457199097,13.428475379943848,-13.77386474609375
1800,9,-1563.1206562054376,200,0.1,0.2730008363723755,15.137271881103516,-15.500338554382324
2000,10,-1552.0009162133024,200,0.1,0.25053244829177856,19.543493270874023,-19.952939987182617
2200,11,-1533.8610568958627,200,0.1,0.1231691837310791,21.364328384399414,-21.67439079284668
2400,12,-1535.1055773694081,200,0.1,0.1619100272655487,25.232545852661133,-25.646581649780273
2600,13,-1572.0191978291127,200,0.1,0.20102447271347046,29.329082489013672,-29.645998001098633
2800,14,-1500.4280771910558,200,0.1,0.14879164099693298,31.320436477661133,-31.721416473388672
3000,15,-1461.4091746902084,200,0.1,0.13251271843910217,33.94661331176758,-34.30058670043945
3200,16,-1415.4171301719623,200,0.1,0.14502409100532532,36.87481689453125,-37.31510925292969
3400,17,-1482.8316510988388,200,0.1,0.20448830723762512,42.30866622924805,-42.645896911621094
3600,18,-1308.185149665184,200,0.1,0.21153610944747925,42.82780838012695,-43.28009033203125
3800,19,-1206.9278014518447,200,0.1,0.18185555934906006,46.50863265991211,-47.22465515136719
4000,20,-1290.7366825013298,200,0.1,0.22551754117012024,46.97209167480469,-47.53202438354492
4200,21,-1289.2211873916076,200,0.1,0.21273759007453918,53.19243621826172,-53.70553970336914
4400,22,-1199.4030687825884,200,0.1,0.30111798644065857,56.51426696777344,-57.16139221191406
4600,23,-1134.294108869088,200,0.1,0.19189453125,57.56001281738281,-58.17124557495117
4800,24,-1035.9677679166105,200,0.1,0.23376807570457458,58.700416564941406,-59.1989860534668
5000,25,-948.0710088068901,200,0.1,0.2944607138633728,61.700435638427734,-62.32938003540039
5200,26,-519.9364699134296,200,0.1,0.311101496219635,64.69556427001953,-65.28092193603516
5400,27,-598.3872719454735,200,0.1,0.32410192489624023,67.61465454101562,-68.2766342163086
5600,28,-686.9818752420091,200,0.1,0.3455636501312256,64.84744262695312,-65.37926483154297
5800,29,-1506.2664141007733,200,0.1,0.43236035108566284,67.7396469116211,-68.51322174072266
6000,30,-525.5898387922382,200,0.1,0.38833075761795044,70.10906982421875,-71.04088592529297
6200,31,-710.7528975192992,200,0.1,0.4744468927383423,73.91891479492188,-74.79119110107422
6400,32,-405.12743892184636,200,0.1,0.5555315017700195,71.20585632324219,-71.8763427734375
6600,33,-263.27857042113635,200,0.1,0.5596848726272583,73.67066192626953,-74.87366485595703
6800,34,-505.2974849046761,200,0.1,0.5179094076156616,75.6423568725586,-76.43353271484375
7000,35,-128.97143009236672,200,0.1,0.6670269966125488,75.17027282714844,-76.08704376220703
7200,36,-253.98260376155335,200,0.1,0.5627056360244751,73.53353881835938,-74.63233184814453
7400,37,-125.31465652440501,200,0.1,0.641986072063446,75.0128173828125,-75.9740982055664
7600,38,-0.9854920785221002,200,0.1,0.6356227397918701,71.09606170654297,-72.1912612915039
7800,39,-0.4505715727198245,200,0.1,0.7301799058914185,71.61920166015625,-72.75480651855469
8000,40,-123.2459305427392,200,0.1,0.9302468299865723,72.04104614257812,-73.49431610107422
8200,41,-241.23015358557015,200,0.1,0.9190465807914734,73.86114501953125,-75.0027847290039
8400,42,-120.74679437805815,200,0.1,1.2079812288284302,73.4297103881836,-74.68500518798828
8600,43,-129.11618456798882,200,0.1,0.819408655166626,74.56431579589844,-76.17744445800781
8800,44,-241.098459714067,200,0.1,1.1032984256744385,69.41291809082031,-70.96906280517578
9000,45,-129.7900228566034,200,0.1,1.9015848636627197,71.75675964355469,-73.17057037353516
9200,46,-269.78651449535187,200,0.1,1.2860467433929443,71.5185546875,-73.1071548461914
9400,47,-119.30377729067507,200,0.1,1.3420329093933105,79.1607894897461,-80.98365020751953
9600,48,-129.16320294391286,200,0.1,1.2883232831954956,72.568359375,-74.22198486328125
9800,49,-128.80385291182537,200,0.1,1.7304102182388306,79.39097595214844,-81.3969955444336
10000,50,-114.67084746678557,200,0.1,1.215417742729187,74.36841583251953,-76.45684051513672
10200,51,-243.95353839604968,200,0.1,1.161119818687439,62.21336364746094,-63.763404846191406
10400,52,-128.0986241582534,200,0.1,1.6609299182891846,72.91829681396484,-75.00975036621094
10600,53,-338.16507468475345,200,0.1,1.4955015182495117,80.56266784667969,-82.6544418334961
10800,54,-120.76791147798579,200,0.1,2.2254786491394043,73.18763732910156,-75.44357299804688
11000,55,-115.06520855992474,200,0.1,1.9542486667633057,69.12123107910156,-70.6504135131836
11200,56,-126.72318082421293,200,0.1,1.89044189453125,68.0646743774414,-69.81060028076172
11400,57,-125.26639005443725,200,0.1,2.1470181941986084,70.06720733642578,-72.03424072265625
11600,58,-128.9897342178902,200,0.1,1.9791014194488525,70.51404571533203,-72.38653564453125
11800,59,-127.123407131978,200,0.1,2.1403257846832275,75.01837158203125,-77.05577087402344
12000,60,-124.79245111000012,200,0.1,2.1632790565490723,85.48997497558594,-87.40570068359375
12200,61,-130.5527632907136,200,0.1,2.168689012527466,78.21492004394531,-80.3829345703125
12400,62,-126.18438318282803,200,0.1,3.5301549434661865,73.52096557617188,-75.1029281616211
12600,63,-128.979435405124,200,0.1,1.8047163486480713,69.33927154541016,-70.9012451171875
12800,64,-234.03979050559036,200,0.1,2.1913886070251465,68.23037719726562,-70.23347473144531
13000,65,-236.27052052552332,200,0.1,3.3815011978149414,66.00674438476562,-68.14859771728516
13200,66,-231.05907156044157,200,0.1,1.6305336952209473,80.47862243652344,-82.3819351196289
13400,67,-1352.2834915737383,200,0.1,3.9812331199645996,75.94249725341797,-77.85594177246094
13600,68,-1.6991829703807304,200,0.1,3.9792399406433105,67.63333129882812,-69.52696228027344
13800,69,-129.01340333637626,200,0.1,4.809849739074707,80.6849365234375,-82.3155746459961
14000,70,-1584.5919696018223,200,0.1,2.6179614067077637,71.66197967529297,-72.87901306152344
14200,71,-1599.3589654128748,200,0.1,4.509372234344482,73.41146087646484,-75.23474884033203
14400,72,-126.09516143446281,200,0.1,2.8002164363861084,73.00878143310547,-75.03379821777344
14600,73,-1.238276722726641,200,0.1,5.72519588470459,78.12230682373047,-80.35054779052734
14800,74,-234.04045238791886,200,0.1,5.062358856201172,69.23712158203125,-71.2549057006836
15000,75,-115.24908083381959,200,0.1,3.9299509525299072,73.26334381103516,-75.1912612915039
15200,76,-114.07504054401014,200,0.1,4.020236492156982,76.03596496582031,-78.01441955566406
15400,77,-117.11278986749892,200,0.1,3.9503774642944336,67.04492950439453,-69.32061767578125
15600,78,-3.0882966389226527,200,0.1,6.6978759765625,73.34463500976562,-75.36912536621094
15800,79,-268.28381676077436,200,0.1,3.263256311416626,72.67459106445312,-74.38338470458984
16000,80,-123.53451799690258,200,0.1,7.39996862411499,71.45584869384766,-73.71165466308594
16200,81,-125.94135743340067,200,0.1,4.559170722961426,60.108543395996094,-61.509010314941406
16400,82,-336.5163364411673,200,0.1,5.177844524383545,66.52059936523438,-69.09244537353516
16600,83,-120.37326597657172,200,0.1,3.4591994285583496,69.35147857666016,-71.16368865966797
16800,84,-116.68011199732945,200,0.1,3.687687397003174,79.73607635498047,-81.67071533203125
17000,85,-239.33810711657117,200,0.1,4.805496692657471,69.9483871459961,-71.76783752441406
17200,86,-127.3407304942652,200,0.1,4.986711502075195,74.65777587890625,-77.05590057373047
17400,87,-126.43215268616692,200,0.1,3.5544700622558594,58.476383209228516,-60.12535095214844
17600,88,-118.64336020260758,200,0.1,4.625668525695801,64.7464828491211,-66.51335906982422
17800,89,-125.53491632228668,200,0.1,3.183516025543213,71.54595947265625,-74.13536834716797
18000,90,-125.76576345882546,200,0.1,3.8203210830688477,65.72823333740234,-67.6047134399414
18200,91,-120.76453710584481,200,0.1,5.923870086669922,74.24304962158203,-76.69122314453125
18400,92,-130.0564983583833,200,0.1,3.633826732635498,72.00950622558594,-74.13436889648438
18600,93,-360.8397907667695,200,0.1,3.9837329387664795,64.59002685546875,-66.39783477783203
18800,94,-119.41112125210397,200,0.1,3.887462615966797,64.03338623046875,-66.12600708007812
19000,95,-126.71276019075272,200,0.1,3.5115201473236084,69.00765991210938,-71.30332946777344
19200,96,-116.68325106509924,200,0.1,3.846071243286133,63.219970703125,-65.12785339355469
19400,97,-121.822716040478,200,0.1,5.714532852172852,63.81534194946289,-66.39396667480469
19600,98,-227.7944807937332,200,0.1,3.7445216178894043,67.19066619873047,-69.46269989013672
19800,99,-0.473583362720862,200,0.1,2.7904675006866455,64.99059295654297,-67.26839447021484
20000,100,-118.07357059971977,200,0.1,3.2175965309143066,77.0919418334961,-78.94644927978516
20200,101,-241.41257120305207,200,0.1,6.901568412780762,61.56809616088867,-63.495849609375
20400,102,-246.47668973852825,200,0.1,3.900913715362549,67.87748718261719,-70.33512878417969
20600,103,-119.71315265454359,200,0.1,5.079564094543457,63.203548431396484,-66.04161834716797
20800,104,-118.17168033304452,200,0.1,4.2814483642578125,52.41559600830078,-54.26937484741211
21000,105,-122.93742942475161,200,0.1,4.4039082527160645,68.70416259765625,-71.14590454101562
21200,106,-319.0648314310473,200,0.1,2.553311347961426,57.77435302734375,-59.242637634277344
21400,107,-124.0073055707983,200,0.1,6.777921199798584,63.73167419433594,-66.15225982666016
21600,108,-239.2492624364526,200,0.1,5.419000148773193,59.28358840942383,-61.24961853027344
21800,109,-127.15426863749464,200,0.1,2.435183048248291,53.223907470703125,-55.245079040527344
22000,110,-234.4436118965269,200,0.1,3.2011055946350098,65.68679809570312,-67.96324157714844
22200,111,-242.20029600683318,200,0.1,5.428073406219482,57.70049285888672,-59.20646286010742
22400,112,-241.3106619960713,200,0.1,3.3070521354675293,52.764530181884766,-54.18086624145508
22600,113,-226.8029016693788,200,0.1,2.960174322128296,50.79280090332031,-52.63684844970703
22800,114,-119.66589500124135,200,0.1,5.949042320251465,66.647705078125,-68.7310562133789
23000,115,-119.33719475566926,200,0.1,4.42566442489624,48.735107421875,-50.517417907714844
23200,116,-123.31949240057013,200,0.1,7.170742034912109,63.70488739013672,-65.8228988647461
23400,117,-239.6438617054143,200,0.1,3.6810462474823,54.38797378540039,-56.635990142822266
23600,118,-224.68780811524948,200,0.1,3.1633338928222656,51.71455383300781,-53.77989196777344
23800,119,-230.43894703597562,200,0.1,4.094335556030273,52.71840286254883,-54.669883728027344
24000,120,-244.5260040372336,200,0.1,3.0216546058654785,49.68311309814453,-51.70691680908203
24200,121,-126.89812557122173,200,0.1,4.668032169342041,56.40403747558594,-58.99385452270508
24400,122,-121.90772007091003,200,0.1,5.8902435302734375,48.24818420410156,-50.07948303222656
24600,123,-124.4951930156692,200,0.1,6.292806625366211,48.589534759521484,-50.360843658447266
24800,124,-116.15431026272229,200,0.1,2.86887788772583,57.27079391479492,-59.5897216796875
25000,125,-241.47779685931727,200,0.1,3.0621039867401123,49.860107421875,-51.20036315917969
25200,126,-329.87938339616,200,0.1,4.487831115722656,60.686004638671875,-62.10304260253906
25400,127,-229.87050948251226,200,0.1,3.044447898864746,60.041465759277344,-62.46391296386719
25600,128,-122.61578338411516,200,0.1,2.910163402557373,60.032081604003906,-61.69601821899414
25800,129,-126.00658792381049,200,0.1,2.7429797649383545,54.513710021972656,-55.79460144042969
26000,130,-127.15614624503948,200,0.1,3.1949334144592285,51.086944580078125,-52.67747497558594
26200,131,-122.15509481386333,200,0.1,5.13303279876709,55.98450469970703,-58.16748809814453
26400,132,-242.1268444764716,200,0.1,2.4036548137664795,52.23301696777344,-53.933467864990234
26600,133,-359.85785337154067,200,0.1,8.289252281188965,52.906681060791016,-55.01621627807617
26800,134,-363.584882940023,200,0.1,6.0522308349609375,51.5430908203125,-53.575233459472656
27000,135,-2.0683932260985007,200,0.1,3.5282068252563477,49.852359771728516,-51.16383361816406
27200,136,-232.6919886783516,200,0.1,2.629990339279175,52.10474395751953,-54.02918243408203
27400,137,-240.57521822411357,200,0.1,5.481339454650879,56.353519439697266,-58.37202453613281
27600,138,-126.13110596554131,200,0.1,4.149484634399414,52.98087692260742,-55.06294631958008
27800,139,-126.89841595371756,200,0.1,3.0367393493652344,45.82840347290039,-47.16251754760742
28000,140,-121.9722241135148,200,0.1,3.4968554973602295,63.16447830200195,-65.92717742919922
28200,141,-117.8188954487549,200,0.1,2.3947014808654785,44.8526611328125,-46.76560974121094
28400,142,-348.49367305618057,200,0.1,2.8721210956573486,53.82985305786133,-55.64347457885742
28600,143,-5.155979226062068,200,0.1,3.939457416534424,43.65477752685547,-45.43238830566406
28800,144,-122.1120553190717,200,0.1,3.384763717651367,51.14455795288086,-53.27225112915039
29000,145,-127.07572986265619,200,0.1,4.909523010253906,58.43458557128906,-60.9976806640625
29200,146,-120.10999365796789,200,0.1,4.485466003417969,52.523067474365234,-54.547508239746094
29400,147,-343.15369113626514,200,0.1,2.6196365356445312,50.62171173095703,-52.46929168701172
29600,148,-125.40019383405321,200,0.1,2.3057618141174316,51.93967056274414,-53.306427001953125
29800,149,-231.60256093946634,200,0.1,2.9640750885009766,57.49482727050781,-59.00490951538086
30000,150,-332.9405581579687,200,0.1,3.652482032775879,48.821475982666016,-50.54423141479492
30200,151,-5.047971304881808,200,0.1,4.5944743156433105,51.674808502197266,-53.349815368652344
30400,152,-118.99400730599588,200,0.1,4.826621055603027,44.47425842285156,-46.32781982421875
30600,153,-239.50698527191025,200,0.1,1.893080234527588,48.53217315673828,-50.14766311645508
30800,154,-129.61794816255102,200,0.1,2.581031322479248,47.60740280151367,-48.873268127441406
31000,155,-125.81832251667504,200,0.1,2.504732608795166,44.789703369140625,-45.98826217651367
31200,156,-234.87903395902484,200,0.1,3.701192855834961,48.26652908325195,-50.08515548706055
31400,157,-122.77983379196638,200,0.1,2.4715003967285156,54.34400939941406,-56.33891677856445
31600,158,-234.94662224461177,200,0.1,2.7929656505584717,49.66792297363281,-51.651187896728516
31800,159,-118.7572642699983,200,0.1,3.3880672454833984,41.59797668457031,-42.984527587890625
32000,160,-130.02867227922331,200,0.1,3.650753974914551,43.26934051513672,-44.57628631591797
32200,161,-3.262362881483568,200,0.1,1.859196662902832,41.56085205078125,-42.911346435546875
32400,162,-230.19833313761168,200,0.1,2.5416879653930664,44.009376525878906,-45.27463150024414
32600,163,-122.75069874656208,200,0.1,1.895232915878296,45.41238784790039,-47.20293426513672
32800,164,-234.62291558456332,200,0.1,3.1072936058044434,50.84809875488281,-52.02159118652344
33000,165,-3.3690490872976318,200,0.1,5.335723876953125,45.03514862060547,-46.069969177246094
33200,166,-121.6096021084739,200,0.1,2.832153797149658,49.08280944824219,-50.43813705444336
33400,167,-237.54673087589794,200,0.1,2.729116916656494,47.637123107910156,-49.15516662597656
33600,168,-119.32352845174663,200,0.1,2.444990396499634,42.38990783691406,-43.45395278930664
33800,169,-2.8236483241868533,200,0.1,2.71254563331604,50.163299560546875,-51.517635345458984
34000,170,-116.13639830439189,200,0.1,4.335001468658447,40.18605041503906,-41.50682830810547
34200,171,-240.27896815197812,200,0.1,2.8257570266723633,37.6376953125,-38.49271774291992
34400,172,-127.16932323123186,200,0.1,2.1940927505493164,41.575714111328125,-42.651275634765625
34600,173,-237.47696329585966,200,0.1,3.538851737976074,48.25510787963867,-49.861244201660156
34800,174,-232.30180634411886,200,0.1,1.6201673746109009,40.52545166015625,-41.82132339477539
35000,175,-131.877436122465,200,0.1,2.005974769592285,35.02395248413086,-36.60380935668945
35200,176,-244.80826409441187,200,0.1,1.6377302408218384,46.864383697509766,-48.04277801513672
35400,177,-3.756107608249001,200,0.1,2.9507665634155273,43.997161865234375,-45.23998260498047
35600,178,-121.62490996620038,200,0.1,2.7103824615478516,52.250492095947266,-53.921730041503906
35800,179,-229.18390377861593,200,0.1,2.460993766784668,44.55354309082031,-46.158878326416016
36000,180,-129.1237660794531,200,0.1,2.7233285903930664,44.80471420288086,-46.22441101074219
36200,181,-120.06072690487659,200,0.1,1.9955487251281738,42.99542236328125,-43.828033447265625
36400,182,-119.8486098757576,200,0.1,2.6563992500305176,34.798683166503906,-35.5882682800293
36600,183,-229.0880124360048,200,0.1,3.9116051197052,43.71196365356445,-45.015289306640625
36800,184,-364.976862607219,200,0.1,2.8929827213287354,49.69217300415039,-51.11181640625
37000,185,-119.69606425352043,200,0.1,5.182943344116211,39.49138641357422,-40.98951721191406
37200,186,-4.598282679017633,200,0.1,2.8789050579071045,47.001644134521484,-48.995086669921875
37400,187,-119.35683317125884,200,0.1,5.924233436584473,45.181175231933594,-46.974037170410156
37600,188,-239.41741896058986,200,0.1,3.028836250305176,50.1978874206543,-51.389278411865234
37800,189,-3.022730848085534,200,0.1,2.411500930786133,42.0911865234375,-42.9769401550293
38000,190,-3.0502599152919854,200,0.1,4.482974052429199,41.399696350097656,-42.73970031738281
38200,191,-231.76899246875922,200,0.1,2.82814359664917,42.36760330200195,-43.491188049316406
38400,192,-122.59446943250025,200,0.1,4.299457550048828,37.25252914428711,-38.85630798339844
38600,193,-2.813142484802799,200,0.1,4.74320125579834,47.285064697265625,-48.909236907958984
38800,194,-234.83639956867333,200,0.1,4.993258476257324,47.26504898071289,-48.662086486816406
39000,195,-226.31973284718538,200,0.1,3.0594894886016846,42.93046569824219,-44.45790100097656
39200,196,-236.93343913454788,200,0.1,2.596123218536377,40.3006477355957,-41.223175048828125
39400,197,-230.92553573354516,200,0.1,3.1481781005859375,44.56727600097656,-46.03614807128906
39600,198,-116.10097018120207,200,0.1,3.1919965744018555,46.577606201171875,-48.128055572509766
39800,199,-124.04990576677577,200,0.1,2.423975944519043,34.29121017456055,-35.63890838623047
40000,200,-123.93331854875859,200,0.1,2.936997413635254,41.11145782470703,-42.70262908935547
40200,201,-357.6219637118073,200,0.1,2.1945643424987793,48.72854995727539,-50.32958221435547
40400,202,-123.45334808584202,200,0.1,3.4510295391082764,45.704219818115234,-46.740692138671875
40600,203,-118.95823929395559,200,0.1,2.386211395263672,42.84126281738281,-44.009910583496094
40800,204,-4.055458633296779,200,0.1,2.8444995880126953,44.62715530395508,-45.821937561035156
41000,205,-242.85517696565765,200,0.1,3.133220672607422,41.40483474731445,-43.09031677246094
41200,206,-238.90258181245397,200,0.1,3.0537960529327393,44.37565612792969,-45.94371032714844
41400,207,-120.00143182457013,200,0.1,5.261439323425293,43.41061019897461,-44.57701873779297
41600,208,-236.2728260923625,200,0.1,3.899986743927002,42.845794677734375,-44.209232330322266
41800,209,-121.35694921449513,200,0.1,1.8474992513656616,37.77302932739258,-39.093589782714844
42000,210,-119.77571576509926,200,0.1,5.3260931968688965,52.415077209472656,-54.31299591064453
42200,211,-129.53576736209618,200,0.1,2.817861557006836,42.747657775878906,-44.10057067871094
42400,212,-5.334018399567837,200,0.1,2.3589625358581543,38.64942932128906,-39.956138610839844
42600,213,-128.8674417630819,200,0.1,5.962220668792725,46.2401008605957,-47.75016403198242
42800,214,-238.93425553509982,200,0.1,2.3953590393066406,43.77383804321289,-44.86307907104492
43000,215,-255.34664963615793,200,0.1,2.5654473304748535,43.3694953918457,-44.67230224609375
43200,216,-238.03100778585116,200,0.1,2.2289998531341553,48.60886764526367,-50.295772552490234
43400,217,-240.18469624089246,200,0.1,3.9212706089019775,46.225772857666016,-47.5290412902832
43600,218,-361.53000087219795,200,0.1,3.0299768447875977,43.78348922729492,-44.82398986816406
43800,219,-129.39533251646935,200,0.1,4.869864463806152,41.78108596801758,-43.77989959716797
44000,220,-248.32235661397988,200,0.1,2.9023027420043945,51.50132369995117,-52.907493591308594
44200,221,-14.445903911833401,200,0.1,2.2612924575805664,45.96883010864258,-47.058040618896484
44400,222,-132.8127097213246,200,0.1,2.8857014179229736,47.556884765625,-48.97030258178711
44600,223,-244.05351099982352,200,0.1,3.606856346130371,42.19746398925781,-43.63955307006836
44800,224,-12.105671768345267,200,0.1,4.818110942840576,52.523414611816406,-53.86045455932617
45000,225,-134.42494549065862,200,0.1,1.8609647750854492,45.26850891113281,-46.3668098449707
45200,226,-132.0892310228592,200,0.1,3.611909866333008,50.040523529052734,-52.52545166015625
45400,227,-12.386206668638941,200,0.1,2.4167914390563965,43.63922882080078,-45.34212875366211
45600,228,-132.20639686343452,200,0.1,3.5975234508514404,43.05803680419922,-44.413352966308594
45800,229,-238.591219897181,200,0.1,3.688014030456543,45.411285400390625,-46.98690414428711
46000,230,-363.2446314513641,200,0.1,2.20399808883667,40.913330078125,-42.33236312866211
46200,231,-137.23505377351637,200,0.1,2.3000638484954834,45.70585250854492,-47.22696304321289
46400,232,-136.15985632797324,200,0.1,1.6318129301071167,38.90192794799805,-39.99996566772461
46600,233,-245.59450704616364,200,0.1,2.162076950073242,45.044029235839844,-47.00093078613281
46800,234,-128.18637508534883,200,0.1,2.697643280029297,50.90836715698242,-52.34682083129883
47000,235,-12.950790567595277,200,0.1,2.203930616378784,43.40721130371094,-44.737709045410156
47200,236,-131.23491420017533,200,0.1,2.9149975776672363,45.04549026489258,-46.56946563720703
47400,237,-13.556237507319187,200,0.1,2.8346095085144043,47.677337646484375,-49.062862396240234
47600,238,-16.135874569857425,200,0.1,2.0711636543273926,42.764404296875,-44.03532028198242
47800,239,-354.04503083555505,200,0.1,2.3048110008239746,40.86643600463867,-42.41410446166992
48000,240,-133.53213867797885,200,0.1,2.1407885551452637,50.66706848144531,-52.2909049987793
48200,241,-127.17878033404907,200,0.1,1.9843183755874634,53.96796798706055,-55.685020446777344
48400,242,-254.56358648140616,200,0.1,1.8581516742706299,45.79908752441406,-47.1533317565918
48600,243,-13.652881715808364,200,0.1,2.338310956954956,45.66590881347656,-46.8811149597168
48800,244,-242.9797922309279,200,0.1,2.224492073059082,50.04798889160156,-51.597007751464844
49000,245,-135.46275788493725,200,0.1,2.8261213302612305,52.84417724609375,-54.73499298095703
49200,246,-127.68638509558832,200,0.1,2.500004291534424,44.33376693725586,-46.5521125793457
49400,247,-127.32135663147326,200,0.1,1.5212547779083252,36.83820343017578,-38.16431427001953
49600,248,-133.81123898173436,200,0.1,2.3050999641418457,43.35612106323242,-44.525169372558594
49800,249,-234.19691735229935,200,0.1,1.4098310470581055,45.04127502441406,-46.76738739013672
50000,250,-128.2925170940252,200,0.1,2.216801643371582,46.83595657348633,-48.325897216796875
50200,251,-135.5084385829388,200,0.1,2.5923120975494385,44.01726531982422,-45.756046295166016
50400,252,-137.93909770110326,200,0.1,1.3975498676300049,49.92765808105469,-52.0875244140625
50600,253,-129.03855578763992,200,0.1,2.1635656356811523,46.586456298828125,-48.22650146484375
50800,254,-13.187003464356911,200,0.1,2.8814520835876465,44.32343292236328,-46.08674621582031
51000,255,-127.59319819837944,200,0.1,1.2582857608795166,44.48529052734375,-45.926578521728516
51200,256,-127.2069490242979,200,0.1,2.778453826904297,51.14952087402344,-53.47883605957031
51400,257,-126.07994427562461,200,0.1,2.979574203491211,48.00400161743164,-49.598609924316406
51600,258,-133.1081669311071,200,0.1,2.2752482891082764,46.372413635253906,-48.263587951660156
51800,259,-134.24315421175305,200,0.1,2.2683262825012207,47.975563049316406,-49.19190979003906
52000,260,-239.38299860639918,200,0.1,2.724569797515869,40.31092834472656,-41.214054107666016
52200,261,-131.94359682480365,200,0.1,2.106356620788574,37.31083679199219,-38.56419372558594
52400,262,-251.20632180703504,200,0.1,1.557373046875,41.563201904296875,-42.996524810791016
52600,263,-131.1930351667054,200,0.1,3.2308311462402344,40.013755798339844,-41.49038314819336
52800,264,-133.77415005071063,200,0.1,2.693100929260254,40.07374954223633,-41.48124694824219
53000,265,-129.25781753400665,200,0.1,2.290379047393799,40.31167221069336,-41.746490478515625
53200,266,-127.14238129183265,200,0.1,2.4195947647094727,43.93668746948242,-45.85020065307617
53400,267,-137.67951727725875,200,0.1,1.8236973285675049,40.32945251464844,-41.93122100830078
53600,268,-250.77066666406213,200,0.1,1.6580462455749512,41.95478820800781,-43.10124206542969
53800,269,-130.64430102748403,200,0.1,4.785907745361328,48.66412353515625,-50.412925720214844
54000,270,-135.20087210129222,200,0.1,1.8060088157653809,41.48759078979492,-42.82296371459961
54200,271,-124.70212074631672,200,0.1,1.909449815750122,40.148155212402344,-41.619667053222656
54400,272,-134.83523621794143,200,0.1,2.4972152709960938,48.937477111816406,-50.96749496459961
54600,273,-126.29654482454312,200,0.1,1.6471822261810303,41.077110290527344,-42.63903045654297
54800,274,-325.0682828831665,200,0.1,3.586869716644287,44.486656188964844,-46.108741760253906
55000,275,-234.351927406824,200,0.1,2.777097702026367,41.81315231323242,-43.771366119384766
55200,276,-128.58841755970712,200,0.1,1.2331700325012207,40.4570198059082,-41.55293273925781
55400,277,-10.026576110904527,200,0.1,1.640631079673767,41.651817321777344,-43.222015380859375
55600,278,-131.86518452536552,200,0.1,1.6129584312438965,48.75768280029297,-50.106239318847656
55800,279,-258.30886416094637,200,0.1,1.8738839626312256,44.77472686767578,-46.397377014160156
56000,280,-356.00378759318227,200,0.1,1.7325818538665771,48.29705810546875,-49.89356994628906
56200,281,-14.188992567904572,200,0.1,2.8695616722106934,39.89762878417969,-41.28292465209961
56400,282,-136.49829239287234,200,0.1,1.0283479690551758,42.12593460083008,-44.0505485534668
56600,283,-129.9059330176836,200,0.1,1.9860047101974487,44.350311279296875,-45.72412109375
56800,284,-135.80337232377775,200,0.1,1.4399807453155518,41.805355072021484,-43.666629791259766
57000,285,-241.47911444726194,200,0.1,2.7050371170043945,41.371822357177734,-42.936378479003906
57200,286,-14.598716594473677,200,0.1,3.8576745986938477,46.14302444458008,-48.00593566894531
57400,287,-246.59465112232908,200,0.1,1.2327378988265991,44.75043869018555,-46.60665512084961
57600,288,-129.42227540509657,200,0.1,2.664188861846924,44.10102844238281,-45.86663055419922
57800,289,-255.57081597916607,200,0.1,1.194037914276123,42.1944580078125,-44.18788146972656
58000,290,-134.47729912878208,200,0.1,2.523317813873291,49.492088317871094,-51.52560806274414
58200,291,-127.89943138324035,200,0.1,2.631089210510254,45.66215896606445,-47.35348129272461
58400,292,-128.01229828272668,200,0.1,1.2963805198669434,42.26659393310547,-44.290283203125
58600,293,-130.88361306173016,200,0.1,1.6007449626922607,45.048057556152344,-46.24015808105469
58800,294,-133.79145868764084,200,0.1,2.551581621170044,44.433799743652344,-45.7012825012207
59000,295,-243.6073210146125,200,0.1,5.946413993835449,40.337528228759766,-41.915409088134766
59200,296,-133.72518958096506,200,0.1,2.5580859184265137,38.957244873046875,-40.51100158691406
59400,297,-241.66537836746667,200,0.1,1.3692009449005127,45.6181526184082,-47.129432678222656
59600,298,-13.497241562344966,200,0.1,2.2762060165405273,40.52825927734375,-42.24247741699219
59800,299,-131.6605851488721,200,0.1,3.8357882499694824,41.24098587036133,-42.838111877441406
60000,300,-135.6390394710119,200,0.1,3.89152193069458,38.42033386230469,-39.640384674072266
60200,301,-134.96075470575852,200,0.1,3.3443117141723633,44.692420959472656,-47.1693229675293
60400,302,-127.9928729998525,200,0.1,2.614074945449829,44.423091888427734,-46.0785026550293
60600,303,-128.303698296661,200,0.1,2.359346628189087,42.07823181152344,-43.53570556640625
60800,304,-136.716779068161,200,0.1,4.593868255615234,45.985633850097656,-47.817100524902344
61000,305,-130.87278700957205,200,0.1,2.4729952812194824,41.270599365234375,-42.92502212524414
61200,306,-243.97656276015724,200,0.1,2.4465184211730957,41.780052185058594,-43.12349319458008
61400,307,-134.2031127331295,200,0.1,2.289130926132202,42.456634521484375,-43.70664596557617
61600,308,-133.31295912157293,200,0.1,1.6294877529144287,39.1053352355957,-40.37644577026367
61800,309,-126.9308396078916,200,0.1,2.280947685241699,46.393096923828125,-47.77055740356445
62000,310,-13.479273605623211,200,0.1,8.472098350524902,39.718441009521484,-41.00648498535156
62200,311,-250.96123640384477,200,0.1,2.759274482727051,42.306602478027344,-43.74368667602539
62400,312,-13.721315944309358,200,0.1,1.8375327587127686,45.06409454345703,-47.07044219970703
62600,313,-134.99564139453054,200,0.1,2.543900966644287,40.50090026855469,-41.514347076416016
62800,314,-239.24622153515494,200,0.1,2.0137786865234375,42.71611785888672,-43.90655517578125
63000,315,-125.93363326344523,200,0.1,3.4399824142456055,36.90931701660156,-38.040523529052734
63200,316,-336.10452583405146,200,0.1,4.230883598327637,42.01533126831055,-43.545406341552734
63400,317,-254.45623841655782,200,0.1,2.263129234313965,36.26533508300781,-37.66545104980469
63600,318,-244.36744798703913,200,0.1,1.3425896167755127,42.906463623046875,-43.749366760253906
63800,319,-130.90783221074176,200,0.1,1.6420223712921143,32.76301956176758,-33.851829528808594
64000,320,-127.65836485863196,200,0.1,1.9901589155197144,43.417335510253906,-45.30335998535156
64200,321,-133.70196971685854,200,0.1,2.2618420124053955,53.02622604370117,-54.425193786621094
64400,322,-131.98386167589544,200,0.1,2.54107403755188,43.08353042602539,-44.534481048583984
64600,323,-131.99196722036535,200,0.1,3.4644362926483154,41.38798904418945,-42.38072204589844
64800,324,-130.27670946002678,200,0.1,1.3537545204162598,36.39380645751953,-37.67948532104492
65000,325,-14.611910159396256,200,0.1,2.171175718307495,45.10277557373047,-46.512935638427734
65200,326,-250.6471820668022,200,0.1,1.571808099746704,42.51572799682617,-44.07621383666992
65400,327,-135.51777563809046,200,0.1,5.3916168212890625,44.977996826171875,-46.4639778137207
65600,328,-250.00101354390313,200,0.1,1.7608051300048828,41.887901306152344,-43.266937255859375
65800,329,-128.12559819597416,200,0.1,2.873776435852051,40.41826248168945,-41.65292739868164
66000,330,-359.10107385198035,200,0.1,1.5532158613204956,44.52613830566406,-45.77679443359375
66200,331,-133.26345836262269,200,0.1,2.800393581390381,39.174800872802734,-40.7972412109375
66400,332,-251.58135452743278,200,0.1,1.7500823736190796,51.170265197753906,-52.96929931640625
66600,333,-238.30895536683178,200,0.1,1.4010131359100342,41.370914459228516,-43.25906753540039
66800,334,-137.3622079994696,200,0.1,3.5783956050872803,40.17308044433594,-41.34587478637695
67000,335,-133.33619803771526,200,0.1,4.561220169067383,40.110782623291016,-41.10692596435547
67200,336,-253.66343751869377,200,0.1,1.947556734085083,44.433067321777344,-45.63459777832031
67400,337,-244.51138515366412,200,0.1,2.026524543762207,46.173519134521484,-47.6080207824707
67600,338,-127.10010043149673,200,0.1,1.8391599655151367,36.814208984375,-38.300880432128906
67800,339,-133.2263602533037,200,0.1,1.2330865859985352,37.98802947998047,-38.748756408691406
68000,340,-128.75245426320905,200,0.1,1.6940743923187256,33.90913009643555,-35.12438201904297
68200,341,-136.56662416727764,200,0.1,3.396745204925537,39.33756637573242,-40.717044830322266
68400,342,-136.8451713310556,200,0.1,1.7097792625427246,43.459007263183594,-45.138729095458984
68600,343,-131.92045099966174,200,0.1,2.85451602935791,44.45392608642578,-45.596702575683594
68800,344,-131.66516332951954,200,0.1,7.690412521362305,41.947898864746094,-43.144676208496094
69000,345,-134.41969177422064,200,0.1,3.9085617065429688,41.89348220825195,-43.40304183959961
69200,346,-129.13835853564504,200,0.1,1.7022209167480469,43.90896224975586,-44.592018127441406
69400,347,-130.49958648467117,200,0.1,2.7829604148864746,41.223697662353516,-42.348594665527344
69600,348,-128.41879753457735,200,0.1,2.7574472427368164,42.37567901611328,-44.023780822753906
69800,349,-133.82590310389566,200,0.1,1.0294129848480225,39.77707290649414,-40.80901336669922
70000,350,-244.63147008056836,200,0.1,1.012751579284668,43.11684799194336,-44.297637939453125
70200,351,-133.83520558355306,200,0.1,3.32078218460083,46.667640686035156,-48.15852355957031
70400,352,-130.00866260031913,200,0.1,1.6085795164108276,40.80181121826172,-42.02791213989258
70600,353,-130.9266475823212,200,0.1,1.1101685762405396,42.489192962646484,-43.450069427490234
70800,354,-134.69369112724317,200,0.1,1.3915128707885742,33.75914001464844,-34.644554138183594
71000,355,-128.7846561983336,200,0.1,1.4583384990692139,44.56523895263672,-45.4873161315918
71200,356,-129.91629941465536,200,0.1,1.4241738319396973,41.98930358886719,-43.07246017456055
71400,357,-129.79980711254444,200,0.1,2.5341646671295166,44.704593658447266,-45.96110153198242
71600,358,-137.17505174814525,200,0.1,1.543662667274475,40.299041748046875,-41.1013069152832
71800,359,-13.427001535659167,200,0.1,5.456945419311523,38.1728401184082,-39.52871322631836
72000,360,-237.411872188293,200,0.1,10.214921951293945,34.04386901855469,-34.87651824951172
72200,361,-133.9852460339382,200,0.1,1.5189013481140137,43.497032165527344,-44.77024459838867
72400,362,-249.63184897903022,200,0.1,0.8942694067955017,44.848270416259766,-45.799461364746094
72600,363,-237.67922072015384,200,0.1,1.0744787454605103,39.27187728881836,-40.09520721435547
72800,364,-250.77520623782755,200,0.1,2.801668167114258,38.27024841308594,-39.614227294921875
73000,365,-126.39008631838502,200,0.1,1.729217767715454,42.88667678833008,-43.98649978637695
73200,366,-248.90772990870465,200,0.1,2.676290988922119,41.792842864990234,-42.97099304199219
73400,367,-136.12514725860808,200,0.1,1.1669976711273193,39.290618896484375,-39.99854278564453
73600,368,-130.77451123905095,200,0.1,0.9562771320343018,37.60214614868164,-38.701148986816406
73800,369,-127.67999295240617,200,0.1,0.9424450993537903,39.154518127441406,-40.398277282714844
74000,370,-126.03773452257731,200,0.1,2.0005669593811035,45.43349075317383,-46.72591781616211
74200,371,-132.09140678901923,200,0.1,2.963134765625,43.268497467041016,-44.703704833984375
74400,372,-130.94539369809817,200,0.1,2.6140329837799072,43.47660827636719,-44.661598205566406
74600,373,-247.52702208587334,200,0.1,1.3574942350387573,41.113285064697266,-42.260948181152344
74800,374,-245.356915837973,200,0.1,2.0297434329986572,38.96000289916992,-40.042327880859375
75000,375,-234.95218104984346,200,0.1,1.3595530986785889,35.354042053222656,-36.00022506713867
75200,376,-12.54363471136108,200,0.1,1.474219799041748,42.09922790527344,-43.261898040771484
75400,377,-130.80835510509692,200,0.1,2.49185848236084,39.34808349609375,-40.482154846191406
75600,378,-12.98450371358886,200,0.1,1.2565701007843018,44.5771484375,-45.87127685546875
75800,379,-135.91409147758307,200,0.1,2.4098565578460693,42.829444885253906,-43.674713134765625
76000,380,-124.58274660806221,200,0.1,2.4332058429718018,46.76066589355469,-47.47349548339844
76200,381,-124.3337368217437,200,0.1,1.411004662513733,40.347164154052734,-41.276554107666016
76400,382,-129.15880003684222,200,0.1,2.3577709197998047,42.684322357177734,-43.7608642578125
76600,383,-258.6755022048531,200,0.1,6.591423511505127,31.115032196044922,-31.76446533203125
76800,384,-12.575965648059805,200,0.1,1.0664844512939453,43.414794921875,-44.11753845214844
77000,385,-131.700004939408,200,0.1,2.585892677307129,42.944618225097656,-44.68510818481445
77200,386,-126.70540067535326,200,0.1,1.3935365676879883,40.76778030395508,-41.59449005126953
77400,387,-131.98479677717998,200,0.1,1.3512859344482422,40.8643684387207,-41.39667892456055
77600,388,-129.7744850445995,200,0.1,1.5434012413024902,44.021602630615234,-44.94365310668945
77800,389,-364.2014651813057,200,0.1,2.6192917823791504,38.91038513183594,-39.879913330078125
78000,390,-132.8465781519549,200,0.1,0.8913993835449219,35.165931701660156,-35.90327453613281
78200,391,-334.9115848136049,200,0.1,2.43215012550354,41.929805755615234,-43.36653137207031
78400,392,-127.66131599166273,200,0.1,0.9424000382423401,37.330684661865234,-37.971961975097656
78600,393,-133.71393199004294,200,0.1,1.9320785999298096,46.79005813598633,-47.9218864440918
78800,394,-129.38861579330094,200,0.1,18.220783233642578,33.24053955078125,-34.424095153808594
79000,395,-248.91446198261318,200,0.1,2.5260419845581055,35.19002151489258,-36.54007339477539
79200,396,-132.76484329876166,200,0.1,1.708167314529419,42.9014778137207,-43.703399658203125
79400,397,-12.95121823867822,200,0.1,1.7916100025177002,39.08171844482422,-40.04008102416992
79600,398,-127.75065056901676,200,0.1,0.7671356797218323,35.12944030761719,-36.432193756103516
79800,399,-131.64384211845464,200,0.1,0.8112784624099731,38.0418586730957,-38.84307098388672
80000,400,-127.57961558433414,200,0.1,1.3009408712387085,41.30897903442383,-42.36012268066406
80200,401,-131.95882871643806,200,0.1,1.6923671960830688,41.2589111328125,-42.691104888916016
80400,402,-130.92090186705582,200,0.1,1.3154923915863037,40.97345733642578,-41.634586334228516
80600,403,-133.72354392152522,200,0.1,1.4968808889389038,43.635498046875,-44.71346664428711
80800,404,-130.16265586988573,200,0.1,1.7761818170547485,40.90386199951172,-41.80237579345703
81000,405,-245.3722305985765,200,0.1,2.049734115600586,43.27838134765625,-43.964378356933594
81200,406,-234.78211779721363,200,0.1,1.4698305130004883,34.62613296508789,-35.20431900024414
81400,407,-126.3144786954359,200,0.1,1.9463491439819336,41.012733459472656,-41.96428680419922
81600,408,-136.31995893853428,200,0.1,1.8811266422271729,49.84073257446289,-50.846160888671875
81800,409,-130.2044430044844,200,0.1,1.7277116775512695,35.77278137207031,-36.803749084472656
82000,410,-12.208045520213991,200,0.1,2.9557647705078125,35.82498550415039,-36.42605209350586
82200,411,-250.09989630592895,200,0.1,3.1657490730285645,38.982357025146484,-39.58252716064453
82400,412,-129.3079275232569,200,0.1,1.7287571430206299,35.13817596435547,-35.8481330871582
82600,413,-247.49267632613248,200,0.1,1.955549716949463,41.53559875488281,-42.554561614990234
82800,414,-12.458528917295002,200,0.1,5.259575366973877,39.660831451416016,-40.253360748291016
83000,415,-125.41147178259726,200,0.1,1.950735092163086,39.20591354370117,-39.779502868652344
83200,416,-358.7709247811218,200,0.1,2.4944956302642822,42.677978515625,-43.824623107910156
83400,417,-252.18256675393968,200,0.1,1.5106325149536133,43.96577453613281,-44.63863754272461
83600,418,-133.02851430361076,200,0.1,5.007475852966309,37.2370491027832,-38.1187744140625
83800,419,-237.7611640053368,200,0.1,1.755988597869873,42.065582275390625,-42.835594177246094
84000,420,-124.55196452700186,200,0.1,1.1731257438659668,31.538799285888672,-32.21636962890625
84200,421,-125.23071505376647,200,0.1,0.6635146737098694,36.12710189819336,-36.759864807128906
84400,422,-134.47854747571736,200,0.1,1.5678577423095703,37.400970458984375,-37.969234466552734
84600,423,-135.6415948281219,200,0.1,2.2818844318389893,37.435218811035156,-38.29847717285156
84800,424,-128.69186372369552,200,0.1,1.1467480659484863,36.1500244140625,-37.042259216308594
85000,425,-237.65052441751493,200,0.1,0.9716312885284424,40.470306396484375,-41.51453399658203
85200,426,-12.746454101025526,200,0.1,1.4767818450927734,36.780704498291016,-37.63808822631836
85400,427,-135.59883291617578,200,0.1,2.4300670623779297,38.90177917480469,-39.585323333740234
85600,428,-133.9586402606879,200,0.1,1.2501554489135742,45.50740432739258,-46.460662841796875
85800,429,-12.81290301032817,200,0.1,1.9112205505371094,39.96824645996094,-41.140560150146484
86000,430,-127.00607889565683,200,0.1,2.3285961151123047,41.37177276611328,-42.20866394042969
86200,431,-255.90407851151636,200,0.1,1.7974534034729004,41.13051223754883,-42.154876708984375
86400,432,-134.0624048497356,200,0.1,2.336235523223877,38.19890594482422,-39.14700698852539
86600,433,-133.53391454119952,200,0.1,1.3554606437683105,41.93455505371094,-43.07460021972656
86800,434,-128.25323210204203,200,0.1,1.86794114112854,37.21725845336914,-37.99644088745117
87000,435,-127.10732180831766,200,0.1,0.8081935048103333,34.59579086303711,-35.11461639404297
87200,436,-127.8065438847823,200,0.1,1.1177802085876465,39.51050567626953,-40.485042572021484
87400,437,-128.78817150885112,200,0.1,1.0693871974945068,39.03680419921875,-39.76487731933594
87600,438,-237.84216051604702,200,0.1,1.7484633922576904,29.248857498168945,-30.331871032714844
87800,439,-376.03216107488197,200,0.1,1.2762662172317505,36.168212890625,-36.78499984741211
88000,440,-321.21046280375566,200,0.1,2.3871662616729736,37.93006134033203,-38.83498764038086
88200,441,-127.18203669974558,200,0.1,1.3115465641021729,38.11573791503906,-39.138832092285156
88400,442,-12.990649656209115,200,0.1,1.0782179832458496,34.97232437133789,-36.279685974121094
88600,443,-244.60627759246773,200,0.1,1.3799924850463867,37.49106979370117,-38.14197540283203
88800,444,-130.70019618273878,200,0.1,1.4088599681854248,36.75320816040039,-37.78720474243164
89000,445,-12.195886783761171,200,0.1,2.1973512172698975,41.924739837646484,-42.407630920410156
89200,446,-127.32646084549934,200,0.1,1.7406824827194214,36.309104919433594,-37.456634521484375
89400,447,-133.796666331878,200,0.1,1.1709566116333008,41.039127349853516,-41.72470474243164
89600,448,-235.99691674090747,200,0.1,1.9511070251464844,38.98267364501953,-39.54173278808594
89800,449,-247.42050174618254,200,0.1,1.1679716110229492,28.92220687866211,-29.808679580688477
90000,450,-13.649588710038946,200,0.1,2.7749295234680176,37.57952117919922,-38.74400329589844
90200,451,-134.90120323711625,200,0.1,1.6094696521759033,36.9135856628418,-37.387786865234375
90400,452,-305.8629892510542,200,0.1,1.4149854183197021,40.05950164794922,-41.31175994873047
90600,453,-128.17088165502463,200,0.1,2.888291120529175,36.712890625,-37.51706314086914
90800,454,-245.3355919349998,200,0.1,3.1085426807403564,41.23311996459961,-42.173240661621094
91000,455,-16.19502483885291,200,0.1,2.3314170837402344,34.54479217529297,-35.37284469604492
91200,456,-15.24595530644933,200,0.1,3.4778528213500977,39.27082824707031,-40.90968704223633
91400,457,-136.5863599106369,200,0.1,2.7707319259643555,32.63018798828125,-34.03218460083008
91600,458,-138.793134481199,200,0.1,2.3216910362243652,37.814971923828125,-38.67780685424805
91800,459,-241.93437763742583,200,0.1,3.532658100128174,41.258453369140625,-42.90594482421875
92000,460,-308.34581534684133,200,0.1,2.5143730640411377,36.576473236083984,-37.678627014160156
92200,461,-252.76694086397904,200,0.1,3.121337890625,42.9100227355957,-43.88895034790039
92400,462,-242.74842504838807,200,0.1,1.6826860904693604,38.32162857055664,-39.20786666870117
92600,463,-249.82284910071508,200,0.1,3.3525562286376953,38.09037780761719,-39.202369689941406
92800,464,-15.443867212071325,200,0.1,2.5808863639831543,36.32512664794922,-37.42229080200195
93000,465,-247.8854285404052,200,0.1,2.966279983520508,40.43398666381836,-42.01322555541992
93200,466,-128.30459271378163,200,0.1,2.2883810997009277,40.89420700073242,-42.893184661865234
93400,467,-14.911734187100855,200,0.1,2.0404443740844727,34.92625045776367,-35.801998138427734
93600,468,-127.39312948043738,200,0.1,2.3051745891571045,42.758583068847656,-43.831687927246094
93800,469,-15.211756213625206,200,0.1,1.221095085144043,38.59803771972656,-39.574947357177734
94000,470,-137.96994935328783,200,0.1,1.7041188478469849,34.67683029174805,-35.69640350341797
94200,471,-137.10630140263925,200,0.1,2.094791889190674,39.84152603149414,-40.70396423339844
94400,472,-15.388553916387144,200,0.1,1.9757226705551147,45.638214111328125,-46.73371887207031
94600,473,-130.04518516943457,200,0.1,3.8446128368377686,43.147918701171875,-44.177894592285156
94800,474,-130.15915054920137,200,0.1,6.660079002380371,39.51985168457031,-40.34765625
95000,475,-254.46272998826998,200,0.1,1.264036774635315,32.94405746459961,-33.70576858520508
95200,476,-249.57718206450028,200,0.1,3.0285592079162598,38.13394546508789,-39.33880615234375
95400,477,-251.6710823610791,200,0.1,1.902671456336975,38.17171859741211,-38.725433349609375
95600,478,-137.45946348339226,200,0.1,1.946427345275879,39.63005447387695,-40.423500061035156
95800,479,-131.41752925786656,200,0.1,2.1474812030792236,40.774723052978516,-41.464229583740234
96000,480,-130.09325873508766,200,0.1,2.098426103591919,40.92267608642578,-41.82618713378906
96200,481,-238.92339507484,200,0.1,1.1047930717468262,39.61174774169922,-40.64704895019531
96400,482,-131.8954501485754,200,0.1,2.1005074977874756,34.70940399169922,-35.661354064941406
96600,483,-243.6307473000946,200,0.1,1.898075819015503,36.630859375,-37.42936706542969
96800,484,-262.03219060803406,200,0.1,1.8110471963882446,35.60930633544922,-36.195892333984375
97000,485,-15.752197363810847,200,0.1,1.8053598403930664,35.71403884887695,-36.756710052490234
97200,486,-126.55360629291901,200,0.1,2.2877984046936035,39.183937072753906,-40.03249740600586
97400,487,-15.235223145914212,200,0.1,2.039853572845459,37.79939270019531,-38.87803649902344
97600,488,-347.2464079008551,200,0.1,11.258506774902344,38.115623474121094,-39.08941650390625
97800,489,-135.94849148765877,200,0.1,3.6969122886657715,39.12421798706055,-39.65986251831055
98000,490,-130.39503309077395,200,0.1,2.6943039894104004,33.15968704223633,-34.47779083251953
98200,491,-126.16460361955097,200,0.1,1.5258901119232178,41.32591247558594,-42.5632209777832
98400,492,-136.1955562243113,200,0.1,2.1793370246887207,44.221134185791016,-45.10829544067383
98600,493,-237.65286764241782,200,0.1,2.404024124145508,42.96107482910156,-44.02649688720703
98800,494,-239.15557823693672,200,0.1,3.296802043914795,34.48027038574219,-35.66440963745117
99000,495,-135.47376089044397,200,0.1,3.268862724304199,39.68589782714844,-40.268829345703125
99200,496,-250.34243210659886,200,0.1,2.921410322189331,37.557640075683594,-38.4261360168457
99400,497,-13.21988188194631,200,0.1,2.058663845062256,36.525089263916016,-37.2846794128418
99600,498,-124.7887518002757,200,0.1,1.2915129661560059,36.588623046875,-37.41775131225586
99800,499,-248.74459258930443,200,0.1,1.2593293190002441,35.8129768371582,-36.60255432128906
100000,500,-133.24715117505536,200,0.1,4.113328456878662,43.555580139160156,-44.17839813232422
100200,501,-334.01644424344335,200,0.1,3.8256192207336426,42.90957260131836,-43.77781295776367
100400,502,-241.70374595322824,200,0.1,1.2927637100219727,39.59666061401367,-40.55563735961914
100600,503,-131.6392461244962,200,0.1,2.3870887756347656,40.0754508972168,-40.94230270385742
100800,504,-340.7961180698342,200,0.1,1.019831895828247,35.23030471801758,-35.73292541503906
101000,505,-234.97331934173224,200,0.1,1.4421199560165405,38.92291259765625,-39.5167350769043
101200,506,-127.20863964929228,200,0.1,1.345536470413208,37.830684661865234,-38.69217300415039
101400,507,-123.95642227343393,200,0.1,0.9001914858818054,32.28947448730469,-32.65597915649414
101600,508,-250.77528700576843,200,0.1,1.1556308269500732,36.96854782104492,-37.641807556152344
101800,509,-133.99261093366425,200,0.1,0.8502713441848755,34.705101013183594,-35.049293518066406
102000,510,-133.81013873787447,200,0.1,1.8114571571350098,36.70222091674805,-37.43001174926758
102200,511,-244.4622461740466,200,0.1,1.284758448600769,35.49178695678711,-36.68095397949219
102400,512,-130.05551812008704,200,0.1,1.352306842803955,35.25679016113281,-35.57082748413086
102600,513,-129.8838439686305,200,0.1,8.300381660461426,32.52699279785156,-33.253204345703125
102800,514,-128.6221320601643,200,0.1,1.7105872631072998,36.027587890625,-37.18863296508789
103000,515,-130.04210286908892,200,0.1,1.8992263078689575,33.83148956298828,-34.664466857910156
103200,516,-245.1159437374828,200,0.1,0.7504216432571411,37.689476013183594,-38.268863677978516
103400,517,-124.94331788596922,200,0.1,2.4799728393554688,29.81886863708496,-30.385040283203125
103600,518,-128.8034640440046,200,0.1,0.9016348123550415,30.113067626953125,-30.838157653808594
103800,519,-121.94607744364788,200,0.1,1.6915900707244873,32.22345733642578,-33.05116653442383
104000,520,-128.01776602647521,200,0.1,1.0372058153152466,27.001625061035156,-27.6564998626709
104200,521,-126.7195800418626,200,0.1,3.0269742012023926,30.25052261352539,-30.79674530029297
104400,522,-369.6016389698212,200,0.1,0.656070351600647,31.23046875,-31.8478946685791
104600,523,-319.2448692237833,200,0.1,1.0220671892166138,30.63170623779297,-30.895212173461914
104800,524,-243.16249576166445,200,0.1,1.7487242221832275,28.989582061767578,-29.725414276123047
105000,525,-128.96366811359778,200,0.1,1.6150941848754883,28.277456283569336,-28.496440887451172
105200,526,-129.54699069995567,200,0.1,2.196589946746826,28.538515090942383,-29.30021858215332
105400,527,-10.009147848546565,200,0.1,1.3890671730041504,32.662601470947266,-33.52109146118164
105600,528,-242.10037212648564,200,0.1,1.0672026872634888,30.158775329589844,-30.352951049804688
105800,529,-241.3312713943814,200,0.1,3.4802908897399902,31.061992645263672,-31.318405151367188
106000,530,-134.7965697554489,200,0.1,0.4541606605052948,29.674198150634766,-30.29208755493164
106200,531,-121.97707376074254,200,0.1,1.0555849075317383,28.656721115112305,-28.662460327148438
106400,532,-123.07026936638252,200,0.1,1.4733238220214844,27.018230438232422,-27.64266014099121
106600,533,-133.9361323643794,200,0.1,0.5489220023155212,23.33694076538086,-23.695594787597656
106800,534,-9.629906534594785,200,0.1,4.713259696960449,30.154224395751953,-30.716773986816406
107000,535,-330.8359838819014,200,0.1,1.0220963954925537,28.385028839111328,-28.837858200073242
107200,536,-122.06912008796918,200,0.1,0.8924840688705444,27.39531135559082,-27.735912322998047
107400,537,-132.44173518158635,200,0.1,2.4439280033111572,24.488880157470703,-24.759180068969727
107600,538,-134.16352815775645,200,0.1,0.8447479009628296,29.9010066986084,-30.392059326171875
107800,539,-359.0320267336645,200,0.1,0.8203603625297546,28.408933639526367,-28.899547576904297
108000,540,-127.22215452983133,200,0.1,0.7730309963226318,26.274396896362305,-26.796375274658203
108200,541,-125.20628905104971,200,0.1,1.3688085079193115,31.859046936035156,-31.942232131958008
108400,542,-357.6518164182643,200,0.1,1.0061967372894287,23.97029685974121,-24.039382934570312
108600,543,-8.459610089266944,200,0.1,1.1805598735809326,30.30677032470703,-30.667152404785156
108800,544,-130.13845818708288,200,0.1,1.9998819828033447,29.805360794067383,-30.212764739990234
109000,545,-126.15493866710287,200,0.1,1.793625831604004,28.14806365966797,-28.604324340820312
109200,546,-123.30329859731127,200,0.1,0.7776983976364136,25.96384620666504,-26.31812858581543
109400,547,-250.76722414042118,200,0.1,2.333220958709717,30.276395797729492,-30.46082305908203
109600,548,-124.7133217877839,200,0.1,1.2494704723358154,25.242279052734375,-25.73138999938965
109800,549,-243.88250737895504,200,0.1,1.7740434408187866,26.975067138671875,-27.095003128051758
110000,550,-129.49250768444114,200,0.1,0.9301432371139526,27.984424591064453,-28.58036994934082
110200,551,-260.53528880096576,200,0.1,0.9126176834106445,24.663122177124023,-25.084667205810547
110400,552,-236.54210782918346,200,0.1,2.0838704109191895,30.675785064697266,-31.50585174560547
110600,553,-125.5213553887933,200,0.1,2.0511980056762695,26.285593032836914,-26.815664291381836
110800,554,-347.95900977759675,200,0.1,0.8687177896499634,31.79883575439453,-32.21839141845703
111000,555,-121.07229964613397,200,0.1,0.7478072643280029,25.843339920043945,-26.30118179321289
111200,556,-125.27413801974531,200,0.1,4.103463172912598,25.68796730041504,-26.053348541259766
111400,557,-125.27172533032478,200,0.1,1.1498878002166748,31.592281341552734,-32.082557678222656
111600,558,-129.26147223722398,200,0.1,0.6059198379516602,25.499225616455078,-25.6873722076416
111800,559,-121.35777703744748,200,0.1,2.908365249633789,30.736913681030273,-31.070383071899414
112000,560,-8.459171312783562,200,0.1,0.8174503445625305,26.223773956298828,-26.619396209716797
112200,561,-124.66924085110767,200,0.1,0.8973981142044067,25.95477867126465,-26.178531646728516
112400,562,-132.19911477100422,200,0.1,0.9741036295890808,28.3431453704834,-28.42577362060547
112600,563,-128.45655883499748,200,0.1,0.9986785650253296,27.08570098876953,-27.705236434936523
112800,564,-127.27513742004248,200,0.1,0.45734500885009766,26.063426971435547,-26.379413604736328
113000,565,-6.701659049927457,200,0.1,0.5611679553985596,22.676097869873047,-22.741769790649414
113200,566,-235.10767815931243,200,0.1,1.258906602859497,25.484909057617188,-26.07386016845703
113400,567,-128.664518859373,200,0.1,0.5842669606208801,26.732040405273438,-27.07463264465332
113600,568,-120.66112592859801,200,0.1,1.0792763233184814,26.65013313293457,-26.795164108276367
113800,569,-125.69581950429023,200,0.1,0.9541406631469727,29.041988372802734,-29.575294494628906
114000,570,-125.27807212045109,200,0.1,4.0022783279418945,28.364887237548828,-28.574581146240234
114200,571,-125.54785535786742,200,0.1,0.486666202545166,27.233060836791992,-27.546234130859375
114400,572,-131.6105192915556,200,0.1,0.4644238352775574,24.488265991210938,-24.682523727416992
114600,573,-131.28297980813718,200,0.1,0.8690015077590942,23.293121337890625,-23.578571319580078
114800,574,-6.529250329137411,200,0.1,0.6199506521224976,26.766345977783203,-27.066307067871094
115000,575,-237.55533158651698,200,0.1,3.9087352752685547,25.08253288269043,-25.403282165527344
115200,576,-119.98810845006503,200,0.1,1.078106164932251,22.67708396911621,-22.882299423217773
115400,577,-130.4361691792385,200,0.1,1.4154646396636963,28.734477996826172,-28.909914016723633
115600,578,-128.07787423915846,200,0.1,0.6646355390548706,26.655447006225586,-27.038490295410156
115800,579,-127.17829221740404,200,0.1,2.1166653633117676,29.779972076416016,-29.667631149291992
116000,580,-230.4663733937485,200,0.1,1.1601760387420654,26.509586334228516,-26.798343658447266
116200,581,-7.732051997281871,200,0.1,1.6924166679382324,29.11225700378418,-29.23155403137207
116400,582,-122.83552563874717,200,0.1,1.4608609676361084,27.562149047851562,-27.64530372619629
116600,583,-237.4661954760683,200,0.1,1.03512704372406,25.53984832763672,-25.660398483276367
116800,584,-242.47610283814208,200,0.1,0.8499321937561035,28.823453903198242,-29.291210174560547
117000,585,-127.40865237302889,200,0.1,0.37672561407089233,26.935651779174805,-27.117996215820312
117200,586,-124.7488877962231,200,0.1,1.457282543182373,26.617393493652344,-27.02665138244629
117400,587,-125.27172619616712,200,0.1,0.39967024326324463,26.548118591308594,-26.485105514526367
117600,588,-323.34623030433255,200,0.1,0.709414005279541,23.010986328125,-23.459117889404297
117800,589,-130.76907706617092,200,0.1,0.49243977665901184,24.772165298461914,-24.66977310180664
118000,590,-126.67495751936475,200,0.1,4.287694931030273,28.78547477722168,-29.041648864746094
118200,591,-126.61826787898586,200,0.1,0.6199385523796082,24.440372467041016,-24.70539665222168
118400,592,-231.6316441717087,200,0.1,0.9888242483139038,26.513994216918945,-26.704391479492188
118600,593,-128.6400748734357,200,0.1,3.1245839595794678,26.688566207885742,-27.00145721435547
118800,594,-132.1481827861648,200,0.1,0.9957852959632874,26.371335983276367,-26.687280654907227
119000,595,-140.73063759143412,200,0.1,0.6834313869476318,23.41655731201172,-23.700098037719727
119200,596,-140.15617490046566,200,0.1,1.7661303281784058,26.59090805053711,-26.881534576416016
119400,597,-131.41272582237494,200,0.1,0.7084425091743469,29.451793670654297,-29.37745475769043
119600,598,-357.25971924251076,200,0.1,0.7423198223114014,27.86421012878418,-28.20232582092285
119800,599,-134.0749119934595,200,0.1,1.44048273563385,25.715579986572266,-25.703346252441406
120000,600,-127.21117598472064,200,0.1,4.125626564025879,27.1243896484375,-27.0966796875
120200,601,-137.9480053642318,200,0.1,4.50428581237793,24.14488410949707,-24.323974609375
120400,602,-133.30586874890753,200,0.1,1.780465841293335,27.82066535949707,-27.842979431152344
120600,603,-127.37337592422463,200,0.1,0.8929623365402222,25.92227554321289,-26.155141830444336
120800,604,-126.54846015392506,200,0.1,1.8652986288070679,27.37228775024414,-27.788463592529297
121000,605,-251.78866128524947,200,0.1,1.1697733402252197,25.645906448364258,-25.947528839111328
121200,606,-129.56356419382922,200,0.1,2.8505654335021973,28.691619873046875,-29.069297790527344
121400,607,-136.21309675809732,200,0.1,1.8938953876495361,28.050437927246094,-28.31446647644043
121600,608,-16.05523126801916,200,0.1,5.305516719818115,28.022056579589844,-28.431068420410156
121800,609,-136.08238676687637,200,0.1,8.720196723937988,24.799095153808594,-24.767873764038086
122000,610,-138.29832959514547,200,0.1,2.1154394149780273,27.16964340209961,-27.551654815673828
122200,611,-133.41193722521686,200,0.1,2.303112506866455,29.509641647338867,-29.182830810546875
122400,612,-256.1491109388129,200,0.1,2.936995506286621,31.188629150390625,-31.37139129638672
122600,613,-131.7679486457407,200,0.1,4.487226486206055,24.746845245361328,-24.519880294799805
122800,614,-242.84176184195746,200,0.1,2.8216843605041504,28.516042709350586,-28.72016143798828
123000,615,-349.6560978417975,200,0.1,3.7791903018951416,32.279293060302734,-32.45724105834961
123200,616,-141.73407400905685,200,0.1,3.735978841781616,28.64441680908203,-28.779130935668945
123400,617,-366.711656753235,200,0.1,3.3068222999572754,27.47169303894043,-27.76813316345215
123600,618,-18.761878583233848,200,0.1,4.713543891906738,27.312959671020508,-27.87040138244629
123800,619,-253.63732727061569,200,0.1,2.1913986206054688,29.702550888061523,-29.77447509765625
124000,620,-250.68065869057543,200,0.1,8.453481674194336,29.473012924194336,-29.92074203491211
124200,621,-139.29813442772627,200,0.1,4.047601699829102,30.28383445739746,-31.418777465820312
124400,622,-118.58273431224374,200,0.1,2.0700502395629883,28.03033447265625,-28.935089111328125
124600,623,-258.93733820109577,200,0.1,1.068806767463684,27.526456832885742,-28.203290939331055
124800,624,-231.53827436341209,200,0.1,1.3774960041046143,26.52312660217285,-27.373022079467773
125000,625,-129.27398490843035,200,0.1,3.164141893386841,26.6405086517334,-27.4952392578125
125200,626,-3.8833617648366947,200,0.1,2.7218194007873535,27.13886833190918,-28.005016326904297
125400,627,-246.48317353260654,200,0.1,0.7875884771347046,26.01241683959961,-26.421756744384766
125600,628,-368.5366437465555,200,0.1,1.3875722885131836,28.612159729003906,-28.878564834594727
125800,629,-247.05795328151214,200,0.1,1.2077085971832275,28.245990753173828,-28.66890525817871
126000,630,-4.670771293736194,200,0.1,1.060339093208313,24.68368148803711,-25.073558807373047
126200,631,-245.75964858739982,200,0.1,1.492720603942871,26.52427101135254,-26.94650650024414
126400,632,-238.60180763123074,200,0.1,1.899644136428833,24.986541748046875,-25.23736572265625
126600,633,-243.36097052417594,200,0.1,0.8476929664611816,26.34487533569336,-26.547903060913086
126800,634,-238.9387910224793,200,0.1,1.5803637504577637,23.569826126098633,-23.695085525512695
127000,635,-242.54963697721504,200,0.1,2.1919524669647217,29.139253616333008,-29.629247665405273
127200,636,-127.02969325114327,200,0.1,1.34237802028656,27.774612426757812,-28.128108978271484
127400,637,-127.84857468597033,200,0.1,1.0605838298797607,24.357421875,-24.794178009033203
127600,638,-124.87207832859704,200,0.1,0.6162160634994507,25.412851333618164,-25.612619400024414
127800,639,-234.63050375650548,200,0.1,0.8577700853347778,22.314565658569336,-22.476545333862305
128000,640,-130.88768831059303,200,0.1,0.8476731777191162,22.417150497436523,-22.576234817504883
128200,641,-250.63322440122664,200,0.1,1.7024171352386475,25.141401290893555,-25.088333129882812
128400,642,-9.507527690943975,200,0.1,0.5491610169410706,21.989900588989258,-22.066282272338867
128600,643,-233.54816607124025,200,0.1,1.873740792274475,23.878795623779297,-23.79022216796875
128800,644,-135.26739663513095,200,0.1,1.9717681407928467,22.968040466308594,-22.826013565063477
129000,645,-136.9468401679885,200,0.1,0.576370894908905,24.737314224243164,-25.051227569580078
129200,646,-135.59042999106865,200,0.1,0.5479307174682617,23.301315307617188,-23.463726043701172
129400,647,-13.484617215864949,200,0.1,0.7113242149353027,24.849403381347656,-24.89118003845215
129600,648,-136.0694411266709,200,0.1,1.1623830795288086,25.038532257080078,-25.255430221557617
129800,649,-131.60057751843578,200,0.1,1.426511526107788,26.708053588867188,-26.75740623474121
130000,650,-13.423583800660685,200,0.1,1.1879432201385498,24.34988021850586,-24.454055786132812
130200,651,-249.31056709370014,200,0.1,0.5696835517883301,23.106359481811523,-23.21136474609375
130400,652,-136.01075452879724,200,0.1,1.9838637113571167,20.90981674194336,-21.116249084472656
130600,653,-135.49497942673767,200,0.1,0.8238378763198853,24.630645751953125,-24.937801361083984
130800,654,-132.73019099096788,200,0.1,0.40318530797958374,22.110769271850586,-21.925212860107422
131000,655,-135.60309690512383,200,0.1,1.4793701171875,21.946279525756836,-22.128345489501953
131200,656,-253.19339629254983,200,0.1,0.9232646226882935,27.517593383789062,-27.8164119720459
131400,657,-244.734334874256,200,0.1,1.0498924255371094,24.436309814453125,-24.142471313476562
131600,658,-246.90074678869908,200,0.1,0.4087088704109192,22.85234832763672,-22.971656799316406
131800,659,-356.57628452320205,200,0.1,0.6359905004501343,21.28587532043457,-21.488998413085938
132000,660,-15.56169783619565,200,0.1,1.3913300037384033,25.109729766845703,-25.229869842529297
132200,661,-130.81101203723702,200,0.1,1.4741504192352295,25.182674407958984,-25.443500518798828
132400,662,-241.9873279766473,200,0.1,1.3897192478179932,22.424352645874023,-23.70184898376465
132600,663,-351.36297430673267,200,0.1,2.5171103477478027,23.518016815185547,-23.839550018310547
132800,664,-133.50030878672888,200,0.1,4.824324607849121,25.155033111572266,-25.163110733032227
133000,665,-134.34613557146992,200,0.1,6.854250907897949,22.305538177490234,-22.704160690307617
133200,666,-134.31289972066153,200,0.1,11.61105728149414,25.6644229888916,-25.89886474609375
133400,667,-323.138432250988,200,0.1,3.8854894638061523,22.98194694519043,-23.465496063232422
133600,668,-20.672358052943864,200,0.1,6.210385322570801,25.790653228759766,-26.420679092407227
133800,669,-242.60784172630014,200,0.1,2.9372005462646484,27.10860252380371,-27.24379539489746
134000,670,-132.74262491633831,200,0.1,11.57797622680664,27.50583839416504,-27.60268211364746
134200,671,-20.96599736036103,200,0.1,13.410747528076172,26.104183197021484,-26.53921890258789
134400,672,-126.01058858776692,200,0.1,7.841246604919434,26.622913360595703,-26.884403228759766
134600,673,-333.99866295251206,200,0.1,7.898740768432617,23.913114547729492,-24.295024871826172
134800,674,-122.33624706691407,200,0.1,10.67996883392334,28.24662971496582,-28.22867774963379
135000,675,-123.8430068510853,200,0.1,16.144573211669922,28.785911560058594,-29.0405216217041
135200,676,-119.67002429810066,200,0.1,8.049072265625,28.146568298339844,-28.030712127685547
135400,677,-253.0211205344123,200,0.1,6.042818069458008,30.8875675201416,-31.290292739868164
135600,678,-132.8313590325607,200,0.1,12.32733154296875,29.341781616210938,-29.673480987548828
135800,679,-126.39282149530864,200,0.1,11.778610229492188,27.220657348632812,-28.063446044921875
136000,680,-232.65641964631934,200,0.1,6.755724906921387,32.62600326538086,-33.211544036865234
136200,681,-12.61775460239617,200,0.1,5.525181770324707,27.41506576538086,-28.34098243713379
136400,682,-137.84118563887316,200,0.1,7.234606742858887,31.351415634155273,-31.787067413330078
136600,683,-231.186297569941,200,0.1,4.650471210479736,29.706876754760742,-30.556495666503906
136800,684,-132.465844387967,200,0.1,4.517848014831543,30.37763023376465,-31.19666290283203
137000,685,-130.91918598293825,200,0.1,8.073253631591797,31.165119171142578,-32.51715087890625
137200,686,-4.432283920194459,200,0.1,9.560802459716797,28.58677864074707,-29.10336685180664
137400,687,-247.26741038332332,200,0.1,8.261516571044922,31.22249984741211,-32.15781021118164
137600,688,-348.3332274361958,200,0.1,6.15548849105835,29.89548110961914,-30.688879013061523
137800,689,-257.85827942286863,200,0.1,5.679226875305176,34.19286346435547,-35.105709075927734
138000,690,-228.1165361026807,200,0.1,8.704580307006836,30.926790237426758,-31.714170455932617
138200,691,-121.73422531834913,200,0.1,20.88930320739746,35.14766311645508,-36.148033142089844
138400,692,-232.27750802451112,200,0.1,8.727169036865234,30.553606033325195,-31.6182861328125
138600,693,-246.66624826632332,200,0.1,5.4479827880859375,34.3409538269043,-34.84181213378906
138800,694,-6.898813585556207,200,0.1,10.400230407714844,31.518220901489258,-32.69346237182617
139000,695,-233.76726205739502,200,0.1,8.255834579467773,29.05679702758789,-29.98299217224121
139200,696,-2.7518315567190506,200,0.1,6.363697052001953,29.341276168823242,-30.342111587524414
139400,697,-235.55568557405138,200,0.1,10.113119125366211,31.65778160095215,-32.487266540527344
139600,698,-121.87943275330007,200,0.1,7.734357833862305,33.071964263916016,-34.20653533935547
139800,699,-122.1641414741297,200,0.1,9.306451797485352,36.40960693359375,-37.24583435058594
140000,700,-118.13507313414586,200,0.1,5.835585594177246,32.76908493041992,-34.364158630371094
140200,701,-228.00690936617573,200,0.1,10.749868392944336,33.47086715698242,-34.31550598144531
140400,702,-238.72727068885075,200,0.1,11.704292297363281,34.575782775878906,-35.99252700805664
140600,703,-7.883972128409276,200,0.1,19.733015060424805,32.82406997680664,-34.28828048706055
140800,704,-131.86204067974862,200,0.1,8.119125366210938,34.203453063964844,-35.65315628051758
141000,705,-131.70773579361824,200,0.1,6.861752510070801,31.777408599853516,-33.41204071044922
141200,706,-365.5988933241247,200,0.1,6.841899871826172,36.29375076293945,-37.70932388305664
141400,707,-126.11289019774254,200,0.1,7.751160144805908,35.04643249511719,-36.52930450439453
141600,708,-2.545258707865496,200,0.1,7.790539264678955,33.209556579589844,-35.05232238769531
141800,709,-124.84693187577243,200,0.1,10.643078804016113,32.64767837524414,-34.22953796386719
142000,710,-116.68189181861153,200,0.1,12.374088287353516,33.084388732910156,-34.385162353515625
142200,711,-2.087878215193115,200,0.1,8.217050552368164,29.21685791015625,-30.989704132080078
142400,712,-123.19672472213817,200,0.1,9.025564193725586,33.37811279296875,-35.36909484863281
142600,713,-123.8276248095241,200,0.1,11.785722732543945,29.457794189453125,-31.44141387939453
142800,714,-1.6217366687972918,200,0.1,8.19700813293457,30.51772689819336,-32.419212341308594
143000,715,-116.88372899293518,200,0.1,13.29757308959961,27.90159034729004,-29.56876564025879
143200,716,-115.32439054944399,200,0.1,12.824234962463379,35.23178482055664,-37.205596923828125
143400,717,-1.8125332777397023,200,0.1,15.233205795288086,32.258365631103516,-34.27388381958008
143600,718,-119.15325134049836,200,0.1,19.68527603149414,34.98456573486328,-36.964599609375
143800,719,-118.77913637829802,200,0.1,11.899837493896484,31.49273681640625,-33.76100540161133
144000,720,-114.29701489829083,200,0.1,19.672466278076172,29.875106811523438,-31.61888313293457
144200,721,-123.18337280390082,200,0.1,16.842254638671875,31.967952728271484,-34.19828796386719
144400,722,-0.643195136974668,200,0.1,16.967403411865234,28.843294143676758,-31.111858367919922
144600,723,-118.9826818442459,200,0.1,8.728567123413086,33.044193267822266,-35.085384368896484
144800,724,-244.50589512276582,200,0.1,8.747550964355469,30.19390106201172,-32.438663482666016
145000,725,-125.10610428769807,200,0.1,15.989102363586426,29.764076232910156,-31.857162475585938
145200,726,-121.61543506946977,200,0.1,11.400897979736328,29.661256790161133,-31.22535514831543
145400,727,-126.22293389712434,200,0.1,15.975247383117676,29.904438018798828,-32.53666687011719
145600,728,-226.88179054513284,200,0.1,19.375410079956055,34.19111633300781,-36.000244140625
145800,729,-121.17371831768446,200,0.1,17.134654998779297,30.75649642944336,-32.969398498535156
146000,730,-118.33548224953167,200,0.1,19.215885162353516,32.6220703125,-35.13681411743164
146200,731,-128.1049858589568,200,0.1,18.56941032409668,28.879318237304688,-31.562305450439453
146400,732,-125.28137229477865,200,0.1,27.71847152709961,30.996511459350586,-33.343868255615234
146600,733,-249.21723777675567,200,0.1,25.916698455810547,30.085575103759766,-31.702478408813477
146800,734,-117.15216956611783,200,0.1,29.25086212158203,28.474945068359375,-31.29669761657715
147000,735,-126.33551545974585,200,0.1,16.45211410522461,29.506654739379883,-31.649803161621094
147200,736,-122.49019266017596,200,0.1,20.044246673583984,30.33216094970703,-32.97935104370117
147400,737,-122.61278148123532,200,0.1,31.859495162963867,32.14699935913086,-34.820167541503906
147600,738,-122.07891375395083,200,0.1,31.706523895263672,30.187604904174805,-32.75080871582031
147800,739,-115.95449834264761,200,0.1,25.095020294189453,30.398357391357422,-32.976600646972656
148000,740,-121.06242522821466,200,0.1,31.572582244873047,25.975980758666992,-28.755813598632812
148200,741,-117.383347474321,200,0.1,29.015892028808594,31.824073791503906,-33.908935546875
148400,742,-116.58680859366754,200,0.1,29.4642333984375,32.809959411621094,-35.74394226074219
148600,743,-238.88673321407316,200,0.1,33.24040222167969,30.835840225219727,-34.16395950317383
148800,744,-126.16396004253195,200,0.1,39.846290588378906,25.697893142700195,-28.146949768066406
149000,745,-126.25503101265195,200,0.1,35.72570037841797,29.157913208007812,-31.691150665283203
149200,746,-1.1246601257687716,200,0.1,44.57289123535156,39.06903076171875,-41.45808029174805
149400,747,-124.38245506209338,200,0.1,48.210113525390625,29.33610725402832,-31.679664611816406
149600,748,-234.33406772953035,200,0.1,41.74946975708008,35.650699615478516,-39.020652770996094
149800,749,-254.42940248789995,200,0.1,56.775962829589844,34.11899185180664,-35.97297668457031
150000,750,-123.9104492560179,200,0.1,46.53680419921875,34.936195373535156,-38.219154357910156
