global_step,episode,episode_return,episode_length,epsilon,loss,mean_q_value
820,1,-21.0,820,0.984439,,
1646,2,-21.0,826,0.968745,,
2463,3,-21.0,817,0.953222,,
3460,4,-19.0,997,0.934279,,
4377,5,-20.0,917,0.916856,,
5303,6,-20.0,926,0.899262,,
6121,7,-21.0,818,0.8837200000000001,,
7028,8,-21.0,907,0.866487,,
7790,9,-21.0,762,0.852009,,
8551,10,-21.0,761,0.83755,,
9314,11,-21.0,763,0.823053,,
10071,12,-21.0,757,0.80867,,
10829,13,-21.0,758,0.794268,,
11589,14,-21.0,760,0.779828,,
12346,15,-21.0,757,0.765445,,
13105,16,-21.0,759,0.751024,,
13862,17,-21.0,757,0.7366410000000001,,
14625,18,-21.0,763,0.722144,,
15383,19,-21.0,758,0.7077420000000001,,
16145,20,-21.0,762,0.6932640000000001,,
16905,21,-21.0,760,0.6788240000000001,,
17665,22,-21.0,760,0.6643840000000001,,
18426,23,-21.0,761,0.6499250000000001,,
19187,24,-21.0,761,0.6354660000000001,,
19949,25,-21.0,762,0.6209880000000001,,
20962,26,-19.0,1013,0.6017410000000001,0.01881268434226513,-0.009657894261181355
21805,27,-20.0,843,0.5857240000000001,0.01515231654047966,-0.024492483586072922
22658,28,-21.0,853,0.569517,0.023108500987291336,-0.04401581734418869
23510,29,-20.0,852,0.5533290000000001,0.0004057951446156949,-0.059196412563323975
24425,30,-20.0,915,0.535944,0.0038456644397228956,-0.09210524708032608
25295,31,-21.0,870,0.519414,0.002073828596621752,-0.12292768061161041
26320,32,-18.0,1025,0.499939,0.0043793306685984135,-0.16046921908855438
27142,33,-21.0,822,0.4843210000000001,0.0012671794975176454,-0.19260543584823608
28121,34,-20.0,979,0.46572,0.0015695201000198722,-0.2265995442867279
29174,35,-20.0,1053,0.445713,0.0012946035712957382,-0.22290955483913422
29998,36,-21.0,824,0.430057,0.0005269318935461342,-0.1350332796573639
30822,37,-21.0,824,0.414401,0.0008725246298126876,-0.21676105260849
31737,38,-21.0,915,0.39701600000000004,0.0010613033082336187,-0.26654690504074097
32547,39,-21.0,810,0.381626,0.0010181767866015434,-0.24922111630439758
33370,40,-21.0,823,0.3659890000000001,0.0013830887619405985,-0.3046084940433502
34449,41,-20.0,1079,0.34548800000000013,0.0006936402642168105,-0.299072802066803
35440,42,-21.0,991,0.32665900000000003,0.001960263354703784,-0.29949772357940674
36522,43,-21.0,1082,0.30610100000000007,0.0009806477464735508,-0.3287799656391144
37640,44,-20.0,1118,0.2848590000000001,0.0014578710542991757,-0.3477185070514679
38500,45,-20.0,860,0.26851900000000006,0.0010957269696518779,-0.3269336521625519
39397,46,-21.0,897,0.25147600000000014,0.0024758714716881514,-0.3195122480392456
40222,47,-21.0,825,0.23580100000000015,0.0020529674366116524,-0.32063233852386475
41241,48,-20.0,1019,0.21644000000000008,0.003243818646296859,-0.34700265526771545
42126,49,-21.0,885,0.19962500000000005,0.005865633487701416,-0.3994791507720947
43106,50,-20.0,980,0.18100500000000008,0.002761772833764553,-0.39409616589546204
44033,51,-19.0,927,0.1633920000000001,0.003209273563697934,-0.3571676015853882
45100,52,-19.0,1067,0.1431190000000001,0.0018824570579454303,-0.3413599133491516
46045,53,-21.0,945,0.12516400000000005,0.004537384491413832,-0.3910251557826996
46929,54,-21.0,884,0.10836800000000013,0.00425404217094183,-0.4182790517807007
47769,55,-21.0,840,0.09240800000000016,0.0020236733835190535,-0.40686750411987305
48731,56,-21.0,962,0.07413000000000014,0.0024872608482837677,-0.45088446140289307
49523,57,-21.0,792,0.05908200000000008,0.0012273597531020641,-0.49006402492523193
50347,58,-21.0,824,0.05,0.004531663376837969,-0.4883948266506195
51125,59,-21.0,778,0.05,0.0021336101926863194,-0.5094364881515503
51900,60,-21.0,775,0.05,0.0022371909581124783,-0.45856228470802307
52870,61,-21.0,970,0.05,0.005472943652421236,-0.4316445291042328
53651,62,-21.0,781,0.05,0.002462045755237341,-0.5097594857215881
54744,63,-20.0,1093,0.05,0.0013156618224456906,-0.5183925032615662
55529,64,-21.0,785,0.05,0.0016873988788574934,-0.4773837924003601
56471,65,-19.0,942,0.05,0.0014933599159121513,-0.47348105907440186
57259,66,-21.0,788,0.05,0.001984412083402276,-0.4951780438423157
58338,67,-19.0,1079,0.05,0.002728889463469386,-0.4949286878108978
59359,68,-20.0,1021,0.05,0.002856792416423559,-0.5722731351852417
60349,69,-21.0,990,0.05,0.0021015270613133907,-0.5418175458908081
61461,70,-21.0,1112,0.05,0.0048965211026370525,-0.5283714532852173
62279,71,-21.0,818,0.05,0.005785705987364054,-0.6357566714286804
63085,72,-21.0,806,0.05,0.0016938871704041958,-0.5227488279342651
63873,73,-21.0,788,0.05,0.004863119218498468,-0.5473378896713257
64691,74,-21.0,818,0.05,0.0020730486139655113,-0.6035526990890503
65531,75,-21.0,840,0.05,0.0020675607956945896,-0.5484355688095093
66677,76,-20.0,1146,0.05,0.0017469096928834915,-0.5179277658462524
67708,77,-21.0,1031,0.05,0.0035056225024163723,-0.5864199995994568
68793,78,-21.0,1085,0.05,0.0022435220889747143,-0.5581714510917664
70394,79,-21.0,1601,0.05,0.0018677315674722195,-0.5636193752288818
72110,80,-20.0,1716,0.05,0.00106099434196949,-0.5866595506668091
73090,81,-20.0,980,0.05,0.0024212771095335484,-0.5928818583488464
74248,82,-20.0,1158,0.05,0.001585682388395071,-0.5879449248313904
75648,83,-21.0,1400,0.05,0.0017557619139552116,-0.5389601588249207
76731,84,-21.0,1083,0.05,0.004151740111410618,-0.5791683197021484
77976,85,-19.0,1245,0.05,0.0018985256319865584,-0.6406189203262329
79514,86,-20.0,1538,0.05,0.0031049377284944057,-0.6957628130912781
80621,87,-21.0,1107,0.05,0.002403977792710066,-0.593194842338562
81964,88,-20.0,1343,0.05,0.006073478609323502,-0.5814880728721619
83329,89,-19.0,1365,0.05,0.002019466832280159,-0.5615120530128479
84631,90,-21.0,1302,0.05,0.0030196718871593475,-0.6347205638885498
86159,91,-20.0,1528,0.05,0.003389522898942232,-0.6428679823875427
87764,92,-20.0,1605,0.05,0.0018837896641343832,-0.5916451811790466
89152,93,-19.0,1388,0.05,0.0029881540685892105,-0.5995391607284546
90575,94,-20.0,1423,0.05,0.00143048248719424,-0.5581008791923523
92245,95,-18.0,1670,0.05,0.003334015840664506,-0.6040397882461548
93462,96,-20.0,1217,0.05,0.0016825273633003235,-0.6536378860473633
94618,97,-21.0,1156,0.05,0.00476771080866456,-0.6230675578117371
96074,98,-19.0,1456,0.05,0.0024271802976727486,-0.676947295665741
97544,99,-20.0,1470,0.05,0.00177496497053653,-0.743148148059845
99141,100,-19.0,1597,0.05,0.004040267784148455,-0.6207348704338074
100645,101,-20.0,1504,0.05,0.0057917083613574505,-0.5949399471282959
102063,102,-18.0,1418,0.05,0.007113784085959196,-0.6098377704620361
103385,103,-18.0,1322,0.05,0.0020187534391880035,-0.5687738060951233
104890,104,-19.0,1505,0.05,0.0024457592517137527,-0.6711440682411194
106762,105,-19.0,1872,0.05,0.002928991336375475,-0.575778603553772
108863,106,-19.0,2101,0.05,0.0033944156020879745,-0.588285505771637
111036,107,-14.0,2173,0.05,0.003999063745141029,-0.5998683571815491
113161,108,-19.0,2125,0.05,0.0011757535394281149,-0.5765368938446045
114936,109,-16.0,1775,0.05,0.0016162305837497115,-0.54698246717453
116904,110,-19.0,1968,0.05,0.0019070045091211796,-0.5571317076683044
118774,111,-20.0,1870,0.05,0.002327527152374387,-0.5244948267936707
120860,112,-16.0,2086,0.05,0.0038178442046046257,-0.5584992170333862
122823,113,-15.0,1963,0.05,0.004372802097350359,-0.5052224397659302
125156,114,-16.0,2333,0.05,0.0019771973602473736,-0.47564783692359924
127205,115,-18.0,2049,0.05,0.003860137891024351,-0.48012295365333557
129257,116,-20.0,2052,0.05,0.003861034754663706,-0.4755881130695343
130971,117,-21.0,1714,0.05,0.002151444088667631,-0.5175249576568604
132843,118,-19.0,1872,0.05,0.0019117143237963319,-0.5144973993301392
134404,119,-18.0,1561,0.05,0.0016982649685814977,-0.5210263133049011
136112,120,-19.0,1708,0.05,0.0014159693382680416,-0.5012927651405334
138252,121,-17.0,2140,0.05,0.00281024188734591,-0.4121028780937195
140448,122,-18.0,2196,0.05,0.00230044056661427,-0.420453816652298
142555,123,-18.0,2107,0.05,0.0019404166378080845,-0.4545704126358032
144874,124,-15.0,2319,0.05,0.0025739388074725866,-0.37041014432907104
147256,125,-15.0,2382,0.05,0.005905614234507084,-0.32734793424606323
149553,126,-14.0,2297,0.05,0.002935419324785471,-0.31263500452041626
151825,127,-17.0,2272,0.05,0.0025003054179251194,-0.3094753623008728
153774,128,-20.0,1949,0.05,0.0049834284000098705,-0.3171965479850769
155869,129,-16.0,2095,0.05,0.001634711166843772,-0.2956366240978241
157924,130,-19.0,2055,0.05,0.00221878569573164,-0.22752438485622406
159941,131,-19.0,2017,0.05,0.00251748226583004,-0.2738714814186096
161773,132,-16.0,1832,0.05,0.0029254599940031767,-0.26055461168289185
163845,133,-15.0,2072,0.05,0.002995322924107313,-0.22340644896030426
165909,134,-17.0,2064,0.05,0.0020915083587169647,-0.21717505156993866
168364,135,-13.0,2455,0.05,0.003303470090031624,-0.22899970412254333
170236,136,-19.0,1872,0.05,0.002885696478188038,-0.21030732989311218
172033,137,-17.0,1797,0.05,0.0038167310412973166,-0.1728118509054184
173954,138,-17.0,1921,0.05,0.0016377782449126244,-0.24454781413078308
176221,139,-17.0,2267,0.05,0.0028544901870191097,-0.15746602416038513
178392,140,-18.0,2171,0.05,0.0029900853987783194,-0.16392305493354797
180441,141,-18.0,2049,0.05,0.0019657956436276436,-0.15705975890159607
182277,142,-18.0,1836,0.05,0.004052428994327784,-0.13048964738845825
184362,143,-20.0,2085,0.05,0.0013567510759457946,-0.1453886479139328
186564,144,-15.0,2202,0.05,0.003739758860319853,-0.1616998016834259
188571,145,-15.0,2007,0.05,0.004066130146384239,-0.1617155373096466
190738,146,-17.0,2167,0.05,0.0016484602820128202,-0.14565326273441315
192782,147,-17.0,2044,0.05,0.002736450172960758,-0.13487130403518677
195022,148,-20.0,2240,0.05,0.0028763730078935623,-0.17670227587223053
197647,149,-18.0,2625,0.05,0.0034565217792987823,-0.14311501383781433
200206,150,-13.0,2559,0.05,0.002076611155644059,-0.11541904509067535
202929,151,-10.0,2723,0.05,0.0018262721132487059,-0.10921147465705872
205703,152,-14.0,2774,0.05,0.003802892519161105,-0.09345944225788116
207984,153,-14.0,2281,0.05,0.001413139165379107,-0.08861812949180603
210904,154,-13.0,2920,0.05,0.0018243802478536963,-0.12792165577411652
213414,155,-16.0,2510,0.05,0.002690845401957631,-0.06368663161993027
216738,156,-7.0,3324,0.05,0.002511544618755579,-0.11592401564121246
219339,157,-13.0,2601,0.05,0.0022757495753467083,-0.0880376398563385
221824,158,-14.0,2485,0.05,0.007425835356116295,-0.10632310062646866
224409,159,-16.0,2585,0.05,0.0031536787282675505,-0.06560394167900085
227162,160,-10.0,2753,0.05,0.0020077787339687347,0.04800945520401001
228881,161,-17.0,1719,0.05,0.001699891989119351,0.02741343528032303
231329,162,-13.0,2448,0.05,0.006461402401328087,-0.026882564648985863
234074,163,-16.0,2745,0.05,0.0029135115910321474,-0.03639814257621765
236291,164,-16.0,2217,0.05,0.0018356852233409882,0.019076650962233543
238639,165,-16.0,2348,0.05,0.006844318006187677,0.05538298189640045
241861,166,-9.0,3222,0.05,0.007352866232395172,0.0301853995770216
244769,167,-11.0,2908,0.05,0.00208945176564157,0.04454200714826584
247050,168,-19.0,2281,0.05,0.003094950458034873,0.06582815945148468
250584,169,-11.0,3534,0.05,0.002834644401445985,0.1335727423429489
253805,170,-13.0,3221,0.05,0.005430949851870537,0.1838066279888153
256718,171,-17.0,2913,0.05,0.002310022246092558,0.12369106709957123
258999,172,-15.0,2281,0.05,0.004671878647059202,0.14125092327594757
262271,173,-9.0,3272,0.05,0.003312089014798403,0.17408128082752228
265072,174,-13.0,2801,0.05,0.004088170826435089,0.22854259610176086
267857,175,-17.0,2785,0.05,0.002983109327033162,0.20897582173347473
270240,176,-17.0,2383,0.05,0.0061888801865279675,0.26636117696762085
273417,177,-9.0,3177,0.05,0.0019667968153953552,0.2702597677707672
276927,178,-11.0,3510,0.05,0.0055046239867806435,0.33498236536979675
279963,179,-11.0,3036,0.05,0.0017905418062582612,0.3388132154941559
282970,180,-13.0,3007,0.05,0.003059545299038291,0.3308851718902588
285998,181,-13.0,3028,0.05,0.0022194981575012207,0.3078994154930115
288626,182,-16.0,2628,0.05,0.003050880739465356,0.36567676067352295
291060,183,-16.0,2434,0.05,0.0038708471693098545,0.36565762758255005
293018,184,-16.0,1958,0.05,0.003300331998616457,0.3830675780773163
296462,185,-6.0,3444,0.05,0.005010470747947693,0.3392092287540436
299283,186,-12.0,2821,0.05,0.0022559980861842632,0.34526970982551575
301513,187,-19.0,2230,0.05,0.004282775800675154,0.31727513670921326
303868,188,-15.0,2355,0.05,0.002353911753743887,0.3942364454269409
306645,189,-12.0,2777,0.05,0.0020470242016017437,0.3304077386856079
309179,190,-14.0,2534,0.05,0.0020969444885849953,0.31109729409217834
311669,191,-13.0,2490,0.05,0.002557511907070875,0.40529388189315796
314977,192,-9.0,3308,0.05,0.003944725263863802,0.37797269225120544
317414,193,-14.0,2437,0.05,0.0029669455252587795,0.38652119040489197
320252,194,-14.0,2838,0.05,0.0025441586039960384,0.3947247564792633
323043,195,-15.0,2791,0.05,0.0025004977360367775,0.4294341802597046
326241,196,-15.0,3198,0.05,0.0029430848080664873,0.4010155200958252
328421,197,-19.0,2180,0.05,0.0020387303084135056,0.41978979110717773
331494,198,-9.0,3073,0.05,0.002823936054483056,0.4404161870479584
334778,199,-11.0,3284,0.05,0.0018858743133023381,0.4862135052680969
337262,200,-19.0,2484,0.05,0.003671998158097267,0.41266024112701416
340999,201,-5.0,3737,0.05,0.004068751819431782,0.4413093626499176
343985,202,-10.0,2986,0.05,0.0032191239297389984,0.40762460231781006
347248,203,-12.0,3263,0.05,0.001882106764242053,0.4553147852420807
350503,204,-14.0,3255,0.05,0.0037037208676338196,0.5107924342155457
353594,205,-12.0,3091,0.05,0.0023246249184012413,0.45271509885787964
355362,206,-16.0,1768,0.05,0.0025745758321136236,0.441219687461853
357809,207,-17.0,2447,0.05,0.005641947500407696,0.5166874527931213
360690,208,-10.0,2881,0.05,0.0020420013461261988,0.5159475207328796
362987,209,-18.0,2297,0.05,0.003015723545104265,0.5633605718612671
365664,210,-17.0,2677,0.05,0.0028230093885213137,0.48681381344795227
368578,211,-13.0,2914,0.05,0.0018702908419072628,0.5107010006904602
371646,212,-9.0,3068,0.05,0.0021668856497853994,0.551609992980957
375214,213,-6.0,3568,0.05,0.0020593381486833096,0.5330528616905212
377913,214,-15.0,2699,0.05,0.002959663514047861,0.5808156728744507
381061,215,-9.0,3148,0.05,0.0018743295222520828,0.5693491697311401
383776,216,-14.0,2715,0.05,0.0021823488641530275,0.5553262233734131
386641,217,-9.0,2865,0.05,0.0023449670989066362,0.5536261796951294
389569,218,-13.0,2928,0.05,0.0022991932928562164,0.5545951128005981
391991,219,-17.0,2422,0.05,0.003595363348722458,0.61155104637146
395179,220,-10.0,3188,0.05,0.003099368652328849,0.627709150314331
397963,221,-15.0,2784,0.05,0.0035723154433071613,0.5918817520141602
401938,222,-5.0,3975,0.05,0.003606557846069336,0.6122241020202637
405396,223,-10.0,3458,0.05,0.0016220062971115112,0.5865029692649841
409100,224,-8.0,3704,0.05,0.003040533745661378,0.5929254293441772
412330,225,-11.0,3230,0.05,0.002849712036550045,0.626288890838623
415653,226,-5.0,3323,0.05,0.005911764223128557,0.6297795176506042
418332,227,-12.0,2679,0.05,0.002021168125793338,0.6591381430625916
421893,228,-3.0,3561,0.05,0.002891665091738105,0.6825516223907471
425998,229,-5.0,4105,0.05,0.0028692930936813354,0.6666802763938904
428832,230,-13.0,2834,0.05,0.0025644528213888407,0.7037736773490906
431841,231,-7.0,3009,0.05,0.004052511416375637,0.7052445411682129
435742,232,-1.0,3901,0.05,0.002258612774312496,0.6938594579696655
438469,233,-8.0,2727,0.05,0.004404441453516483,0.7328038215637207
441329,234,-12.0,2860,0.05,0.0014764887746423483,0.7412301898002625
444309,235,-8.0,2980,0.05,0.003766036592423916,0.7255070805549622
447570,236,-5.0,3261,0.05,0.0013631520560011268,0.7035650014877319
450289,237,-11.0,2719,0.05,0.0025212103500962257,0.7784644365310669
453215,238,-7.0,2926,0.05,0.00221115886233747,0.7553386092185974
455518,239,-12.0,2303,0.05,0.0022912740241736174,0.7818421721458435
458541,240,-4.0,3023,0.05,0.002197444438934326,0.7633876800537109
461604,241,-7.0,3063,0.05,0.0019369939109310508,0.7691511511802673
464597,242,-3.0,2993,0.05,0.0027351342141628265,0.7333170175552368
467869,243,5.0,3272,0.05,0.002053213305771351,0.7773309946060181
471330,244,-5.0,3461,0.05,0.001708434196189046,0.8599695563316345
473934,245,-12.0,2604,0.05,0.0023158290423452854,0.803776741027832
476370,246,-12.0,2436,0.05,0.002582426182925701,0.819023847579956
479915,247,1.0,3545,0.05,0.0031429645605385303,0.8124616742134094
483809,248,-5.0,3894,0.05,0.003977471962571144,0.9131487607955933
486148,249,-12.0,2339,0.05,0.005794579163193703,0.9105896353721619
489401,250,-8.0,3253,0.05,0.0033882588613778353,0.8938475251197815
491897,251,-9.0,2496,0.05,0.007736848667263985,0.9322787523269653
495559,252,-3.0,3662,0.05,0.004099173471331596,0.891606867313385
498660,253,-4.0,3101,0.05,0.003082385752350092,0.9103237390518188
