global_step,case_store,source,cases_pruned,cases_replaced,case_entries,action_counts,bias_min,bias_mean,bias_max
580,critic,capacity_insert,89,0,491,,-0.0006614630692638457,0.00019379208970349282,0.0019004831556230783
672,critic,capacity_insert,83,0,500,,-0.0004999998491257429,0.0002786392578855157,0.0024004830047488213
790,actor,capacity_insert,25,0,489,"[247, 242]",-0.0020740728359669447,-7.361243478953838e-05,0.002697661751881242
790,critic,capacity_insert,116,2,500,,0.0,0.00039930868661031127,0.00268372381106019
867,actor,capacity_insert,25,0,487,"[241, 246]",-0.001709724310785532,1.2928637261211406e-05,0.002645454602316022
867,critic,capacity_insert,64,13,500,,0.0,0.00047438094043172896,0.003183723660185933
932,actor,capacity_insert,25,0,481,"[239, 242]",-0.001568894600495696,0.00010038508480647579,0.0027760209050029516
932,critic,capacity_insert,56,9,500,,0.0,0.0005479032988660038,0.0036837223451584578
1023,actor,capacity_insert,50,0,480,"[238, 242]",-0.00099895428866148,0.00023112207418307662,0.003095820778980851
1023,critic,capacity_insert,61,30,500,,0.0,0.0006031563389115036,0.004183721728622913
1023,actor,scheduled_batch_boundary,24,0,456,"[222, 234]",-0.0007500057108700275,0.00029174075461924076,0.003095820778980851
1173,actor,capacity_insert,75,0,480,"[238, 242]",-0.000498949084430933,0.0003879877913277596,0.0035263763274997473
1173,critic,capacity_insert,70,80,500,,0.0,0.0006926432834006846,0.004683721344918013
1290,actor,capacity_insert,50,0,487,"[250, 237]",-0.0004829294921364635,0.0004372866824269295,0.0040254537016153336
1290,critic,capacity_insert,47,70,500,,0.0,0.0007693276274949312,0.004683721344918013
1368,actor,capacity_insert,25,0,496,"[259, 237]",-0.0004997876239940524,0.00046413062955252826,0.003525497391819954
1368,critic,capacity_insert,61,17,500,,0.0,0.0008360117790289223,0.005183721426874399
1465,actor,capacity_insert,75,0,484,"[265, 219]",-0.0001245984749402851,0.0006068783695809543,0.004025275353342295
1465,critic,capacity_insert,42,55,500,,0.0,0.000894534750841558,0.0049774255603551865
1582,actor,capacity_insert,75,0,484,"[271, 213]",-3.01111867884174e-07,0.0006548069068230689,0.0035254836548119783
1582,critic,capacity_insert,50,67,500,,0.0,0.0009366017766296864,0.004790541250258684
1660,actor,capacity_insert,25,0,490,"[277, 213]",-3.8836238672956824e-05,0.0006408626795746386,0.0035498789511621
1660,critic,capacity_insert,22,56,500,,0.0,0.0009774722857400775,0.004790541250258684
1711,actor,capacity_insert,25,0,479,"[267, 212]",-1.0486575774848461e-05,0.0006799081456847489,0.004049047827720642
1711,critic,capacity_insert,31,20,500,,0.0,0.0010108909336850047,0.005209275521337986
1817,actor,capacity_insert,50,0,491,"[272, 219]",-1.1833617463707924e-07,0.000708665291313082,0.0038374317809939384
1817,critic,capacity_insert,54,52,500,,0.0,0.00103626842610538,0.005709273274987936
1917,actor,capacity_insert,50,0,485,"[261, 224]",-2.8929614927619696e-05,0.0007567793945781887,0.003992587327957153
1917,critic,capacity_insert,61,39,500,,0.0,0.0010893678991124034,0.006209272891283035
2011,actor,capacity_insert,50,0,480,"[261, 219]",-1.0011717677116394e-08,0.0008012860198505223,0.004269499331712723
2011,critic,capacity_insert,49,45,500,,0.0,0.001139430096372962,0.0067092725075781345
2011,actor,scheduled_batch_boundary,2,0,478,"[261, 217]",0.0,0.000804638781119138,0.004269499331712723
2072,critic,capacity_insert,24,37,500,,0.0,0.0011604789178818464,0.006209273356944323
2196,actor,capacity_insert,70,6,500,"[268, 232]",0.0,0.0008190027438104153,0.004820138681679964
2196,critic,capacity_insert,41,83,500,,0.0,0.0011774705490097404,0.006640196777880192
2275,actor,capacity_insert,41,0,493,"[263, 230]",0.0,0.0009025976178236306,0.004646482411772013
2275,critic,capacity_insert,48,31,500,,0.0,0.0012389746261760592,0.007140180096030235
2346,actor,capacity_insert,25,0,492,"[270, 222]",-5.444162525236607e-07,0.0009151228587143123,0.004826651886105537
2346,critic,capacity_insert,28,43,500,,0.0,0.001278980285860598,0.007140180096030235
2447,actor,capacity_insert,24,20,500,"[268, 232]",0.0,0.0009452978847548366,0.005170098505914211
2447,critic,capacity_insert,23,78,500,,0.0,0.0013025355292484164,0.00764017878100276
2550,actor,capacity_insert,37,19,500,"[272, 228]",0.0,0.0009504680056124926,0.0053918929770588875
2550,critic,capacity_insert,31,72,500,,0.0,0.0013137988280504942,0.00764017878100276
2639,actor,capacity_insert,38,0,499,"[279, 220]",0.0,0.0010058338521048427,0.00573374517261982
2639,critic,capacity_insert,55,34,500,,0.0,0.0013573520118370652,0.00764017878100276
2735,actor,capacity_insert,30,20,500,"[280, 220]",0.0,0.001020617550238967,0.005669422913342714
2735,critic,capacity_insert,42,54,500,,0.0,0.0013609114103019238,0.00764017878100276
2806,actor,capacity_insert,25,0,498,"[277, 221]",-9.827257599681616e-06,0.0010532080195844173,0.005576995201408863
2806,critic,capacity_insert,30,41,500,,0.0,0.0013659115647897124,0.007140179164707661
2926,actor,capacity_insert,40,32,500,"[276, 224]",0.0,0.0010698933620005846,0.005647215060889721
2926,critic,capacity_insert,37,83,500,,0.0,0.001384911360219121,0.007140179164707661
3045,actor,capacity_insert,49,7,500,"[269, 231]",0.0,0.0011030478635802865,0.006145825609564781
3045,critic,capacity_insert,65,54,500,,0.0,0.0014719084138050675,0.007640172727406025
3149,actor,capacity_insert,35,19,500,"[265, 235]",0.0,0.0011435584165155888,0.006645395886152983
3149,critic,capacity_insert,47,57,500,,0.0,0.0015265350230038166,0.00814016629010439
3300,actor,capacity_insert,39,51,500,"[267, 233]",0.0,0.0011739219771698117,0.006230308674275875
3300,critic,capacity_insert,48,103,500,,0.0,0.0015954512637108564,0.00814016629010439
3372,actor,capacity_insert,25,0,494,"[259, 235]",-3.2067124266177416e-05,0.0012255902402102947,0.00672971922904253
3372,critic,capacity_insert,35,37,500,,0.0,0.0016061412170529366,0.007640167139470577
3440,actor,capacity_insert,25,0,492,"[267, 225]",-4.237517714500427e-08,0.0012734655756503344,0.006622659508138895
3440,critic,capacity_insert,23,45,500,,0.0,0.001649139216169715,0.007771081291139126
3510,actor,capacity_insert,21,0,490,"[267, 223]",0.0,0.001277436502277851,0.0071221450343728065
3510,critic,capacity_insert,28,42,500,,0.0,0.0016781417652964592,0.007271082140505314
3658,actor,capacity_insert,41,46,500,"[277, 223]",0.0,0.0012677491176873446,0.007621658965945244
3658,critic,capacity_insert,42,106,500,,0.0,0.0016731407959014177,0.007771079894155264
3756,actor,capacity_insert,32,10,500,"[275, 225]",0.0,0.001324812532402575,0.007504839915782213
3756,critic,capacity_insert,37,61,500,,0.0,0.0017081410624086857,0.008271079510450363
3858,actor,capacity_insert,41,13,500,"[279, 221]",0.0,0.001350325532257557,0.007999973371624947
3858,critic,capacity_insert,48,54,500,,0.0,0.0017321390332654119,0.007771079428493977
3932,actor,capacity_insert,17,6,500,"[283, 217]",0.0,0.0013687873724848032,0.008499864488840103
3932,critic,capacity_insert,14,60,500,,0.0,0.0017277187434956431,0.007999987341463566
4025,actor,capacity_insert,40,0,499,"[284, 215]",0.0,0.0014170913491398096,0.008373000659048557
4025,critic,capacity_insert,42,51,500,,0.0,0.0017601060681045055,0.007999987341463566
4118,actor,capacity_insert,17,25,500,"[287, 213]",0.0,0.0014169433852657676,0.008247367106378078
4118,critic,capacity_insert,21,72,500,,0.0,0.0017659292789176106,0.007499987259507179
4218,actor,capacity_insert,34,17,500,"[284, 216]",0.0,0.001461744075641036,0.008123336359858513
4218,critic,capacity_insert,42,58,500,,0.0,0.0017915123607963324,0.0076837255619466305
4347,actor,capacity_insert,25,50,500,"[290, 210]",0.0,0.0015209873672574759,0.008622676134109497
4347,critic,capacity_insert,33,96,500,,0.0,0.0018076748820021749,0.007698394358158112
4442,actor,capacity_insert,37,6,500,"[291, 209]",0.0,0.0015372876077890396,0.00869239866733551
4442,critic,capacity_insert,29,66,500,,0.0,0.0018266740953549743,0.008198394440114498
4550,actor,capacity_insert,23,41,500,"[299, 201]",0.0,0.0015648284461349249,0.009188774973154068
4550,critic,capacity_insert,39,69,500,,0.0,0.0018686727853491902,0.008698394522070885
4674,actor,capacity_insert,18,57,500,"[300, 200]",0.0,0.0015890543581917882,0.008832644671201706
4674,critic,capacity_insert,22,102,500,,0.0,0.0019280597334727645,0.009198394604027271
4756,actor,capacity_insert,11,23,500,"[292, 208]",0.0,0.0015834772493690252,0.009332495741546154
4756,critic,capacity_insert,19,63,500,,0.0,0.0019389003282412887,0.009698393754661083
4909,actor,capacity_insert,34,67,500,"[293, 207]",0.0,0.001611243118532002,0.008833232335746288
4909,critic,capacity_insert,46,107,500,,0.0,0.001956318039447069,0.01019839383661747
5034,actor,capacity_insert,21,45,500,"[296, 204]",0.0,0.001645588781684637,0.009332935325801373
5034,critic,capacity_insert,16,109,500,,0.0,0.0019993179012089968,0.01019839383661747
5091,actor,capacity_insert,10,1,500,"[296, 204]",0.0,0.0016320451395586133,0.009065551683306694
5091,critic,capacity_insert,25,32,500,,0.0,0.002068317960947752,0.009698393754661083
5176,actor,capacity_insert,18,19,500,"[300, 200]",0.0,0.0016199540114030242,0.009561922401189804
5176,critic,capacity_insert,23,62,500,,0.0,0.002096317708492279,0.009198393672704697
5296,actor,capacity_insert,20,39,500,"[298, 202]",0.0,0.0016501672798767686,0.010061695240437984
5296,critic,capacity_insert,36,84,500,,0.0,0.0021163178607821465,0.009087088517844677
5402,actor,capacity_insert,15,43,500,"[297, 203]",0.0,0.0016634755302220583,0.010561348870396614
5402,critic,capacity_insert,27,79,500,,0.0,0.0021703175734728575,0.009198393672704697
5456,actor,capacity_insert,10,0,500,"[297, 203]",0.0,0.0016583401011303067,0.010186642408370972
5456,critic,capacity_insert,26,28,500,,0.0,0.002215316519141197,0.009183725342154503
5619,actor,capacity_insert,27,96,500,"[301, 199]",0.0,0.0016812713583931327,0.009686697274446487
5619,critic,capacity_insert,52,111,500,,0.0,0.0022693166974931955,0.00958708580583334
5711,actor,capacity_insert,6,31,500,"[297, 203]",0.0,0.0017041766550391912,0.010186572559177876
5711,critic,capacity_insert,9,83,500,,0.0,0.002305319532752037,0.010087084956467152
5820,actor,capacity_insert,24,29,500,"[299, 201]",0.0,0.0017108542378991842,0.010686542838811874
5820,critic,capacity_insert,29,80,500,,0.0,0.002352318027988076,0.010587075725197792
5896,actor,capacity_insert,13,13,500,"[302, 198]",0.0,0.0016846603248268366,0.011186383664608002
5896,critic,capacity_insert,23,53,500,,0.0,0.002396317897364497,0.011087074875831604
5990,actor,capacity_insert,22,16,500,"[304, 196]",0.0,0.0016856198199093342,0.01168634183704853
5990,critic,capacity_insert,9,85,500,,0.0,0.0024008944164961576,0.011587074026465416
6087,actor,capacity_insert,26,17,500,"[301, 199]",0.0,0.0016815471462905407,0.01218628790229559
6087,critic,capacity_insert,25,72,500,,0.0,0.0024218938779085875,0.012087073177099228
6189,actor,capacity_insert,25,26,500,"[301, 199]",0.0,0.0017215583939105272,0.012686236761510372
6189,critic,capacity_insert,20,82,500,,0.0,0.0024727312847971916,0.012087073177099228
6257,actor,capacity_insert,16,0,499,"[303, 196]",0.0,0.001703603658825159,0.012186595238745213
6257,critic,capacity_insert,13,55,500,,0.0,0.0024917207192629576,0.01258707232773304
6332,actor,capacity_insert,15,17,500,"[300, 200]",0.0,0.0016924842493608594,0.012686556205153465
6332,critic,capacity_insert,18,57,500,,0.0,0.0025131315924227238,0.01258707232773304
6423,actor,capacity_insert,18,23,500,"[300, 200]",0.0,0.0017323598731309175,0.013186519034206867
6423,critic,capacity_insert,30,61,500,,0.0,0.0025395192205905914,0.01258707232773304
6503,actor,capacity_insert,13,15,500,"[293, 207]",0.0,0.001727949595078826,0.01268656738102436
6503,critic,capacity_insert,19,61,500,,0.0,0.002577519277110696,0.012683723121881485
6589,actor,capacity_insert,21,20,500,"[291, 209]",0.0,0.0017215125262737274,0.012186583131551743
6589,critic,capacity_insert,22,64,500,,0.0,0.0026280574966222048,0.01258707232773304
6657,actor,capacity_insert,10,12,500,"[292, 208]",0.0,0.0017180184368044138,0.012686562724411488
6657,critic,capacity_insert,19,49,500,,0.0,0.0026717304717749357,0.013087069615721703
6720,actor,capacity_insert,13,3,500,"[295, 205]",0.0,0.0017327027162536979,0.012186717242002487
6720,critic,capacity_insert,26,37,500,,0.0,0.0027112835086882114,0.013587068766355515
6836,actor,capacity_insert,17,52,500,"[302, 198]",0.0,0.0017038572113960981,0.012686667032539845
6836,critic,capacity_insert,27,89,500,,0.0,0.002722283825278282,0.013683727011084557
6903,actor,capacity_insert,16,6,500,"[299, 201]",0.0,0.0017135386588051915,0.012186677195131779
6903,critic,capacity_insert,13,54,500,,0.0,0.0027592836413532495,0.014087062329053879
6997,actor,capacity_insert,15,33,500,"[297, 203]",0.0,0.0017471513710916042,0.012686660513281822
6997,critic,capacity_insert,22,72,500,,0.0,0.002780132694169879,0.014587058685719967
7117,actor,capacity_insert,15,58,500,"[298, 202]",0.0,0.0017680544406175613,0.013186153024435043
7117,critic,capacity_insert,34,86,500,,0.0,0.00282407202757895,0.014587058685719967
7235,actor,capacity_insert,14,54,500,"[295, 205]",0.0,0.0017907220171764493,0.012686179019510746
7235,critic,capacity_insert,21,97,500,,0.0,0.0028640718664973974,0.015087056905031204
7318,actor,capacity_insert,11,23,500,"[296, 204]",0.0,0.0018271631561219692,0.013186083175241947
7318,critic,capacity_insert,18,65,500,,0.0,0.0028800717554986477,0.015183725394308567
7456,actor,capacity_insert,15,74,500,"[297, 203]",0.0,0.0018558235606178641,0.013685804791748524
7456,critic,capacity_insert,15,123,500,,0.0,0.0029130715411156416,0.015087056905031204
7558,actor,capacity_insert,7,52,500,"[298, 202]",0.0,0.0018390793120488524,0.014185739681124687
7558,critic,capacity_insert,12,90,500,,0.0,0.0029430692084133625,0.015587055124342442
7686,actor,capacity_insert,9,68,500,"[298, 202]",0.0,0.0018718490609899163,0.01368576567620039
7686,critic,capacity_insert,13,115,500,,0.0,0.0029520601965487003,0.01608704961836338
7783,actor,capacity_insert,11,45,500,"[292, 208]",0.0,0.001850504893809557,0.01318581122905016
7783,critic,capacity_insert,23,74,500,,0.0,0.002969654044136405,0.016587046906352043
7905,actor,capacity_insert,15,53,500,"[285, 215]",0.0,0.0018477722769603133,0.012686103582382202
7905,critic,capacity_insert,20,102,500,,0.0,0.0029886546544730663,0.01608704775571823
8006,actor,capacity_insert,17,37,500,"[290, 210]",0.0,0.0018221830250695348,0.012186231091618538
8006,critic,capacity_insert,32,69,500,,0.0,0.0030036545358598232,0.016587046906352043
8140,actor,capacity_insert,17,70,500,"[289, 211]",0.0,0.0018119910964742303,0.01268618181347847
8140,critic,capacity_insert,25,109,500,,0.0,0.0030500420834869146,0.016587046906352043
8274,actor,capacity_insert,16,64,500,"[289, 211]",0.0,0.0018671362195163965,0.01318604126572609
8274,critic,capacity_insert,22,112,500,,0.0,0.003072023391723633,0.01608704775571823
8340,actor,capacity_insert,8,6,500,"[288, 212]",0.0,0.0018857218092307448,0.012686066329479218
8340,critic,capacity_insert,26,40,500,,0.0,0.0031224421691149473,0.01608704775571823
8426,actor,capacity_insert,18,21,500,"[284, 216]",0.0,0.001867643790319562,0.012186083942651749
8426,critic,capacity_insert,24,62,500,,0.0,0.0031334408558905125,0.01608704775571823
8497,actor,capacity_insert,19,17,500,"[287, 213]",0.0,0.0019096500473096967,0.012686043977737427
8497,critic,capacity_insert,16,55,500,,0.0,0.0031764409504830837,0.016494009643793106
8642,actor,capacity_insert,12,91,500,"[283, 217]",0.0,0.0019258370157331228,0.012187299318611622
8642,critic,capacity_insert,30,115,500,,0.0,0.003195175901055336,0.016994008794426918
8739,actor,capacity_insert,12,37,500,"[278, 222]",0.0,0.0019134635804221034,0.011687313206493855
8739,critic,capacity_insert,33,64,500,,0.0,0.0032661734148859978,0.016494009643793106
8838,actor,capacity_insert,7,49,500,"[277, 223]",0.0,0.0019279849948361516,0.012187270447611809
8838,critic,capacity_insert,29,70,500,,0.0,0.003286173800006509,0.01608704775571823
8948,actor,capacity_insert,8,47,500,"[276, 224]",0.0,0.00190794060472399,0.012687240727245808
8948,critic,capacity_insert,28,82,500,,0.0,0.0033225612714886665,0.016587046906352043
9093,actor,capacity_insert,19,70,500,"[283, 217]",0.0,0.0018848776817321777,0.012187285348773003
9093,critic,capacity_insert,32,113,500,,0.0,0.0033375616185367107,0.016994014382362366
9224,actor,capacity_insert,15,72,500,"[285, 215]",0.0,0.0018765132408589125,0.01268717646598816
9224,critic,capacity_insert,28,103,500,,0.0,0.0033541538286954165,0.01658705063164234
9306,actor,capacity_insert,10,21,500,"[285, 215]",0.0,0.0018138110172003508,0.012187343090772629
9306,critic,capacity_insert,8,74,500,,0.0,0.0033871536143124104,0.016994014382362366
9447,actor,capacity_insert,21,75,500,"[288, 212]",0.0,0.001838909462094307,0.011687440797686577
9447,critic,capacity_insert,29,112,500,,0.0,0.0033955718390643597,0.016494015231728554
9525,actor,capacity_insert,16,3,500,"[289, 211]",0.0,0.0018663532100617886,0.01141189131885767
9525,critic,capacity_insert,15,63,500,,0.0,0.003447571536526084,0.016994014382362366
9593,actor,capacity_insert,14,0,496,"[286, 210]",0.0,0.001885390724055469,0.01191185973584652
9593,critic,capacity_insert,14,54,500,,0.0,0.003505571512505412,0.017494013532996178
9760,actor,capacity_insert,11,114,500,"[286, 214]",0.0,0.0018773953197523952,0.011411953717470169
9760,critic,capacity_insert,30,137,500,,0.0,0.0035175711382180452,0.01799401268362999
9829,actor,capacity_insert,0,19,500,"[286, 214]",0.0,0.0018805530853569508,0.01125524751842022
9829,critic,capacity_insert,13,56,500,,0.0,0.00358157092705369,0.01799401268362999
9925,actor,capacity_insert,6,34,500,"[285, 215]",0.0,0.0018781803082674742,0.011183937080204487
9925,critic,capacity_insert,17,79,500,,0.0,0.003610571613535285,0.01799401268362999
10048,actor,capacity_insert,13,62,500,"[287, 213]",0.0,0.0018799667013809085,0.011683929711580276
10048,critic,capacity_insert,23,100,500,,0.0,0.0036405655555427074,0.0184940118342638
