global_step,episode,episode_return,episode_length,loss,actor_type,case_entries,cases_pruned,cases_replaced,actor_cases_pruned,actor_cases_replaced,critic_cases_pruned,critic_cases_replaced,critic_label_updates,critic_label_update_samples,exploration_epsilon,behavior_epsilon,policy_ready,action_probs,behavior_action_probs,action_counts,bias_min,bias_mean,bias_max
14,1,14.0,14,,mcb_nnknn,0,0,0,0,0,0,0,0,0,0.9998353333333333,1.0,False,"[0.5, 0.5]","[0.5, 0.5]","[0, 0]",,,
102,2,88.0,88,,mcb_nnknn,0,0,0,0,0,0,0,0,0,0.9987206666666667,1.0,False,"[0.5, 0.5]","[0.5, 0.5]","[0, 0]",,,
132,3,30.0,30,,mcb_nnknn,0,0,0,0,0,0,0,0,0,0.9983406666666667,1.0,False,"[0.5, 0.5]","[0.5, 0.5]","[0, 0]",,,
169,4,37.0,37,156.03953552246094,mcb_nnknn,169,0,0,0,0,0,0,0,0,0.997872,1.0,False,"[0.5, 0.5]","[0.5, 0.5]","[81, 88]",0.0,0.0,0.0
183,5,14.0,14,,mcb_nnknn,169,0,0,0,0,0,0,0,0,0.9976946666666666,0.9976946666666666,True,"[0.19942554831504822, 0.8005744218826294]","[0.4993070662021637, 0.5006929039955139]","[81, 88]",0.0,0.0,0.0
230,6,47.0,47,,mcb_nnknn,169,0,0,0,0,0,0,0,0,0.9970993333333333,0.9970993333333333,True,"[0.4897615909576416, 0.5102384686470032]","[0.49997028708457947, 0.5000296831130981]","[81, 88]",0.0,0.0,0.0
241,7,11.0,11,,mcb_nnknn,169,0,0,0,0,0,0,0,0,0.99696,0.99696,True,"[0.800250232219696, 0.19974982738494873]","[0.5009127855300903, 0.49908724427223206]","[81, 88]",0.0,0.0,0.0
269,8,28.0,28,44.86654281616211,mcb_nnknn,224,0,0,0,0,0,0,0,0,0.9966053333333333,0.9966053333333333,True,"[0.6044796109199524, 0.3955203890800476]","[0.5003546476364136, 0.49964532256126404]","[107, 117]",-0.0004998386139050126,-5.771630094386637e-05,0.0004999380325898528
309,9,40.0,40,,mcb_nnknn,224,0,0,0,0,0,0,0,0,0.9960986666666667,0.9960986666666667,True,"[0.30774790048599243, 0.6922520995140076]","[0.49924996495246887, 0.5007500648498535]","[107, 117]",-0.0004998386139050126,-5.771630094386637e-05,0.0004999380325898528
331,10,22.0,22,,mcb_nnknn,224,0,0,0,0,0,0,0,0,0.99582,0.99582,True,"[0.6919373273849487, 0.30806267261505127]","[0.5008022785186768, 0.49919769167900085]","[107, 117]",-0.0004998386139050126,-5.771630094386637e-05,0.0004999380325898528
347,11,16.0,16,,mcb_nnknn,224,0,0,0,0,0,0,0,0,0.9956173333333334,0.9956173333333334,True,"[0.6897658109664917, 0.3102341890335083]","[0.500831663608551, 0.4991683065891266]","[107, 117]",-0.0004998386139050126,-5.771630094386637e-05,0.0004999380325898528
370,12,23.0,23,33.87422561645508,mcb_nnknn,276,0,0,0,0,0,0,0,0,0.995326,0.995326,True,"[0.19741788506507874, 0.8025820851325989]","[0.4985857307910919, 0.5014142990112305]","[135, 141]",-0.0010002816561609507,-0.00010980654042214155,0.000999943120405078
416,13,46.0,46,,mcb_nnknn,276,0,0,0,0,0,0,0,0,0.9947433333333333,0.9947433333333333,True,"[0.5968670845031738, 0.40313291549682617]","[0.5005092024803162, 0.49949079751968384]","[135, 141]",-0.0010002816561609507,-0.00010980654042214155,0.000999943120405078
429,14,13.0,13,,mcb_nnknn,276,0,0,0,0,0,0,0,0,0.9945786666666667,0.9945786666666667,True,"[0.5051001906394958, 0.49489983916282654]","[0.5000276565551758, 0.4999723434448242]","[135, 141]",-0.0010002816561609507,-0.00010980654042214155,0.000999943120405078
440,15,11.0,11,,mcb_nnknn,276,0,0,0,0,0,0,0,0,0.9944393333333333,0.9944393333333333,True,"[0.5069645643234253, 0.4930354058742523]","[0.500038743019104, 0.4999612867832184]","[135, 141]",-0.0010002816561609507,-0.00010980654042214155,0.000999943120405078
453,16,13.0,13,40.528202056884766,mcb_nnknn,312,0,0,0,0,0,0,0,0,0.9942746666666666,0.9942746666666666,True,"[0.19710397720336914, 0.8028960227966309]","[0.4982658326625824, 0.50173419713974]","[155, 157]",-0.0014947096351534128,-0.00015848498151171952,0.001495349919423461
472,17,19.0,19,,mcb_nnknn,312,0,0,0,0,0,0,0,0,0.994034,0.994034,True,"[0.6981737613677979, 0.3018262982368469]","[0.5011823177337646, 0.49881768226623535]","[155, 157]",-0.0014947096351534128,-0.00015848498151171952,0.001495349919423461
488,18,16.0,16,,mcb_nnknn,312,0,0,0,0,0,0,0,0,0.9938313333333333,0.9938313333333333,True,"[0.5982891321182251, 0.4017108976840973]","[0.5006062984466553, 0.4993937015533447]","[155, 157]",-0.0014947096351534128,-0.00015848498151171952,0.001495349919423461
566,19,78.0,78,,mcb_nnknn,312,0,0,0,0,0,0,0,0,0.9928433333333333,0.9928433333333333,True,"[0.40900611877441406, 0.5909939408302307]","[0.49934878945350647, 0.5006512403488159]","[155, 157]",-0.0014947096351534128,-0.00015848498151171952,0.001495349919423461
580,20,14.0,14,76.58540344238281,mcb_nnknn,400,89,0,0,0,89,0,0,0,0.992666,0.992666,True,"[0.2998950779438019, 0.7001049518585205]","[0.4985324442386627, 0.5014675855636597]","[202, 198]",-0.0019524816889315844,-0.00016182255058083683,0.0019042965723201632
598,21,18.0,18,,mcb_nnknn,400,89,0,0,0,89,0,0,0,0.992438,0.992438,True,"[0.409005731344223, 0.5909942388534546]","[0.4993118941783905, 0.5006880760192871]","[202, 198]",-0.0019524816889315844,-0.00016182255058083683,0.0019042965723201632
630,22,32.0,32,,mcb_nnknn,400,89,0,0,0,89,0,0,0,0.9920326666666667,0.9920326666666667,True,"[0.7981643676757812, 0.20183561742305756]","[0.502375602722168, 0.4976244270801544]","[202, 198]",-0.0019524816889315844,-0.00016182255058083683,0.0019042965723201632
654,23,24.0,24,,mcb_nnknn,400,89,0,0,0,89,0,0,0,0.9917286666666667,0.9917286666666667,True,"[0.3950696885585785, 0.6049303412437439]","[0.49913209676742554, 0.5008679032325745]","[202, 198]",-0.0019524816889315844,-0.00016182255058083683,0.0019042965723201632
672,24,18.0,18,49.24837875366211,mcb_nnknn,441,172,0,0,0,172,0,0,0,0.9915006666666667,0.9915006666666667,True,"[0.40187162160873413, 0.5981283783912659]","[0.49916598200798035, 0.500834047794342]","[222, 219]",-0.0023896130733191967,-0.0001807271473808214,0.0023328475654125214
682,25,10.0,10,,mcb_nnknn,441,172,0,0,0,172,0,0,0,0.991374,0.991374,True,"[0.5069131851196289, 0.4930868446826935]","[0.5000596046447754, 0.4999403655529022]","[222, 219]",-0.0023896130733191967,-0.0001807271473808214,0.0023328475654125214
697,26,15.0,15,,mcb_nnknn,441,172,0,0,0,172,0,0,0,0.991184,0.991184,True,"[0.404935359954834, 0.5950646996498108]","[0.49916189908981323, 0.5008381009101868]","[222, 219]",-0.0023896130733191967,-0.0001807271473808214,0.0023328475654125214
717,27,20.0,20,,mcb_nnknn,441,172,0,0,0,172,0,0,0,0.9909306666666666,0.9909306666666666,True,"[0.6024495363235474, 0.397550493478775]","[0.5009291768074036, 0.4990708529949188]","[222, 219]",-0.0023896130733191967,-0.0001807271473808214,0.0023328475654125214
790,28,73.0,73,62.905399322509766,mcb_nnknn,489,313,2,25,0,288,2,0,0,0.990006,0.990006,True,"[0.5994576215744019, 0.40054240822792053]","[0.5009939670562744, 0.4990060329437256]","[247, 242]",-0.0020740728359669447,-7.361243478953838e-05,0.002697661751881242
806,29,16.0,16,,mcb_nnknn,489,313,2,25,0,288,2,0,0,0.9898033333333334,0.9898033333333334,True,"[0.7027992606163025, 0.2972007691860199]","[0.5020678639411926, 0.497932106256485]","[247, 242]",-0.0020740728359669447,-7.361243478953838e-05,0.002697661751881242
831,30,25.0,25,,mcb_nnknn,489,313,2,25,0,288,2,0,0,0.9894866666666666,0.9894866666666666,True,"[0.700005292892456, 0.29999467730522156]","[0.5021027326583862, 0.49789729714393616]","[247, 242]",-0.0020740728359669447,-7.361243478953838e-05,0.002697661751881242
848,31,17.0,17,,mcb_nnknn,489,313,2,25,0,288,2,0,0,0.9892713333333333,0.9892713333333333,True,"[0.39903903007507324, 0.6009609699249268]","[0.4989168345928192, 0.5010831952095032]","[247, 242]",-0.0020740728359669447,-7.361243478953838e-05,0.002697661751881242
867,32,19.0,19,38.849491119384766,mcb_nnknn,487,402,15,50,0,352,15,0,0,0.9890306666666666,0.9890306666666666,True,"[0.5041595101356506, 0.49584054946899414]","[0.5000455975532532, 0.49995437264442444]","[241, 246]",-0.001709724310785532,1.2928637261211406e-05,0.002645454602316022
883,33,16.0,16,,mcb_nnknn,487,402,15,50,0,352,15,0,0,0.988828,0.988828,True,"[0.19840718805789948, 0.8015928268432617]","[0.49663060903549194, 0.5033693909645081]","[241, 246]",-0.001709724310785532,1.2928637261211406e-05,0.002645454602316022
899,34,16.0,16,,mcb_nnknn,487,402,15,50,0,352,15,0,0,0.9886253333333334,0.9886253333333334,True,"[0.701296329498291, 0.298703670501709]","[0.5022896528244019, 0.49771031737327576]","[241, 246]",-0.001709724310785532,1.2928637261211406e-05,0.002645454602316022
912,35,13.0,13,,mcb_nnknn,487,402,15,50,0,352,15,0,0,0.9884606666666667,0.9884606666666667,True,"[0.3018832206726074, 0.6981167793273926]","[0.4977138638496399, 0.5022861361503601]","[241, 246]",-0.001709724310785532,1.2928637261211406e-05,0.002645454602316022
932,36,20.0,20,27.53569793701172,mcb_nnknn,481,483,24,75,0,408,24,0,0,0.9882073333333333,0.9882073333333333,True,"[0.7006558775901794, 0.29934409260749817]","[0.5023662447929382, 0.4976337254047394]","[239, 242]",-0.001568894600495696,0.00010038508480647579,0.0027760209050029516
960,37,28.0,28,,mcb_nnknn,481,483,24,75,0,408,24,0,0,0.9878526666666667,0.9878526666666667,True,"[0.5063814520835876, 0.49361851811408997]","[0.5000775456428528, 0.4999224841594696]","[239, 242]",-0.001568894600495696,0.00010038508480647579,0.0027760209050029516
978,38,18.0,18,,mcb_nnknn,481,483,24,75,0,408,24,0,0,0.9876246666666667,0.9876246666666667,True,"[0.9040468335151672, 0.09595318138599396]","[0.5050002336502075, 0.4949997663497925]","[239, 242]",-0.001568894600495696,0.00010038508480647579,0.0027760209050029516
994,39,16.0,16,,mcb_nnknn,481,483,24,75,0,408,24,0,0,0.987422,0.987422,True,"[0.30366775393486023, 0.6963322162628174]","[0.4975305199623108, 0.5024694800376892]","[239, 242]",-0.001568894600495696,0.00010038508480647579,0.0027760209050029516
1023,40,29.0,29,26.078922271728516,mcb_nnknn,456,618,54,149,0,469,54,0,0,0.9870546666666666,0.9870546666666666,True,"[1.0, 0.0]","[0.5064727067947388, 0.4935273230075836]","[222, 234]",-0.0007500057108700275,0.00029174075461924076,0.003095820778980851
1046,41,23.0,23,,mcb_nnknn,456,618,54,149,0,469,54,0,0,0.9867633333333333,0.9867633333333333,True,"[0.8016691207885742, 0.19833093881607056]","[0.5039930939674377, 0.49600690603256226]","[222, 234]",-0.0007500057108700275,0.00029174075461924076,0.003095820778980851
1058,42,12.0,12,,mcb_nnknn,456,618,54,149,0,469,54,0,0,0.9866113333333333,0.9866113333333333,True,"[0.4012523293495178, 0.5987476706504822]","[0.49867790937423706, 0.5013220906257629]","[222, 234]",-0.0007500057108700275,0.00029174075461924076,0.003095820778980851
1151,43,93.0,93,,mcb_nnknn,456,618,54,149,0,469,54,0,0,0.9854333333333334,0.9854333333333334,True,"[1.0, 0.0]","[0.5072833299636841, 0.4927166700363159]","[222, 234]",-0.0007500057108700275,0.00029174075461924076,0.003095820778980851
1173,44,22.0,22,83.90985870361328,mcb_nnknn,480,763,134,224,0,539,134,0,0,0.9851546666666666,0.9851546666666666,True,"[0.7001155018806458, 0.29988449811935425]","[0.5029707551002502, 0.49702921509742737]","[238, 242]",-0.000498949084430933,0.0003879877913277596,0.0035263763274997473
1191,45,18.0,18,,mcb_nnknn,480,763,134,224,0,539,134,0,0,0.9849266666666666,0.9849266666666666,True,"[0.19878749549388885, 0.80121248960495]","[0.4954597055912018, 0.5045402646064758]","[238, 242]",-0.000498949084430933,0.0003879877913277596,0.0035263763274997473
1221,46,30.0,30,,mcb_nnknn,480,763,134,224,0,539,134,0,0,0.9845466666666667,0.9845466666666667,True,"[0.5024775862693787, 0.49752238392829895]","[0.5000382661819458, 0.4999617040157318]","[238, 242]",-0.000498949084430933,0.0003879877913277596,0.0035263763274997473
1249,47,28.0,28,,mcb_nnknn,480,763,134,224,0,539,134,0,0,0.984192,0.984192,True,"[0.4024580419063568, 0.5975419878959656]","[0.49845805764198303, 0.5015419721603394]","[238, 242]",-0.000498949084430933,0.0003879877913277596,0.0035263763274997473
1290,48,41.0,41,30.225542068481445,mcb_nnknn,487,860,204,274,0,586,204,0,0,0.9836726666666666,0.9836726666666666,True,"[0.20559027791023254, 0.7944097518920898]","[0.4951930642127991, 0.5048069357872009]","[250, 237]",-0.0004829294921364635,0.0004372866824269295,0.0040254537016153336
1303,49,13.0,13,,mcb_nnknn,487,860,204,274,0,586,204,0,0,0.983508,0.983508,True,"[0.30560123920440674, 0.6943987607955933]","[0.4967939853668213, 0.5032060146331787]","[250, 237]",-0.0004829294921364635,0.0004372866824269295,0.0040254537016153336
1319,50,16.0,16,,mcb_nnknn,487,860,204,274,0,586,204,0,0,0.9833053333333334,0.9833053333333334,True,"[0.7042056918144226, 0.2957943379878998]","[0.5034091472625732, 0.49659085273742676]","[250, 237]",-0.0004829294921364635,0.0004372866824269295,0.0040254537016153336
1332,51,13.0,13,,mcb_nnknn,487,860,204,274,0,586,204,0,0,0.9831406666666667,0.9831406666666667,True,"[0.6995559930801392, 0.30044400691986084]","[0.5033643841743469, 0.4966356158256531]","[250, 237]",-0.0004829294921364635,0.0004372866824269295,0.0040254537016153336
1368,52,36.0,36,31.39755630493164,mcb_nnknn,496,946,221,299,0,647,221,0,0,0.9826846666666667,0.9826846666666667,True,"[0.8004477024078369, 0.19955231249332428]","[0.5052023530006409, 0.49479764699935913]","[259, 237]",-0.0004997876239940524,0.00046413062955252826,0.003525497391819954
1378,53,10.0,10,,mcb_nnknn,496,946,221,299,0,647,221,0,0,0.982558,0.982558,True,"[0.6984949111938477, 0.30150511860847473]","[0.5034621357917786, 0.49653786420822144]","[259, 237]",-0.0004997876239940524,0.00046413062955252826,0.003525497391819954
1389,54,11.0,11,,mcb_nnknn,496,946,221,299,0,647,221,0,0,0.9824186666666667,0.9824186666666667,True,"[0.40009909868240356, 0.5999009609222412]","[0.4982436001300812, 0.5017563700675964]","[259, 237]",-0.0004997876239940524,0.00046413062955252826,0.003525497391819954
1416,55,27.0,27,,mcb_nnknn,496,946,221,299,0,647,221,0,0,0.9820766666666667,0.9820766666666667,True,"[0.6089884042739868, 0.3910115957260132]","[0.5019534230232239, 0.4980465769767761]","[259, 237]",-0.0004997876239940524,0.00046413062955252826,0.003525497391819954
1465,56,49.0,49,38.022945404052734,mcb_nnknn,484,1063,276,374,0,689,276,0,0,0.981456,0.981456,True,"[0.6029618382453918, 0.39703822135925293]","[0.5019093155860901, 0.4980906844139099]","[265, 219]",-0.0001245984749402851,0.0006068783695809543,0.004025275353342295
1483,57,18.0,18,,mcb_nnknn,484,1063,276,374,0,689,276,0,0,0.981228,0.981228,True,"[0.39987730979919434, 0.6001226902008057]","[0.4981204867362976, 0.5018795132637024]","[265, 219]",-0.0001245984749402851,0.0006068783695809543,0.004025275353342295
1513,58,30.0,30,,mcb_nnknn,484,1063,276,374,0,689,276,0,0,0.980848,0.980848,True,"[0.9022693634033203, 0.09773069620132446]","[0.5077042579650879, 0.4922957420349121]","[265, 219]",-0.0001245984749402851,0.0006068783695809543,0.004025275353342295
1527,59,14.0,14,,mcb_nnknn,484,1063,276,374,0,689,276,0,0,0.9806706666666667,0.9806706666666667,True,"[1.0, 0.0]","[0.5096646547317505, 0.4903353452682495]","[265, 219]",-0.0001245984749402851,0.0006068783695809543,0.004025275353342295
1582,60,55.0,55,40.91739273071289,mcb_nnknn,484,1188,343,449,0,739,343,0,0,0.979974,0.979974,True,"[0.19858327507972717, 0.8014167547225952]","[0.4939638078212738, 0.5060361623764038]","[271, 213]",-3.01111867884174e-07,0.0006548069068230689,0.0035254836548119783
1609,61,27.0,27,,mcb_nnknn,484,1188,343,449,0,739,343,0,0,0.979632,0.979632,True,"[0.408179372549057, 0.5918206572532654]","[0.49812978506088257, 0.5018702149391174]","[271, 213]",-3.01111867884174e-07,0.0006548069068230689,0.0035254836548119783
1623,62,14.0,14,,mcb_nnknn,484,1188,343,449,0,739,343,0,0,0.9794546666666667,0.9794546666666667,True,"[0.5988503098487854, 0.401149719953537]","[0.5020309090614319, 0.4979690909385681]","[271, 213]",-3.01111867884174e-07,0.0006548069068230689,0.0035254836548119783
1637,63,14.0,14,,mcb_nnknn,484,1188,343,449,0,739,343,0,0,0.9792773333333333,0.9792773333333333,True,"[0.4062294065952301, 0.5937706232070923]","[0.4980568289756775, 0.5019431710243225]","[271, 213]",-3.01111867884174e-07,0.0006548069068230689,0.0035254836548119783
1660,64,23.0,23,19.85551643371582,mcb_nnknn,490,1235,399,474,0,761,399,0,0,0.978986,0.978986,True,"[0.4093557298183441, 0.5906442999839783]","[0.49809521436691284, 0.5019047856330872]","[277, 213]",-3.8836238672956824e-05,0.0006408626795746386,0.0035498789511621
1671,65,11.0,11,,mcb_nnknn,490,1235,399,474,0,761,399,0,0,0.9788466666666666,0.9788466666666666,True,"[0.5996333956718445, 0.4003666341304779]","[0.502107560634613, 0.4978924095630646]","[277, 213]",-3.8836238672956824e-05,0.0006408626795746386,0.0035498789511621
1690,66,19.0,19,,mcb_nnknn,490,1235,399,474,0,761,399,0,0,0.978606,0.978606,True,"[0.697791337966919, 0.30220872163772583]","[0.5042315721511841, 0.4957684576511383]","[277, 213]",-3.8836238672956824e-05,0.0006408626795746386,0.0035498789511621
1699,67,9.0,9,,mcb_nnknn,490,1235,399,474,0,761,399,0,0,0.978492,0.978492,True,"[0.3988741636276245, 0.6011258363723755]","[0.4978249967098236, 0.5021750330924988]","[277, 213]",-3.8836238672956824e-05,0.0006408626795746386,0.0035498789511621
1711,68,12.0,12,20.83287239074707,mcb_nnknn,479,1291,419,499,0,792,419,0,0,0.97834,0.97834,True,"[0.6053626537322998, 0.3946373164653778]","[0.5022821426391602, 0.49771785736083984]","[267, 212]",-1.0486575774848461e-05,0.0006799081456847489,0.004049047827720642
1770,69,59.0,59,,mcb_nnknn,479,1291,419,499,0,792,419,0,0,0.9775926666666667,0.9775926666666667,True,"[1.0, 0.0]","[0.5112036466598511, 0.48879632353782654]","[267, 212]",-1.0486575774848461e-05,0.0006799081456847489,0.004049047827720642
1790,70,20.0,20,,mcb_nnknn,479,1291,419,499,0,792,419,0,0,0.9773393333333333,0.9773393333333333,True,"[0.49701955914497375, 0.5029804110527039]","[0.4999324679374695, 0.5000675320625305]","[267, 212]",-1.0486575774848461e-05,0.0006799081456847489,0.004049047827720642
1801,71,11.0,11,,mcb_nnknn,479,1291,419,499,0,792,419,0,0,0.9772,0.9772,True,"[1.0, 0.0]","[0.5113999843597412, 0.4885999858379364]","[267, 212]",-1.0486575774848461e-05,0.0006799081456847489,0.004049047827720642
1817,72,16.0,16,58.150917053222656,mcb_nnknn,491,1395,471,549,0,846,471,0,0,0.9769973333333334,0.9769973333333334,True,"[0.5038515329360962, 0.4961484968662262]","[0.5000885725021362, 0.4999113976955414]","[272, 219]",-1.1833617463707924e-07,0.000708665291313082,0.0038374317809939384
1833,73,16.0,16,,mcb_nnknn,491,1395,471,549,0,846,471,0,0,0.9767946666666667,0.9767946666666667,True,"[0.8026065230369568, 0.1973935216665268]","[0.5070220828056335, 0.49297791719436646]","[272, 219]",-1.1833617463707924e-07,0.000708665291313082,0.0038374317809939384
1869,74,36.0,36,,mcb_nnknn,491,1395,471,549,0,846,471,0,0,0.9763386666666667,0.9763386666666667,True,"[0.70096355676651, 0.2990364730358124]","[0.5047550797462463, 0.49524495005607605]","[272, 219]",-1.1833617463707924e-07,0.000708665291313082,0.0038374317809939384
1906,75,37.0,37,,mcb_nnknn,491,1395,471,549,0,846,471,0,0,0.97587,0.97587,True,"[0.1999872475862503, 0.8000127673149109]","[0.49276068806648254, 0.5072392821311951]","[272, 219]",-1.1833617463707924e-07,0.000708665291313082,0.0038374317809939384
1917,76,11.0,11,38.350337982177734,mcb_nnknn,485,1506,510,599,0,907,510,0,0,0.9757306666666666,0.9757306666666666,True,"[0.8041046261787415, 0.19589538872241974]","[0.5073804259300232, 0.4926195740699768]","[261, 224]",-2.8929614927619696e-05,0.0007567793945781887,0.003992587327957153
1928,77,11.0,11,,mcb_nnknn,485,1506,510,599,0,907,510,0,0,0.9755913333333334,0.9755913333333334,True,"[0.5057377815246582, 0.4942622184753418]","[0.5001400709152222, 0.4998599588871002]","[261, 224]",-2.8929614927619696e-05,0.0007567793945781887,0.003992587327957153
1947,78,19.0,19,,mcb_nnknn,485,1506,510,599,0,907,510,0,0,0.9753506666666667,0.9753506666666667,True,"[0.39680445194244385, 0.6031955480575562]","[0.49745631217956543, 0.5025436878204346]","[261, 224]",-2.8929614927619696e-05,0.0007567793945781887,0.003992587327957153
1965,79,18.0,18,,mcb_nnknn,485,1506,510,599,0,907,510,0,0,0.9751226666666667,0.9751226666666667,True,"[0.1991977095603943, 0.8008022904396057]","[0.4925168454647064, 0.5074831247329712]","[261, 224]",-2.8929614927619696e-05,0.0007567793945781887,0.003992587327957153
2011,80,46.0,46,30.978944778442383,mcb_nnknn,478,1607,555,651,0,956,555,0,0,0.97454,0.97454,True,"[0.6981306076049805, 0.30186939239501953]","[0.5050444006919861, 0.4949555993080139]","[261, 217]",0.0,0.000804638781119138,0.004269499331712723
2022,81,11.0,11,,mcb_nnknn,478,1607,555,651,0,956,555,0,0,0.9744006666666667,0.9744006666666667,True,"[0.3981974124908447, 0.6018026471138]","[0.4973939061164856, 0.5026060938835144]","[261, 217]",0.0,0.000804638781119138,0.004269499331712723
2035,82,13.0,13,,mcb_nnknn,478,1607,555,651,0,956,555,0,0,0.974236,0.974236,True,"[0.3983532786369324, 0.6016467213630676]","[0.49738118052482605, 0.5026188492774963]","[261, 217]",0.0,0.000804638781119138,0.004269499331712723
2048,83,13.0,13,,mcb_nnknn,478,1607,555,651,0,956,555,0,0,0.9740713333333333,0.9740713333333333,True,"[0.3982032537460327, 0.6017968058586121]","[0.49736055731773376, 0.5026394724845886]","[261, 217]",0.0,0.000804638781119138,0.004269499331712723
2072,84,24.0,24,29.450794219970703,mcb_nnknn,500,1631,592,651,0,980,592,0,0,0.9737673333333333,0.9737673333333333,True,"[0.5005565285682678, 0.49944350123405457]","[0.50001460313797, 0.49998539686203003]","[274, 226]",-0.0004999830853193998,0.0007579854573123157,0.004768868442624807
2100,85,28.0,28,,mcb_nnknn,500,1631,592,651,0,980,592,0,0,0.9734126666666667,0.9734126666666667,True,"[0.601061224937439, 0.39893877506256104]","[0.5026869177818298, 0.4973130524158478]","[274, 226]",-0.0004999830853193998,0.0007579854573123157,0.004768868442624807
2138,86,38.0,38,,mcb_nnknn,500,1631,592,651,0,980,592,0,0,0.9729313333333334,0.9729313333333334,True,"[0.9027225971221924, 0.09727738797664642]","[0.510901153087616, 0.48909884691238403]","[274, 226]",-0.0004999830853193998,0.0007579854573123157,0.004768868442624807
2168,87,30.0,30,,mcb_nnknn,500,1631,592,651,0,980,592,0,0,0.9725513333333333,0.9725513333333333,True,"[0.39956098794937134, 0.6004390716552734]","[0.49724307656288147, 0.5027568936347961]","[274, 226]",-0.0004999830853193998,0.0007579854573123157,0.004768868442624807
2196,88,28.0,28,34.89805603027344,mcb_nnknn,500,1742,681,721,6,1021,675,0,0,0.9721966666666667,0.9721966666666667,True,"[0.09228485822677612, 0.9077152013778687]","[0.4886641502380371, 0.5113358497619629]","[268, 232]",0.0,0.0008190027438104153,0.004820138681679964
2215,89,19.0,19,,mcb_nnknn,500,1742,681,721,6,1021,675,0,0,0.971956,0.971956,True,"[0.7026557326316833, 0.29734423756599426]","[0.5056833028793335, 0.4943167269229889]","[268, 232]",0.0,0.0008190027438104153,0.004820138681679964
2249,90,34.0,34,,mcb_nnknn,500,1742,681,721,6,1021,675,0,0,0.9715253333333334,0.9715253333333334,True,"[0.8012337684631348, 0.19876629114151]","[0.5085775256156921, 0.49142247438430786]","[268, 232]",0.0,0.0008190027438104153,0.004820138681679964
2264,91,15.0,15,,mcb_nnknn,500,1742,681,721,6,1021,675,0,0,0.9713353333333333,0.9713353333333333,True,"[0.6979825496673584, 0.3020174503326416]","[0.5056750774383545, 0.4943248927593231]","[268, 232]",0.0,0.0008190027438104153,0.004820138681679964
2275,92,11.0,11,18.188215255737305,mcb_nnknn,493,1831,712,762,6,1069,706,0,0,0.971196,0.971196,True,"[0.799083948135376, 0.20091605186462402]","[0.5086148381233215, 0.49138519167900085]","[263, 230]",0.0,0.0009025976178236306,0.004646482411772013
2295,93,20.0,20,,mcb_nnknn,493,1831,712,762,6,1069,706,0,0,0.9709426666666666,0.9709426666666666,True,"[0.5992644429206848, 0.4007355272769928]","[0.5028843879699707, 0.4971156418323517]","[263, 230]",0.0,0.0009025976178236306,0.004646482411772013
2307,94,12.0,12,,mcb_nnknn,493,1831,712,762,6,1069,706,0,0,0.9707906666666667,0.9707906666666667,True,"[0.7971348762512207, 0.20286518335342407]","[0.5086790919303894, 0.4913209080696106]","[263, 230]",0.0,0.0009025976178236306,0.004646482411772013
2333,95,26.0,26,,mcb_nnknn,493,1831,712,762,6,1069,706,0,0,0.9704613333333333,0.9704613333333333,True,"[0.8982548713684082, 0.10174509882926941]","[0.5117639303207397, 0.48823606967926025]","[263, 230]",0.0,0.0009025976178236306,0.004646482411772013
2346,96,13.0,13,10.364017486572266,mcb_nnknn,492,1884,755,787,6,1097,749,0,0,0.9702966666666667,0.9702966666666667,True,"[0.8018053770065308, 0.198194682598114]","[0.5089645981788635, 0.4910353720188141]","[270, 222]",-5.444162525236607e-07,0.0009151228587143123,0.004826651886105537
2384,97,38.0,38,,mcb_nnknn,492,1884,755,787,6,1097,749,0,0,0.9698153333333334,0.9698153333333334,True,"[0.6085023283958435, 0.3914976418018341]","[0.5032750964164734, 0.4967249035835266]","[270, 222]",-5.444162525236607e-07,0.0009151228587143123,0.004826651886105537
2397,98,13.0,13,,mcb_nnknn,492,1884,755,787,6,1097,749,0,0,0.9696506666666667,0.9696506666666667,True,"[0.6026144623756409, 0.3973855674266815]","[0.5031142830848694, 0.4968857169151306]","[270, 222]",-5.444162525236607e-07,0.0009151228587143123,0.004826651886105537
2421,99,24.0,24,,mcb_nnknn,492,1884,755,787,6,1097,749,0,0,0.9693466666666667,0.9693466666666667,True,"[0.20052555203437805, 0.7994744777679443]","[0.49082010984420776, 0.5091798901557922]","[270, 222]",-5.444162525236607e-07,0.0009151228587143123,0.004826651886105537
2447,100,26.0,26,35.54022216796875,mcb_nnknn,500,1931,853,811,26,1120,827,0,0,0.9690173333333333,0.9690173333333333,True,"[0.2000643014907837, 0.7999356985092163]","[0.4907071888446808, 0.5092927813529968]","[268, 232]",0.0,0.0009452978847548366,0.005170098505914211
2467,101,20.0,20,,mcb_nnknn,500,1931,853,811,26,1120,827,0,0,0.968764,0.968764,True,"[0.9069373607635498, 0.09306264668703079]","[0.5127111077308655, 0.4872889220714569]","[268, 232]",0.0,0.0009452978847548366,0.005170098505914211
2483,102,16.0,16,,mcb_nnknn,500,1931,853,811,26,1120,827,0,0,0.9685613333333334,0.9685613333333334,True,"[0.8985227346420288, 0.10147727280855179]","[0.5125290155410767, 0.48747098445892334]","[268, 232]",0.0,0.0009452978847548366,0.005170098505914211
2503,103,20.0,20,,mcb_nnknn,500,1931,853,811,26,1120,827,0,0,0.968308,0.968308,True,"[1.0, 0.0]","[0.5158460140228271, 0.48415398597717285]","[268, 232]",0.0,0.0009452978847548366,0.005170098505914211
2550,104,47.0,47,28.189916610717773,mcb_nnknn,500,1999,944,848,45,1151,899,0,0,0.9677126666666667,0.9677126666666667,True,"[1.0, 0.0]","[0.5161436796188354, 0.48385632038116455]","[272, 228]",0.0,0.0009504680056124926,0.0053918929770588875
2571,105,21.0,21,,mcb_nnknn,500,1999,944,848,45,1151,899,0,0,0.9674466666666667,0.9674466666666667,True,"[0.9012935161590576, 0.09870646148920059]","[0.5130634307861328, 0.4869365692138672]","[272, 228]",0.0,0.0009504680056124926,0.0053918929770588875
2600,106,29.0,29,,mcb_nnknn,500,1999,944,848,45,1151,899,0,0,0.9670793333333333,0.9670793333333333,True,"[0.8017852306365967, 0.1982148289680481]","[0.5099349617958069, 0.4900650382041931]","[272, 228]",0.0,0.0009504680056124926,0.0053918929770588875
2624,107,24.0,24,,mcb_nnknn,500,1999,944,848,45,1151,899,0,0,0.9667753333333333,0.9667753333333333,True,"[0.6954709887504578, 0.30452901124954224]","[0.5064944624900818, 0.4935055375099182]","[272, 228]",0.0,0.0009504680056124926,0.0053918929770588875
2639,108,15.0,15,14.753646850585938,mcb_nnknn,499,2092,978,886,45,1206,933,0,0,0.9665853333333333,0.9665853333333333,True,"[1.0, 0.0]","[0.5167073011398315, 0.48329266905784607]","[279, 220]",0.0,0.0010058338521048427,0.00573374517261982
2667,109,28.0,28,,mcb_nnknn,499,2092,978,886,45,1206,933,0,0,0.9662306666666667,0.9662306666666667,True,"[0.5993126630783081, 0.40068739652633667]","[0.5033537149429321, 0.49664628505706787]","[279, 220]",0.0,0.0010058338521048427,0.00573374517261982
2691,110,24.0,24,,mcb_nnknn,499,2092,978,886,45,1206,933,0,0,0.9659266666666667,0.9659266666666667,True,"[1.0, 0.0]","[0.5170366764068604, 0.48296332359313965]","[279, 220]",0.0,0.0010058338521048427,0.00573374517261982
2705,111,14.0,14,,mcb_nnknn,499,2092,978,886,45,1206,933,0,0,0.9657493333333333,0.9657493333333333,True,"[0.9026435017585754, 0.09735651314258575]","[0.5137907862663269, 0.4862091839313507]","[279, 220]",0.0,0.0010058338521048427,0.00573374517261982
2735,112,30.0,30,16.389606475830078,mcb_nnknn,500,2164,1052,916,65,1248,987,0,0,0.9653693333333333,0.9653693333333333,True,"[0.8998904824256897, 0.1001095175743103]","[0.5138484835624695, 0.4861515164375305]","[280, 220]",0.0,0.001020617550238967,0.005669422913342714
2749,113,14.0,14,,mcb_nnknn,500,2164,1052,916,65,1248,987,0,0,0.965192,0.965192,True,"[0.9011192917823792, 0.09888069331645966]","[0.5139621496200562, 0.48603785037994385]","[280, 220]",0.0,0.001020617550238967,0.005669422913342714
2760,114,11.0,11,,mcb_nnknn,500,2164,1052,916,65,1248,987,0,0,0.9650526666666667,0.9650526666666667,True,"[0.4050927758216858, 0.5949072241783142]","[0.4966832399368286, 0.5033167600631714]","[280, 220]",0.0,0.001020617550238967,0.005669422913342714
2793,115,33.0,33,,mcb_nnknn,500,2164,1052,916,65,1248,987,0,0,0.9646346666666666,0.9646346666666666,True,"[0.3094901740550995, 0.6905098557472229]","[0.49326255917549133, 0.506737470626831]","[280, 220]",0.0,0.001020617550238967,0.005669422913342714
2806,116,13.0,13,19.89936065673828,mcb_nnknn,498,2219,1093,941,65,1278,1028,0,0,0.96447,0.96447,True,"[0.0, 1.0]","[0.48223501443862915, 0.5177649855613708]","[277, 221]",-9.827257599681616e-06,0.0010532080195844173,0.005576995201408863
2834,117,28.0,28,,mcb_nnknn,498,2219,1093,941,65,1278,1028,0,0,0.9641153333333333,0.9641153333333333,True,"[1.0, 0.0]","[0.5179423093795776, 0.4820576608181]","[277, 221]",-9.827257599681616e-06,0.0010532080195844173,0.005576995201408863
2845,118,11.0,11,,mcb_nnknn,498,2219,1093,941,65,1278,1028,0,0,0.9639759999999999,0.9639759999999999,True,"[0.8041632175445557, 0.1958368420600891]","[0.5109571814537048, 0.48904284834861755]","[277, 221]",-9.827257599681616e-06,0.0010532080195844173,0.005576995201408863
2864,119,19.0,19,,mcb_nnknn,498,2219,1093,941,65,1278,1028,0,0,0.9637353333333334,0.9637353333333334,True,"[0.9015402793884277, 0.09845970571041107]","[0.5145617127418518, 0.4854382872581482]","[277, 221]",-9.827257599681616e-06,0.0010532080195844173,0.005576995201408863
2926,120,62.0,62,77.34354400634766,mcb_nnknn,500,2296,1208,981,97,1315,1111,0,0,0.96295,0.96295,True,"[0.09887684136629105, 0.9011231660842896]","[0.4851383864879608, 0.5148616433143616]","[276, 224]",0.0,0.0010698933620005846,0.005647215060889721
2955,121,29.0,29,,mcb_nnknn,500,2296,1208,981,97,1315,1111,0,0,0.9625826666666667,0.9625826666666667,True,"[0.30667829513549805, 0.693321704864502]","[0.492766410112381, 0.5072335600852966]","[276, 224]",0.0,0.0010698933620005846,0.005647215060889721
3015,122,60.0,60,,mcb_nnknn,500,2296,1208,981,97,1315,1111,0,0,0.9618226666666667,0.9618226666666667,True,"[0.1985776424407959, 0.8014224171638489]","[0.48849251866340637, 0.511507511138916]","[276, 224]",0.0,0.0010698933620005846,0.005647215060889721
3033,123,18.0,18,,mcb_nnknn,500,2296,1208,981,97,1315,1111,0,0,0.9615946666666667,0.9615946666666667,True,"[0.30468806624412537, 0.695311963558197]","[0.4924989640712738, 0.5075010061264038]","[276, 224]",0.0,0.0010698933620005846,0.005647215060889721
3045,124,12.0,12,76.70679473876953,mcb_nnknn,500,2410,1269,1030,104,1380,1165,0,0,0.9614426666666667,0.9614426666666667,True,"[0.602782666683197, 0.39721739292144775]","[0.503963053226471, 0.49603697657585144]","[269, 231]",0.0,0.0011030478635802865,0.006145825609564781
3067,125,22.0,22,,mcb_nnknn,500,2410,1269,1030,104,1380,1165,0,0,0.961164,0.961164,True,"[0.7975471615791321, 0.20245283842086792]","[0.511555552482605, 0.488444447517395]","[269, 231]",0.0,0.0011030478635802865,0.006145825609564781
3109,126,42.0,42,,mcb_nnknn,500,2410,1269,1030,104,1380,1165,0,0,0.960632,0.960632,True,"[0.7973875403404236, 0.20261244475841522]","[0.5117075443267822, 0.4882924556732178]","[269, 231]",0.0,0.0011030478635802865,0.006145825609564781
3137,127,28.0,28,,mcb_nnknn,500,2410,1269,1030,104,1380,1165,0,0,0.9602773333333333,0.9602773333333333,True,"[0.40146109461784363, 0.5985389351844788]","[0.4960857629776001, 0.5039142370223999]","[269, 231]",0.0,0.0011030478635802865,0.006145825609564781
3149,128,12.0,12,41.32868576049805,mcb_nnknn,500,2492,1345,1065,123,1427,1222,0,0,0.9601253333333333,0.9601253333333333,True,"[0.20516476035118103, 0.7948352694511414]","[0.48824355006217957, 0.5117564797401428]","[265, 235]",0.0,0.0011435584165155888,0.006645395886152983
3206,129,57.0,57,,mcb_nnknn,500,2492,1345,1065,123,1427,1222,0,0,0.9594033333333334,0.9594033333333334,True,"[0.8008849024772644, 0.1991150975227356]","[0.5122148990631104, 0.48778507113456726]","[265, 235]",0.0,0.0011435584165155888,0.006645395886152983
3246,130,40.0,40,,mcb_nnknn,500,2492,1345,1065,123,1427,1222,0,0,0.9588966666666666,0.9588966666666666,True,"[0.8010749220848083, 0.19892512261867523]","[0.5123751759529114, 0.4876248240470886]","[265, 235]",0.0,0.0011435584165155888,0.006645395886152983
3274,131,28.0,28,,mcb_nnknn,500,2492,1345,1065,123,1427,1222,0,0,0.958542,0.958542,True,"[0.7984436750411987, 0.20155629515647888]","[0.5123728513717651, 0.4876271188259125]","[265, 235]",0.0,0.0011435584165155888,0.006645395886152983
3300,132,26.0,26,41.18222427368164,mcb_nnknn,500,2579,1499,1104,174,1475,1325,0,0,0.9582126666666667,0.9582126666666667,True,"[0.20481181144714355, 0.7951881885528564]","[0.4876648783683777, 0.5123351216316223]","[267, 233]",0.0,0.0011739219771698117,0.006230308674275875
3315,133,15.0,15,,mcb_nnknn,500,2579,1499,1104,174,1475,1325,0,0,0.9580226666666667,0.9580226666666667,True,"[0.4039217233657837, 0.5960782766342163]","[0.4959668815135956, 0.504033088684082]","[267, 233]",0.0,0.0011739219771698117,0.006230308674275875
3334,134,19.0,19,,mcb_nnknn,500,2579,1499,1104,174,1475,1325,0,0,0.957782,0.957782,True,"[0.7010132670402527, 0.2989867329597473]","[0.5084863901138306, 0.49151360988616943]","[267, 233]",0.0,0.0011739219771698117,0.006230308674275875
3347,135,13.0,13,,mcb_nnknn,500,2579,1499,1104,174,1475,1325,0,0,0.9576173333333333,0.9576173333333333,True,"[0.40828973054885864, 0.5917102694511414]","[0.4961130619049072, 0.5038869380950928]","[267, 233]",0.0,0.0011739219771698117,0.006230308674275875
3372,136,25.0,25,22.723407745361328,mcb_nnknn,494,2639,1536,1129,174,1510,1362,0,0,0.9573006666666667,0.9573006666666667,True,"[1.0, 0.0]","[0.5213496685028076, 0.4786503314971924]","[259, 235]",-3.2067124266177416e-05,0.0012255902402102947,0.00672971922904253
3384,137,12.0,12,,mcb_nnknn,494,2639,1536,1129,174,1510,1362,0,0,0.9571486666666666,0.9571486666666666,True,"[0.393064022064209, 0.6069360375404358]","[0.49541765451431274, 0.5045823454856873]","[259, 235]",-3.2067124266177416e-05,0.0012255902402102947,0.00672971922904253
3394,138,10.0,10,,mcb_nnknn,494,2639,1536,1129,174,1510,1362,0,0,0.957022,0.957022,True,"[0.9017574787139893, 0.09824254363775253]","[0.5172667503356934, 0.48273327946662903]","[259, 235]",-3.2067124266177416e-05,0.0012255902402102947,0.00672971922904253
3409,139,15.0,15,,mcb_nnknn,494,2639,1536,1129,174,1510,1362,0,0,0.956832,0.956832,True,"[0.8979373574256897, 0.1020626425743103]","[0.5171781778335571, 0.48282182216644287]","[259, 235]",-3.2067124266177416e-05,0.0012255902402102947,0.00672971922904253
3440,140,31.0,31,26.862817764282227,mcb_nnknn,492,2687,1581,1154,174,1533,1407,0,0,0.9564393333333333,0.9564393333333333,True,"[0.8989664912223816, 0.10103350132703781]","[0.5173792839050293, 0.4826207458972931]","[267, 225]",-4.237517714500427e-08,0.0012734655756503344,0.006622659508138895
3456,141,16.0,16,,mcb_nnknn,492,2687,1581,1154,174,1533,1407,0,0,0.9562366666666666,0.9562366666666666,True,"[0.9031662940979004, 0.0968337431550026]","[0.517643928527832, 0.48235610127449036]","[267, 225]",-4.237517714500427e-08,0.0012734655756503344,0.006622659508138895
3468,142,12.0,12,,mcb_nnknn,492,2687,1581,1154,174,1533,1407,0,0,0.9560846666666667,0.9560846666666667,True,"[0.605583906173706, 0.39441612362861633]","[0.5046367645263672, 0.4953632354736328]","[267, 225]",-4.237517714500427e-08,0.0012734655756503344,0.006622659508138895
3482,143,14.0,14,,mcb_nnknn,492,2687,1581,1154,174,1533,1407,0,0,0.9559073333333333,0.9559073333333333,True,"[0.9037132263183594, 0.09628680348396301]","[0.5178008079528809, 0.48219922184944153]","[267, 225]",-4.237517714500427e-08,0.0012734655756503344,0.006622659508138895
3510,144,28.0,28,24.794565200805664,mcb_nnknn,490,2736,1623,1175,174,1561,1449,0,0,0.9555526666666667,0.9555526666666667,True,"[0.7991049289703369, 0.20089507102966309]","[0.5132943987846375, 0.48670557141304016]","[267, 223]",0.0,0.001277436502277851,0.0071221450343728065
3529,145,19.0,19,,mcb_nnknn,490,2736,1623,1175,174,1561,1449,0,0,0.955312,0.955312,True,"[0.10005193948745728, 0.8999481201171875]","[0.4821271300315857, 0.5178728699684143]","[267, 223]",0.0,0.001277436502277851,0.0071221450343728065
3591,146,62.0,62,,mcb_nnknn,490,2736,1623,1175,174,1561,1449,0,0,0.9545266666666666,0.9545266666666666,True,"[0.6970758438110352, 0.30292415618896484]","[0.5089616775512695, 0.4910382926464081]","[267, 223]",0.0,0.001277436502277851,0.0071221450343728065
3602,147,11.0,11,,mcb_nnknn,490,2736,1623,1175,174,1561,1449,0,0,0.9543873333333334,0.9543873333333334,True,"[0.603874683380127, 0.39612531661987305]","[0.5047380328178406, 0.4952619969844818]","[267, 223]",0.0,0.001277436502277851,0.0071221450343728065
3658,148,56.0,56,70.2990493774414,mcb_nnknn,500,2819,1775,1216,220,1603,1555,0,0,0.953678,0.953678,True,"[0.9053934812545776, 0.09460652619600296]","[0.5187786221504211, 0.48122137784957886]","[277, 223]",0.0,0.0012677491176873446,0.007621658965945244
3676,149,18.0,18,,mcb_nnknn,500,2819,1775,1216,220,1603,1555,0,0,0.95345,0.95345,True,"[0.9009588360786438, 0.0990411713719368]","[0.5186645984649658, 0.4813353717327118]","[277, 223]",0.0,0.0012677491176873446,0.007621658965945244
3695,150,19.0,19,,mcb_nnknn,500,2819,1775,1216,220,1603,1555,0,0,0.9532093333333334,0.9532093333333334,True,"[0.800518274307251, 0.19948174059391022]","[0.514061450958252, 0.48593854904174805]","[277, 223]",0.0,0.0012677491176873446,0.007621658965945244
3731,151,36.0,36,,mcb_nnknn,500,2819,1775,1216,220,1603,1555,0,0,0.9527533333333333,0.9527533333333333,True,"[0.4004506468772888, 0.599549412727356]","[0.4952966272830963, 0.5047034025192261]","[277, 223]",0.0,0.0012677491176873446,0.007621658965945244
3756,152,25.0,25,25.243728637695312,mcb_nnknn,500,2888,1846,1248,230,1640,1616,0,0,0.9524366666666667,0.9524366666666667,True,"[0.40072253346443176, 0.5992774367332458]","[0.4952780306339264, 0.5047219395637512]","[275, 225]",0.0,0.001324812532402575,0.007504839915782213
3806,153,50.0,50,,mcb_nnknn,500,2888,1846,1248,230,1640,1616,0,0,0.9518033333333333,0.9518033333333333,True,"[1.0, 0.0]","[0.5240983366966248, 0.47590166330337524]","[275, 225]",0.0,0.001324812532402575,0.007504839915782213
3815,154,9.0,9,,mcb_nnknn,500,2888,1846,1248,230,1640,1616,0,0,0.9516893333333334,0.9516893333333334,True,"[0.5019041299819946, 0.498095840215683]","[0.5000919699668884, 0.4999080002307892]","[275, 225]",0.0,0.001324812532402575,0.007504839915782213
3828,155,13.0,13,,mcb_nnknn,500,2888,1846,1248,230,1640,1616,0,0,0.9515246666666667,0.9515246666666667,True,"[0.9015055298805237, 0.0984945297241211]","[0.5194631218910217, 0.48053687810897827]","[275, 225]",0.0,0.001324812532402575,0.007504839915782213
3858,156,30.0,30,69.73810577392578,mcb_nnknn,500,2977,1913,1289,243,1688,1670,0,0,0.9511446666666666,0.9511446666666666,True,"[0.0, 1.0]","[0.4755723476409912, 0.5244276523590088]","[279, 221]",0.0,0.001350325532257557,0.007999973371624947
3870,157,12.0,12,,mcb_nnknn,500,2977,1913,1289,243,1688,1670,0,0,0.9509926666666667,0.9509926666666667,True,"[0.4987160265445709, 0.5012840032577515]","[0.4999370872974396, 0.5000629425048828]","[279, 221]",0.0,0.001350325532257557,0.007999973371624947
3883,158,13.0,13,,mcb_nnknn,500,2977,1913,1289,243,1688,1670,0,0,0.950828,0.950828,True,"[0.3001209795475006, 0.699878990650177]","[0.49017155170440674, 0.5098284482955933]","[279, 221]",0.0,0.001350325532257557,0.007999973371624947
3907,159,24.0,24,,mcb_nnknn,500,2977,1913,1289,243,1688,1670,0,0,0.950524,0.950524,True,"[0.0993034616112709, 0.9006965160369873]","[0.4801751375198364, 0.5198248624801636]","[279, 221]",0.0,0.001350325532257557,0.007999973371624947
3932,160,25.0,25,18.50946044921875,mcb_nnknn,500,3008,1979,1306,249,1702,1730,0,0,0.9502073333333333,0.9502073333333333,True,"[0.10279691219329834, 0.8972030878067017]","[0.4802221953868866, 0.519777774810791]","[283, 217]",0.0,0.0013687873724848032,0.008499864488840103
3951,161,19.0,19,,mcb_nnknn,500,3008,1979,1306,249,1702,1730,0,0,0.9499666666666666,0.9499666666666666,True,"[0.10548876225948334, 0.8945112824440002]","[0.48026129603385925, 0.5197387337684631]","[283, 217]",0.0,0.0013687873724848032,0.008499864488840103
3972,162,21.0,21,,mcb_nnknn,500,3008,1979,1306,249,1702,1730,0,0,0.9497006666666666,0.9497006666666666,True,"[0.8007984161376953, 0.19920161366462708]","[0.5151299834251404, 0.484870046377182]","[283, 217]",0.0,0.0013687873724848032,0.008499864488840103
4002,163,30.0,30,,mcb_nnknn,500,3008,1979,1306,249,1702,1730,0,0,0.9493206666666667,0.9493206666666667,True,"[0.0, 1.0]","[0.47466033697128296, 0.525339663028717]","[283, 217]",0.0,0.0013687873724848032,0.008499864488840103
4025,164,23.0,23,13.404394149780273,mcb_nnknn,499,3090,2030,1346,249,1744,1781,0,0,0.9490293333333333,0.9490293333333333,True,"[0.8002634048461914, 0.19973665475845337]","[0.5153046250343323, 0.4846953749656677]","[284, 215]",0.0,0.0014170913491398096,0.008373000659048557
4044,165,19.0,19,,mcb_nnknn,499,3090,2030,1346,249,1744,1781,0,0,0.9487886666666667,0.9487886666666667,True,"[0.0, 1.0]","[0.4743943214416504, 0.5256056785583496]","[284, 215]",0.0,0.0014170913491398096,0.008373000659048557
4064,166,20.0,20,,mcb_nnknn,499,3090,2030,1346,249,1744,1781,0,0,0.9485353333333333,0.9485353333333333,True,"[0.602196455001831, 0.39780351519584656]","[0.5052595138549805, 0.49474048614501953]","[284, 215]",0.0,0.0014170913491398096,0.008373000659048557
4076,167,12.0,12,,mcb_nnknn,499,3090,2030,1346,249,1744,1781,0,0,0.9483833333333334,0.9483833333333334,True,"[0.104961097240448, 0.8950389623641968]","[0.4796094000339508, 0.5203905701637268]","[284, 215]",0.0,0.0014170913491398096,0.008373000659048557
4118,168,42.0,42,34.6775016784668,mcb_nnknn,500,3128,2127,1363,274,1765,1853,0,0,0.9478513333333334,0.9478513333333334,True,"[0.10721836239099503, 0.8927816152572632]","[0.47951698303222656, 0.5204830169677734]","[287, 213]",0.0,0.0014169433852657676,0.008247367106378078
4150,169,32.0,32,,mcb_nnknn,500,3128,2127,1363,274,1765,1853,0,0,0.947446,0.947446,True,"[0.49557700753211975, 0.5044229626655579]","[0.499767541885376, 0.500232458114624]","[287, 213]",0.0,0.0014169433852657676,0.008247367106378078
4183,170,33.0,33,,mcb_nnknn,500,3128,2127,1363,274,1765,1853,0,0,0.947028,0.947028,True,"[0.8009042739868164, 0.1990956962108612]","[0.5159395337104797, 0.48406049609184265]","[287, 213]",0.0,0.0014169433852657676,0.008247367106378078
4202,171,19.0,19,,mcb_nnknn,500,3128,2127,1363,274,1765,1853,0,0,0.9467873333333333,0.9467873333333333,True,"[0.2083902657032013, 0.7916097640991211]","[0.48448267579078674, 0.5155173540115356]","[287, 213]",0.0,0.0014169433852657676,0.008247367106378078
4218,172,16.0,16,33.299888610839844,mcb_nnknn,500,3204,2202,1397,291,1807,1911,0,0,0.9465846666666666,0.9465846666666666,True,"[0.8008105754852295, 0.1991894543170929]","[0.5160679221153259, 0.48393210768699646]","[284, 216]",0.0,0.001461744075641036,0.008123336359858513
4238,173,20.0,20,,mcb_nnknn,500,3204,2202,1397,291,1807,1911,0,0,0.9463313333333333,0.9463313333333333,True,"[0.7019799947738647, 0.29802003502845764]","[0.5108399987220764, 0.4891600012779236]","[284, 216]",0.0,0.001461744075641036,0.008123336359858513
4273,174,35.0,35,,mcb_nnknn,500,3204,2202,1397,291,1807,1911,0,0,0.945888,0.945888,True,"[0.20266500115394592, 0.7973350286483765]","[0.48391059041023254, 0.5160893797874451]","[284, 216]",0.0,0.001461744075641036,0.008123336359858513
4288,175,15.0,15,,mcb_nnknn,500,3204,2202,1397,291,1807,1911,0,0,0.945698,0.945698,True,"[0.10584190487861633, 0.894158124923706]","[0.47859644889831543, 0.5214035511016846]","[284, 216]",0.0,0.001461744075641036,0.008123336359858513
4347,176,59.0,59,50.6288948059082,mcb_nnknn,500,3262,2348,1422,341,1840,2007,0,0,0.9449506666666667,0.9449506666666667,True,"[0.10349074751138687, 0.8965092301368713]","[0.4781724214553833, 0.5218275785446167]","[290, 210]",0.0,0.0015209873672574759,0.008622676134109497
4360,177,13.0,13,,mcb_nnknn,500,3262,2348,1422,341,1840,2007,0,0,0.944786,0.944786,True,"[0.8998880386352539, 0.1001119315624237]","[0.5220794081687927, 0.4779205918312073]","[290, 210]",0.0,0.0015209873672574759,0.008622676134109497
4378,178,18.0,18,,mcb_nnknn,500,3262,2348,1422,341,1840,2007,0,0,0.944558,0.944558,True,"[0.20659548044204712, 0.7934045791625977]","[0.48373308777809143, 0.516266942024231]","[290, 210]",0.0,0.0015209873672574759,0.008622676134109497
4426,179,48.0,48,,mcb_nnknn,500,3262,2348,1422,341,1840,2007,0,0,0.94395,0.94395,True,"[1.0, 0.0]","[0.5280250310897827, 0.4719749987125397]","[290, 210]",0.0,0.0015209873672574759,0.008622676134109497
4442,180,16.0,16,42.68216323852539,mcb_nnknn,500,3328,2420,1459,347,1869,2073,0,0,0.9437473333333334,0.9437473333333334,True,"[0.8026217818260193, 0.1973782181739807]","[0.5170232653617859, 0.4829767346382141]","[291, 209]",0.0,0.0015372876077890396,0.00869239866733551
4466,181,24.0,24,,mcb_nnknn,500,3328,2420,1459,347,1869,2073,0,0,0.9434433333333333,0.9434433333333333,True,"[0.603364884853363, 0.39663514494895935]","[0.5058459639549255, 0.49415403604507446]","[291, 209]",0.0,0.0015372876077890396,0.00869239866733551
4480,182,14.0,14,,mcb_nnknn,500,3328,2420,1459,347,1869,2073,0,0,0.943266,0.943266,True,"[0.6995657086372375, 0.3004343509674072]","[0.5113221406936646, 0.48867782950401306]","[291, 209]",0.0,0.0015372876077890396,0.00869239866733551
4500,183,20.0,20,,mcb_nnknn,500,3328,2420,1459,347,1869,2073,0,0,0.9430126666666667,0.9430126666666667,True,"[0.700353741645813, 0.2996463179588318]","[0.5114176273345947, 0.4885823726654053]","[291, 209]",0.0,0.0015372876077890396,0.00869239866733551
4550,184,50.0,50,44.47800827026367,mcb_nnknn,500,3390,2530,1482,388,1908,2142,0,0,0.9423793333333333,0.9423793333333333,True,"[0.30358922481536865, 0.6964108347892761]","[0.48868268728256226, 0.5113173127174377]","[299, 201]",0.0,0.0015648284461349249,0.009188774973154068
4627,185,77.0,77,,mcb_nnknn,500,3390,2530,1482,388,1908,2142,0,0,0.941404,0.941404,True,"[0.6089234352111816, 0.39107653498649597]","[0.5063824653625488, 0.49361753463745117]","[299, 201]",0.0,0.0015648284461349249,0.009188774973154068
4644,186,17.0,17,,mcb_nnknn,500,3390,2530,1482,388,1908,2142,0,0,0.9411886666666667,0.9411886666666667,True,"[0.701033890247345, 0.29896607995033264]","[0.5118230581283569, 0.48817694187164307]","[299, 201]",0.0,0.0015648284461349249,0.009188774973154068
4658,187,14.0,14,,mcb_nnknn,500,3390,2530,1482,388,1908,2142,0,0,0.9410113333333333,0.9410113333333333,True,"[0.0, 1.0]","[0.47050565481185913, 0.5294943451881409]","[299, 201]",0.0,0.0015648284461349249,0.009188774973154068
4674,188,16.0,16,72.84434509277344,mcb_nnknn,500,3430,2689,1500,445,1930,2244,0,0,0.9408086666666666,0.9408086666666666,True,"[0.5116820931434631, 0.48831793665885925]","[0.5006914734840393, 0.4993085265159607]","[300, 200]",0.0,0.0015890543581917882,0.008832644671201706
4687,189,13.0,13,,mcb_nnknn,500,3430,2689,1500,445,1930,2244,0,0,0.940644,0.940644,True,"[0.5958013534545898, 0.40419861674308777]","[0.5056864023208618, 0.49431362748146057]","[300, 200]",0.0,0.0015890543581917882,0.008832644671201706
4707,190,20.0,20,,mcb_nnknn,500,3430,2689,1500,445,1930,2244,0,0,0.9403906666666667,0.9403906666666667,True,"[0.5029272437095642, 0.4970727562904358]","[0.5001744627952576, 0.49982550740242004]","[300, 200]",0.0,0.0015890543581917882,0.008832644671201706
4735,191,28.0,28,,mcb_nnknn,500,3430,2689,1500,445,1930,2244,0,0,0.940036,0.940036,True,"[0.09086836129426956, 0.909131646156311]","[0.4754668176174164, 0.5245331525802612]","[300, 200]",0.0,0.0015890543581917882,0.008832644671201706
4756,192,21.0,21,28.084117889404297,mcb_nnknn,500,3460,2775,1511,468,1949,2307,0,0,0.93977,0.93977,True,"[0.4101276099681854, 0.589872419834137]","[0.4945869743824005, 0.5054129958152771]","[292, 208]",0.0,0.0015834772493690252,0.009332495741546154
4798,193,42.0,42,,mcb_nnknn,500,3460,2775,1511,468,1949,2307,0,0,0.939238,0.939238,True,"[1.0, 0.0]","[0.5303809642791748, 0.4696190059185028]","[292, 208]",0.0,0.0015834772493690252,0.009332495741546154
4835,194,37.0,37,,mcb_nnknn,500,3460,2775,1511,468,1949,2307,0,0,0.9387693333333333,0.9387693333333333,True,"[0.30323830246925354, 0.6967617273330688]","[0.4879521429538727, 0.5120478272438049]","[292, 208]",0.0,0.0015834772493690252,0.009332495741546154
4894,195,59.0,59,,mcb_nnknn,500,3460,2775,1511,468,1949,2307,0,0,0.938022,0.938022,True,"[0.38852736353874207, 0.6114726662635803]","[0.4930911660194397, 0.5069088339805603]","[292, 208]",0.0,0.0015834772493690252,0.009332495741546154
4909,196,15.0,15,43.63145065307617,mcb_nnknn,500,3540,2949,1545,535,1995,2414,0,0,0.937832,0.937832,True,"[0.3127536475658417, 0.6872463822364807]","[0.488359272480011, 0.511640727519989]","[293, 207]",0.0,0.001611243118532002,0.008833232335746288
4923,197,14.0,14,,mcb_nnknn,500,3540,2949,1545,535,1995,2414,0,0,0.9376546666666666,0.9376546666666666,True,"[0.40115079283714294, 0.5988492369651794]","[0.4938372075557709, 0.5061627626419067]","[293, 207]",0.0,0.001611243118532002,0.008833232335746288
4961,198,38.0,38,,mcb_nnknn,500,3540,2949,1545,535,1995,2414,0,0,0.9371733333333333,0.9371733333333333,True,"[0.20190420746803284, 0.7980958223342896]","[0.4812716245651245, 0.5187283754348755]","[293, 207]",0.0,0.001611243118532002,0.008833232335746288
4976,199,15.0,15,,mcb_nnknn,500,3540,2949,1545,535,1995,2414,0,0,0.9369833333333333,0.9369833333333333,True,"[0.6985884308815002, 0.30141156911849976]","[0.5125143527984619, 0.4874856173992157]","[293, 207]",0.0,0.001611243118532002,0.008833232335746288
5034,200,58.0,58,46.69572830200195,mcb_nnknn,500,3577,3103,1566,580,2011,2523,0,0,0.9362486666666666,0.9362486666666666,True,"[0.4984170198440552, 0.5015829801559448]","[0.49989908933639526, 0.5001009106636047]","[296, 204]",0.0,0.001645588781684637,0.009332935325801373
5046,201,12.0,12,,mcb_nnknn,500,3577,3103,1566,580,2011,2523,0,0,0.9360966666666667,0.9360966666666667,True,"[0.10224328935146332, 0.8977567553520203]","[0.4745820164680481, 0.5254179835319519]","[296, 204]",0.0,0.001645588781684637,0.009332935325801373
5059,202,13.0,13,,mcb_nnknn,500,3577,3103,1566,580,2011,2523,0,0,0.935932,0.935932,True,"[0.5992520451545715, 0.40074798464775085]","[0.5063588619232178, 0.49364110827445984]","[296, 204]",0.0,0.001645588781684637,0.009332935325801373
5072,203,13.0,13,,mcb_nnknn,500,3577,3103,1566,580,2011,2523,0,0,0.9357673333333333,0.9357673333333333,True,"[0.6977440714836121, 0.3022559881210327]","[0.5127016305923462, 0.4872983694076538]","[296, 204]",0.0,0.001645588781684637,0.009332935325801373
5091,204,19.0,19,34.92021942138672,mcb_nnknn,500,3612,3136,1576,581,2036,2555,0,0,0.9355266666666666,0.9355266666666666,True,"[0.5993061065673828, 0.4006939232349396]","[0.5064026117324829, 0.4935974180698395]","[296, 204]",0.0,0.0016320451395586133,0.009065551683306694
5102,205,11.0,11,,mcb_nnknn,500,3612,3136,1576,581,2036,2555,0,0,0.9353873333333333,0.9353873333333333,True,"[0.29783374071121216, 0.7021663188934326]","[0.4869374930858612, 0.5130625367164612]","[296, 204]",0.0,0.0016320451395586133,0.009065551683306694
5114,206,12.0,12,,mcb_nnknn,500,3612,3136,1576,581,2036,2555,0,0,0.9352353333333333,0.9352353333333333,True,"[0.5987322926521301, 0.40126773715019226]","[0.5063943862915039, 0.4936056435108185]","[296, 204]",0.0,0.0016320451395586133,0.009065551683306694
5145,207,31.0,31,,mcb_nnknn,500,3612,3136,1576,581,2036,2555,0,0,0.9348426666666667,0.9348426666666667,True,"[0.2981957197189331, 0.7018042802810669]","[0.4868509769439697, 0.5131490230560303]","[296, 204]",0.0,0.0016320451395586133,0.009065551683306694
5176,208,31.0,31,31.58412742614746,mcb_nnknn,500,3653,3217,1594,600,2059,2617,0,0,0.93445,0.93445,True,"[0.10900028049945831, 0.8909997344017029]","[0.47436994314193726, 0.5256300568580627]","[300, 200]",0.0,0.0016199540114030242,0.009561922401189804
5210,209,34.0,34,,mcb_nnknn,500,3653,3217,1594,600,2059,2617,0,0,0.9340193333333333,0.9340193333333333,True,"[0.7045604586601257, 0.29543960094451904]","[0.5134970545768738, 0.4865029752254486]","[300, 200]",0.0,0.0016199540114030242,0.009561922401189804
5232,210,22.0,22,,mcb_nnknn,500,3653,3217,1594,600,2059,2617,0,0,0.9337406666666667,0.9337406666666667,True,"[0.2985898554325104, 0.701410174369812]","[0.48665469884872437, 0.5133453011512756]","[300, 200]",0.0,0.0016199540114030242,0.009561922401189804
5253,211,21.0,21,,mcb_nnknn,500,3653,3217,1594,600,2059,2617,0,0,0.9334746666666667,0.9334746666666667,True,"[0.20643660426139832, 0.7935633659362793]","[0.48047059774398804, 0.519529402256012]","[300, 200]",0.0,0.0016199540114030242,0.009561922401189804
5296,212,43.0,43,23.64137077331543,mcb_nnknn,500,3709,3340,1614,639,2095,2701,0,0,0.93293,0.93293,True,"[0.49861788749694824, 0.5013821721076965]","[0.49990731477737427, 0.5000926852226257]","[298, 202]",0.0,0.0016501672798767686,0.010061695240437984
5339,213,43.0,43,,mcb_nnknn,500,3709,3340,1614,639,2095,2701,0,0,0.9323853333333333,0.9323853333333333,True,"[0.09884509444236755, 0.9011548757553101]","[0.47287604212760925, 0.5271239280700684]","[298, 202]",0.0,0.0016501672798767686,0.010061695240437984
5368,214,29.0,29,,mcb_nnknn,500,3709,3340,1614,639,2095,2701,0,0,0.932018,0.932018,True,"[0.10663317888975143, 0.8933668732643127]","[0.4732581377029419, 0.5267418622970581]","[298, 202]",0.0,0.0016501672798767686,0.010061695240437984
5390,215,22.0,22,,mcb_nnknn,500,3709,3340,1614,639,2095,2701,0,0,0.9317393333333334,0.9317393333333334,True,"[1.0, 0.0]","[0.534130334854126, 0.465869665145874]","[298, 202]",0.0,0.0016501672798767686,0.010061695240437984
5402,216,12.0,12,31.593358993530273,mcb_nnknn,500,3751,3462,1629,682,2122,2780,0,0,0.9315873333333333,0.9315873333333333,True,"[0.20394346117973328, 0.7960565686225891]","[0.4797459840774536, 0.5202540159225464]","[297, 203]",0.0,0.0016634755302220583,0.010561348870396614
5413,217,11.0,11,,mcb_nnknn,500,3751,3462,1629,682,2122,2780,0,0,0.931448,0.931448,True,"[0.4016982913017273, 0.5983017086982727]","[0.4932612180709839, 0.5067387819290161]","[297, 203]",0.0,0.0016634755302220583,0.010561348870396614
5425,218,12.0,12,,mcb_nnknn,500,3751,3462,1629,682,2122,2780,0,0,0.931296,0.931296,True,"[0.49307116866111755, 0.5069288015365601]","[0.49952396750450134, 0.500476062297821]","[297, 203]",0.0,0.0016634755302220583,0.010561348870396614
5441,219,16.0,16,,mcb_nnknn,500,3751,3462,1629,682,2122,2780,0,0,0.9310933333333333,0.9310933333333333,True,"[0.19873443245887756, 0.8012655377388]","[0.4792408049106598, 0.5207592248916626]","[297, 203]",0.0,0.0016634755302220583,0.010561348870396614
5456,220,15.0,15,20.322723388671875,mcb_nnknn,500,3787,3490,1639,682,2148,2808,0,0,0.9309033333333333,0.9309033333333333,True,"[0.4940616190433502, 0.5059384107589722]","[0.4995896816253662, 0.5004103183746338]","[297, 203]",0.0,0.0016583401011303067,0.010186642408370972
5503,221,47.0,47,,mcb_nnknn,500,3787,3490,1639,682,2148,2808,0,0,0.930308,0.930308,True,"[0.6963780522346497, 0.30362191796302795]","[0.5136860013008118, 0.4863140285015106]","[297, 203]",0.0,0.0016583401011303067,0.010186642408370972
5560,222,57.0,57,,mcb_nnknn,500,3787,3490,1639,682,2148,2808,0,0,0.929586,0.929586,True,"[0.10168112814426422, 0.898318886756897]","[0.47195276618003845, 0.5280472040176392]","[297, 203]",0.0,0.0016583401011303067,0.010186642408370972
5576,223,16.0,16,,mcb_nnknn,500,3787,3490,1639,682,2148,2808,0,0,0.9293833333333333,0.9293833333333333,True,"[1.0, 0.0]","[0.5353083610534668, 0.4646916687488556]","[297, 203]",0.0,0.0016583401011303067,0.010186642408370972
5619,224,43.0,43,54.83003616333008,mcb_nnknn,500,3866,3697,1666,778,2200,2919,0,0,0.9288386666666667,0.9288386666666667,True,"[0.0, 1.0]","[0.46441933512687683, 0.5355806350708008]","[301, 199]",0.0,0.0016812713583931327,0.009686697274446487
5628,225,9.0,9,,mcb_nnknn,500,3866,3697,1666,778,2200,2919,0,0,0.9287246666666666,0.9287246666666666,True,"[0.3067675530910492, 0.6932324767112732]","[0.48622727394104004, 0.51377272605896]","[301, 199]",0.0,0.0016812713583931327,0.009686697274446487
5658,226,30.0,30,,mcb_nnknn,500,3866,3697,1666,778,2200,2919,0,0,0.9283446666666667,0.9283446666666667,True,"[0.6990136504173279, 0.3009863495826721]","[0.5142604112625122, 0.4857396185398102]","[301, 199]",0.0,0.0016812713583931327,0.009686697274446487
5690,227,32.0,32,,mcb_nnknn,500,3866,3697,1666,778,2200,2919,0,0,0.9279393333333333,0.9279393333333333,True,"[0.3116222321987152, 0.6883777976036072]","[0.48642536997795105, 0.5135746002197266]","[301, 199]",0.0,0.0016812713583931327,0.009686697274446487
5711,228,21.0,21,20.870006561279297,mcb_nnknn,500,3881,3811,1672,809,2209,3002,0,0,0.9276733333333333,0.9276733333333333,True,"[0.3066933751106262, 0.6933066844940186]","[0.4860187768936157, 0.5139812231063843]","[297, 203]",0.0,0.0017041766550391912,0.010186572559177876
5749,229,38.0,38,,mcb_nnknn,500,3881,3811,1672,809,2209,3002,0,0,0.927192,0.927192,True,"[0.0907173901796341, 0.9092826247215271]","[0.47020092606544495, 0.5297990441322327]","[297, 203]",0.0,0.0017041766550391912,0.010186572559177876
5782,230,33.0,33,,mcb_nnknn,500,3881,3811,1672,809,2209,3002,0,0,0.926774,0.926774,True,"[0.6999167203903198, 0.30008333921432495]","[0.5146390795707703, 0.48536092042922974]","[297, 203]",0.0,0.0017041766550391912,0.010186572559177876
5809,231,27.0,27,,mcb_nnknn,500,3881,3811,1672,809,2209,3002,0,0,0.926432,0.926432,True,"[0.3057326376438141, 0.6942673325538635]","[0.4857081472873688, 0.5142918825149536]","[297, 203]",0.0,0.0017041766550391912,0.010186572559177876
5820,232,11.0,11,29.30422019958496,mcb_nnknn,500,3934,3920,1696,838,2238,3082,0,0,0.9262926666666667,0.9262926666666667,True,"[1.0, 0.0]","[0.5368536710739136, 0.4631463289260864]","[299, 201]",0.0,0.0017108542378991842,0.010686542838811874
5833,233,13.0,13,,mcb_nnknn,500,3934,3920,1696,838,2238,3082,0,0,0.926128,0.926128,True,"[0.6999696493148804, 0.30003035068511963]","[0.5147721767425537, 0.4852278232574463]","[299, 201]",0.0,0.0017108542378991842,0.010686542838811874
5868,234,35.0,35,,mcb_nnknn,500,3934,3920,1696,838,2238,3082,0,0,0.9256846666666667,0.9256846666666667,True,"[0.2074785828590393, 0.7925214171409607]","[0.47826117277145386, 0.5217388272285461]","[299, 201]",0.0,0.0017108542378991842,0.010686542838811874
5881,235,13.0,13,,mcb_nnknn,500,3934,3920,1696,838,2238,3082,0,0,0.92552,0.92552,True,"[0.09948877990245819, 0.9005112051963806]","[0.47016993165016174, 0.5298300981521606]","[299, 201]",0.0,0.0017108542378991842,0.010686542838811874
5896,236,15.0,15,30.040584564208984,mcb_nnknn,500,3970,3986,1709,851,2261,3135,0,0,0.92533,0.92533,True,"[0.7007543444633484, 0.2992456257343292]","[0.5149903297424316, 0.48500967025756836]","[302, 198]",0.0,0.0016846603248268366,0.011186383664608002
5924,237,28.0,28,,mcb_nnknn,500,3970,3986,1709,851,2261,3135,0,0,0.9249753333333334,0.9249753333333334,True,"[0.7034606337547302, 0.2965393364429474]","[0.5152645707130432, 0.4847354292869568]","[302, 198]",0.0,0.0016846603248268366,0.011186383664608002
5947,238,23.0,23,,mcb_nnknn,500,3970,3986,1709,851,2261,3135,0,0,0.9246840000000001,0.9246840000000001,True,"[0.8007389307022095, 0.19926103949546814]","[0.5226504802703857, 0.47734954953193665]","[302, 198]",0.0,0.0016846603248268366,0.011186383664608002
5962,239,15.0,15,,mcb_nnknn,500,3970,3986,1709,851,2261,3135,0,0,0.924494,0.924494,True,"[0.3109712302684784, 0.689028799533844]","[0.4857271909713745, 0.5142728090286255]","[302, 198]",0.0,0.0016846603248268366,0.011186383664608002
5990,240,28.0,28,24.86846160888672,mcb_nnknn,500,4001,4087,1731,867,2270,3220,0,0,0.9241393333333333,0.9241393333333333,True,"[0.7976654171943665, 0.20233461260795593]","[0.5225811004638672, 0.4774188995361328]","[304, 196]",0.0,0.0016856198199093342,0.01168634183704853
6026,241,36.0,36,,mcb_nnknn,500,4001,4087,1731,867,2270,3220,0,0,0.9236833333333333,0.9236833333333333,True,"[0.7984829545021057, 0.2015170454978943]","[0.5227792263031006, 0.4772207736968994]","[304, 196]",0.0,0.0016856198199093342,0.01168634183704853
6037,242,11.0,11,,mcb_nnknn,500,4001,4087,1731,867,2270,3220,0,0,0.923544,0.923544,True,"[0.4176989197731018, 0.5823010802268982]","[0.4937075972557068, 0.5062924027442932]","[304, 196]",0.0,0.0016856198199093342,0.01168634183704853
6065,243,28.0,28,,mcb_nnknn,500,4001,4087,1731,867,2270,3220,0,0,0.9231893333333333,0.9231893333333333,True,"[0.09653785824775696, 0.9034621715545654]","[0.4690098166465759, 0.5309901833534241]","[304, 196]",0.0,0.0016856198199093342,0.01168634183704853
6087,244,22.0,22,23.53705596923828,mcb_nnknn,500,4052,4176,1757,884,2295,3292,0,0,0.9229106666666667,0.9229106666666667,True,"[0.0, 1.0]","[0.4614553451538086, 0.5385446548461914]","[301, 199]",0.0,0.0016815471462905407,0.01218628790229559
6121,245,34.0,34,,mcb_nnknn,500,4052,4176,1757,884,2295,3292,0,0,0.92248,0.92248,True,"[0.796104907989502, 0.20389512181282043]","[0.5229540467262268, 0.4770459532737732]","[301, 199]",0.0,0.0016815471462905407,0.01218628790229559
6156,246,35.0,35,,mcb_nnknn,500,4052,4176,1757,884,2295,3292,0,0,0.9220366666666666,0.9220366666666666,True,"[0.10761823505163193, 0.8923817873001099]","[0.4694086015224457, 0.5305913686752319]","[301, 199]",0.0,0.0016815471462905407,0.01218628790229559
6171,247,15.0,15,,mcb_nnknn,500,4052,4176,1757,884,2295,3292,0,0,0.9218466666666667,0.9218466666666667,True,"[0.40495386719703674, 0.5950461626052856]","[0.4925718307495117, 0.5074281692504883]","[301, 199]",0.0,0.0016815471462905407,0.01218628790229559
6189,248,18.0,18,21.108335494995117,mcb_nnknn,500,4097,4284,1782,910,2315,3374,0,0,0.9216186666666667,0.9216186666666667,True,"[0.7991132736206055, 0.2008867859840393]","[0.5234448909759521, 0.47655510902404785]","[301, 199]",0.0,0.0017215583939105272,0.012686236761510372
6211,249,22.0,22,,mcb_nnknn,500,4097,4284,1782,910,2315,3374,0,0,0.92134,0.92134,True,"[0.32151520252227783, 0.6784847974777222]","[0.4859603941440582, 0.5140396356582642]","[301, 199]",0.0,0.0017215583939105272,0.012686236761510372
6227,250,16.0,16,,mcb_nnknn,500,4097,4284,1782,910,2315,3374,0,0,0.9211373333333334,0.9211373333333334,True,"[0.7980630397796631, 0.2019370198249817]","[0.5235060453414917, 0.4764939546585083]","[301, 199]",0.0,0.0017215583939105272,0.012686236761510372
6242,251,15.0,15,,mcb_nnknn,500,4097,4284,1782,910,2315,3374,0,0,0.9209473333333333,0.9209473333333333,True,"[0.7005863189697266, 0.2994137108325958]","[0.5158568620681763, 0.48414310812950134]","[301, 199]",0.0,0.0017215583939105272,0.012686236761510372
6257,252,15.0,15,17.864896774291992,mcb_nnknn,499,4126,4339,1798,910,2328,3429,0,0,0.9207573333333333,0.9207573333333333,True,"[0.32192736864089966, 0.6780726313591003]","[0.4858890473842621, 0.5141109228134155]","[303, 196]",0.0,0.001703603658825159,0.012186595238745213
6275,253,18.0,18,,mcb_nnknn,499,4126,4339,1798,910,2328,3429,0,0,0.9205293333333333,0.9205293333333333,True,"[0.597431480884552, 0.4025685489177704]","[0.5077429413795471, 0.4922570586204529]","[303, 196]",0.0,0.001703603658825159,0.012186595238745213
6310,254,35.0,35,,mcb_nnknn,499,4126,4339,1798,910,2328,3429,0,0,0.920086,0.920086,True,"[0.0, 1.0]","[0.4600430130958557, 0.5399569869041443]","[303, 196]",0.0,0.001703603658825159,0.012186595238745213
6322,255,12.0,12,,mcb_nnknn,499,4126,4339,1798,910,2328,3429,0,0,0.919934,0.919934,True,"[0.3088773787021637, 0.6911225914955139]","[0.4846975803375244, 0.5153024196624756]","[303, 196]",0.0,0.001703603658825159,0.012186595238745213
6332,256,10.0,10,23.597307205200195,mcb_nnknn,500,4159,4413,1813,927,2346,3486,0,0,0.9198073333333333,0.9198073333333333,True,"[0.4170687198638916, 0.5829312801361084]","[0.49334952235221863, 0.5066505074501038]","[300, 200]",0.0,0.0016924842493608594,0.012686556205153465
6353,257,21.0,21,,mcb_nnknn,500,4159,4413,1813,927,2346,3486,0,0,0.9195413333333333,0.9195413333333333,True,"[0.8001195192337036, 0.19988049566745758]","[0.5241472125053406, 0.4758527874946594]","[300, 200]",0.0,0.0016924842493608594,0.012686556205153465
6371,258,18.0,18,,mcb_nnknn,500,4159,4413,1813,927,2346,3486,0,0,0.9193133333333333,0.9193133333333333,True,"[0.0, 1.0]","[0.45965665578842163, 0.5403433442115784]","[300, 200]",0.0,0.0016924842493608594,0.012686556205153465
6394,259,23.0,23,,mcb_nnknn,500,4159,4413,1813,927,2346,3486,0,0,0.919022,0.919022,True,"[0.40401187539100647, 0.5959881544113159]","[0.49222707748413086, 0.5077729225158691]","[300, 200]",0.0,0.0016924842493608594,0.012686556205153465
6423,260,29.0,29,13.860785484313965,mcb_nnknn,500,4207,4497,1831,950,2376,3547,0,0,0.9186546666666666,0.9186546666666666,True,"[0.09986241161823273, 0.9001376032829285]","[0.46745067834854126, 0.5325493216514587]","[300, 200]",0.0,0.0017323598731309175,0.013186519034206867
6438,261,15.0,15,,mcb_nnknn,500,4207,4497,1831,950,2376,3547,0,0,0.9184646666666667,0.9184646666666667,True,"[0.3096584677696228, 0.690341591835022]","[0.48448044061660767, 0.5155195593833923]","[300, 200]",0.0,0.0017323598731309175,0.013186519034206867
6472,262,34.0,34,,mcb_nnknn,500,4207,4497,1831,950,2376,3547,0,0,0.918034,0.918034,True,"[0.3097633421421051, 0.6902366876602173]","[0.48440706729888916, 0.5155929327011108]","[300, 200]",0.0,0.0017323598731309175,0.013186519034206867
6487,263,15.0,15,,mcb_nnknn,500,4207,4497,1831,950,2376,3547,0,0,0.917844,0.917844,True,"[0.30528905987739563, 0.6947109699249268]","[0.48400333523750305, 0.5159966945648193]","[300, 200]",0.0,0.0017323598731309175,0.013186519034206867
6503,264,16.0,16,32.54353332519531,mcb_nnknn,500,4239,4573,1844,965,2395,3608,0,0,0.9176413333333333,0.9176413333333333,True,"[0.0, 1.0]","[0.4588206708431244, 0.5411792993545532]","[293, 207]",0.0,0.001727949595078826,0.01268656738102436
6533,265,30.0,30,,mcb_nnknn,500,4239,4573,1844,965,2395,3608,0,0,0.9172613333333334,0.9172613333333334,True,"[0.1062125712633133, 0.8937874436378479]","[0.4674185514450073, 0.5325814485549927]","[293, 207]",0.0,0.001727949595078826,0.01268656738102436
6556,266,23.0,23,,mcb_nnknn,500,4239,4573,1844,965,2395,3608,0,0,0.91697,0.91697,True,"[0.0, 1.0]","[0.4584850072860718, 0.5415149927139282]","[293, 207]",0.0,0.001727949595078826,0.01268656738102436
6569,267,13.0,13,,mcb_nnknn,500,4239,4573,1844,965,2395,3608,0,0,0.9168053333333334,0.9168053333333334,True,"[0.5001575946807861, 0.49984243512153625]","[0.5000131130218506, 0.4999868869781494]","[293, 207]",0.0,0.001727949595078826,0.01268656738102436
6589,268,20.0,20,17.19700050354004,mcb_nnknn,500,4282,4657,1865,985,2417,3672,0,0,0.916552,0.916552,True,"[0.3015548288822174, 0.6984451413154602]","[0.4834401607513428, 0.5165598392486572]","[291, 209]",0.0,0.0017215125262737274,0.012186583131551743
6605,269,16.0,16,,mcb_nnknn,500,4282,4657,1865,985,2417,3672,0,0,0.9163493333333333,0.9163493333333333,True,"[0.6978762745857239, 0.30212369561195374]","[0.5165524482727051, 0.48344752192497253]","[291, 209]",0.0,0.0017215125262737274,0.012186583131551743
6616,270,11.0,11,,mcb_nnknn,500,4282,4657,1865,985,2417,3672,0,0,0.91621,0.91621,True,"[0.9022548794746399, 0.09774517267942429]","[0.533704936504364, 0.466295063495636]","[291, 209]",0.0,0.0017215125262737274,0.012186583131551743
6644,271,28.0,28,,mcb_nnknn,500,4282,4657,1865,985,2417,3672,0,0,0.9158553333333334,0.9158553333333334,True,"[0.799122154712677, 0.2008778601884842]","[0.5251695513725281, 0.4748304784297943]","[291, 209]",0.0,0.0017215125262737274,0.012186583131551743
6657,272,13.0,13,17.621089935302734,mcb_nnknn,500,4311,4718,1875,997,2436,3721,0,0,0.9156906666666667,0.9156906666666667,True,"[0.30709579586982727, 0.6929042339324951]","[0.4837363660335541, 0.5162636041641235]","[292, 208]",0.0,0.0017180184368044138,0.012686562724411488
6673,273,16.0,16,,mcb_nnknn,500,4311,4718,1875,997,2436,3721,0,0,0.915488,0.915488,True,"[0.20563764870166779, 0.7943623661994934]","[0.4751228392124176, 0.52487713098526]","[292, 208]",0.0,0.0017180184368044138,0.012686562724411488
6684,274,11.0,11,,mcb_nnknn,500,4311,4718,1875,997,2436,3721,0,0,0.9153486666666667,0.9153486666666667,True,"[0.7991021275520325, 0.20089788734912872]","[0.5253193974494934, 0.4746806025505066]","[292, 208]",0.0,0.0017180184368044138,0.012686562724411488
6699,275,15.0,15,,mcb_nnknn,500,4311,4718,1875,997,2436,3721,0,0,0.9151586666666667,0.9151586666666667,True,"[1.0, 0.0]","[0.5424206256866455, 0.4575793445110321]","[292, 208]",0.0,0.0017180184368044138,0.012686562724411488
6720,276,21.0,21,14.570175170898438,mcb_nnknn,500,4350,4758,1888,1000,2462,3758,0,0,0.9148926666666667,0.9148926666666667,True,"[0.7997941970825195, 0.20020580291748047]","[0.5255146622657776, 0.4744853079319]","[295, 205]",0.0,0.0017327027162536979,0.012186717242002487
6742,277,22.0,22,,mcb_nnknn,500,4350,4758,1888,1000,2462,3758,0,0,0.914614,0.914614,True,"[0.19684284925460815, 0.8031571507453918]","[0.47411462664604187, 0.5258853435516357]","[295, 205]",0.0,0.0017327027162536979,0.012186717242002487
6775,278,33.0,33,,mcb_nnknn,500,4350,4758,1888,1000,2462,3758,0,0,0.914196,0.914196,True,"[0.0, 1.0]","[0.45709800720214844, 0.5429019927978516]","[295, 205]",0.0,0.0017327027162536979,0.012186717242002487
6797,279,22.0,22,,mcb_nnknn,500,4350,4758,1888,1000,2462,3758,0,0,0.9139173333333334,0.9139173333333334,True,"[0.30134087800979614, 0.6986591219902039]","[0.48289889097213745, 0.5171011090278625]","[295, 205]",0.0,0.0017327027162536979,0.012186717242002487
6836,280,39.0,39,35.74930191040039,mcb_nnknn,500,4394,4899,1905,1052,2489,3847,0,0,0.9134233333333334,0.9134233333333334,True,"[0.9005579352378845, 0.09944207966327667]","[0.5346789360046387, 0.46532103419303894]","[302, 198]",0.0,0.0017038572113960981,0.012686667032539845
6862,281,26.0,26,,mcb_nnknn,500,4394,4899,1905,1052,2489,3847,0,0,0.913094,0.913094,True,"[0.2982422113418579, 0.7017577886581421]","[0.48246604204177856, 0.5175339579582214]","[302, 198]",0.0,0.0017038572113960981,0.012686667032539845
6872,282,10.0,10,,mcb_nnknn,500,4394,4899,1905,1052,2489,3847,0,0,0.9129673333333334,0.9129673333333334,True,"[0.7013664245605469, 0.2986336052417755]","[0.5175254344940186, 0.48247453570365906]","[302, 198]",0.0,0.0017038572113960981,0.012686667032539845
6890,283,18.0,18,,mcb_nnknn,500,4394,4899,1905,1052,2489,3847,0,0,0.9127393333333333,0.9127393333333333,True,"[0.7982882261276245, 0.20171180367469788]","[0.5260288119316101, 0.4739711880683899]","[302, 198]",0.0,0.0017038572113960981,0.012686667032539845
6903,284,13.0,13,11.847097396850586,mcb_nnknn,500,4423,4959,1921,1058,2502,3901,0,0,0.9125746666666666,0.9125746666666666,True,"[0.30266261100769043, 0.6973373889923096]","[0.4827477037906647, 0.5172522664070129]","[299, 201]",0.0,0.0017135386588051915,0.012186677195131779
6940,285,37.0,37,,mcb_nnknn,500,4423,4959,1921,1058,2502,3901,0,0,0.912106,0.912106,True,"[0.20184986293315887, 0.7981501817703247]","[0.4737944006919861, 0.5262055993080139]","[299, 201]",0.0,0.0017135386588051915,0.012186677195131779
6953,286,13.0,13,,mcb_nnknn,500,4423,4959,1921,1058,2502,3901,0,0,0.9119413333333333,0.9119413333333333,True,"[0.899911105632782, 0.1000889465212822]","[0.5352156162261963, 0.4647843837738037]","[299, 201]",0.0,0.0017135386588051915,0.012186677195131779
6963,287,10.0,10,,mcb_nnknn,500,4423,4959,1921,1058,2502,3901,0,0,0.9118146666666667,0.9118146666666667,True,"[0.2948848009109497, 0.7051152586936951]","[0.481911838054657, 0.518088161945343]","[299, 201]",0.0,0.0017135386588051915,0.012186677195131779
6997,288,34.0,34,25.301481246948242,mcb_nnknn,500,4460,5064,1936,1091,2524,3973,0,0,0.911384,0.911384,True,"[0.30860885977745056, 0.6913911700248718]","[0.4830396771430969, 0.5169603228569031]","[297, 203]",0.0,0.0017471513710916042,0.012686660513281822
7034,289,37.0,37,,mcb_nnknn,500,4460,5064,1936,1091,2524,3973,0,0,0.9109153333333333,0.9109153333333333,True,"[0.295398473739624, 0.704601526260376]","[0.48177313804626465, 0.5182268619537354]","[297, 203]",0.0,0.0017471513710916042,0.012686660513281822
7065,290,31.0,31,,mcb_nnknn,500,4460,5064,1936,1091,2524,3973,0,0,0.9105226666666667,0.9105226666666667,True,"[0.0, 1.0]","[0.45526131987571716, 0.5447386503219604]","[297, 203]",0.0,0.0017471513710916042,0.012686660513281822
7087,291,22.0,22,,mcb_nnknn,500,4460,5064,1936,1091,2524,3973,0,0,0.910244,0.910244,True,"[1.0, 0.0]","[0.5448780059814453, 0.4551219940185547]","[297, 203]",0.0,0.0017471513710916042,0.012686660513281822
7117,292,30.0,30,28.912982940673828,mcb_nnknn,500,4509,5208,1951,1149,2558,4059,0,0,0.909864,0.909864,True,"[0.2964281141757965, 0.7035718560218811]","[0.48165085911750793, 0.5183491706848145]","[298, 202]",0.0,0.0017680544406175613,0.013186153024435043
7146,293,29.0,29,,mcb_nnknn,500,4509,5208,1951,1149,2558,4059,0,0,0.9094966666666666,0.9094966666666666,True,"[0.3093756139278412, 0.6906243562698364]","[0.4827478528022766, 0.5172521471977234]","[298, 202]",0.0,0.0017680544406175613,0.013186153024435043
7188,294,42.0,42,,mcb_nnknn,500,4509,5208,1951,1149,2558,4059,0,0,0.9089646666666666,0.9089646666666666,True,"[0.30273106694221497, 0.6972689628601074]","[0.4820415675640106, 0.5179584622383118]","[298, 202]",0.0,0.0017680544406175613,0.013186153024435043
7206,295,18.0,18,,mcb_nnknn,500,4509,5208,1951,1149,2558,4059,0,0,0.9087366666666666,0.9087366666666666,True,"[0.7973842024803162, 0.20261581242084503]","[0.5271402597427368, 0.4728597104549408]","[298, 202]",0.0,0.0017680544406175613,0.013186153024435043
7235,296,29.0,29,29.931488037109375,mcb_nnknn,500,4544,5359,1965,1203,2579,4156,0,0,0.9083693333333334,0.9083693333333334,True,"[0.39522916078567505, 0.604770839214325]","[0.4903997778892517, 0.5096002221107483]","[295, 205]",0.0,0.0017907220171764493,0.012686179019510746
7264,297,29.0,29,,mcb_nnknn,500,4544,5359,1965,1203,2579,4156,0,0,0.908002,0.908002,True,"[0.205661803483963, 0.7943381667137146]","[0.4729214906692505, 0.5270785093307495]","[295, 205]",0.0,0.0017907220171764493,0.012686179019510746
7276,298,12.0,12,,mcb_nnknn,500,4544,5359,1965,1203,2579,4156,0,0,0.90785,0.90785,True,"[0.19345563650131226, 0.8065444231033325]","[0.47175195813179016, 0.5282480716705322]","[295, 205]",0.0,0.0017907220171764493,0.012686179019510746
7296,299,20.0,20,,mcb_nnknn,500,4544,5359,1965,1203,2579,4156,0,0,0.9075966666666666,0.9075966666666666,True,"[1.0, 0.0]","[0.5462017059326172, 0.4537983238697052]","[295, 205]",0.0,0.0017907220171764493,0.012686179019510746
7318,300,22.0,22,14.335683822631836,mcb_nnknn,500,4573,5447,1976,1226,2597,4221,0,0,0.907318,0.907318,True,"[0.699311375617981, 0.3006886839866638]","[0.5184725522994995, 0.4815274178981781]","[296, 204]",0.0,0.0018271631561219692,0.013186083175241947
7335,301,17.0,17,,mcb_nnknn,500,4573,5447,1976,1226,2597,4221,0,0,0.9071026666666666,0.9071026666666666,True,"[0.20625165104866028, 0.7937483191490173]","[0.47271156311035156, 0.5272884368896484]","[296, 204]",0.0,0.0018271631561219692,0.013186083175241947
7424,302,89.0,89,,mcb_nnknn,500,4573,5447,1976,1226,2597,4221,0,0,0.9059753333333334,0.9059753333333334,True,"[1.0, 0.0]","[0.5470123291015625, 0.4529876708984375]","[296, 204]",0.0,0.0018271631561219692,0.013186083175241947
7444,303,20.0,20,,mcb_nnknn,500,4573,5447,1976,1226,2597,4221,0,0,0.905722,0.905722,True,"[0.798888087272644, 0.20111197233200073]","[0.5281785726547241, 0.4718214273452759]","[296, 204]",0.0,0.0018271631561219692,0.013186083175241947
7456,304,12.0,12,96.87386322021484,mcb_nnknn,500,4603,5644,1991,1300,2612,4344,0,0,0.90557,0.90557,True,"[0.899474561214447, 0.10052544623613358]","[0.5377224087715149, 0.4622775912284851]","[297, 203]",0.0,0.0018558235606178641,0.013685804791748524
7472,305,16.0,16,,mcb_nnknn,500,4603,5644,1991,1300,2612,4344,0,0,0.9053673333333333,0.9053673333333333,True,"[0.7992054224014282, 0.20079463720321655]","[0.5283145904541016, 0.47168537974357605]","[297, 203]",0.0,0.0018558235606178641,0.013685804791748524
7513,306,41.0,41,,mcb_nnknn,500,4603,5644,1991,1300,2612,4344,0,0,0.904848,0.904848,True,"[0.8002951145172119, 0.19970494508743286]","[0.5285736918449402, 0.4714263081550598]","[297, 203]",0.0,0.0018558235606178641,0.013685804791748524
7543,307,30.0,30,,mcb_nnknn,500,4603,5644,1991,1300,2612,4344,0,0,0.904468,0.904468,True,"[0.8012418746948242, 0.19875812530517578]","[0.5287782549858093, 0.47122177481651306]","[297, 203]",0.0,0.0018558235606178641,0.013685804791748524
7558,308,15.0,15,24.490055084228516,mcb_nnknn,500,4622,5786,1998,1352,2624,4434,0,0,0.904278,0.904278,True,"[0.29513487219810486, 0.7048650979995728]","[0.48038989305496216, 0.5196101069450378]","[298, 202]",0.0,0.0018390793120488524,0.014185739681124687
7614,309,56.0,56,,mcb_nnknn,500,4622,5786,1998,1352,2624,4434,0,0,0.9035686666666667,0.9035686666666667,True,"[1.0, 0.0]","[0.5482156276702881, 0.4517843425273895]","[298, 202]",0.0,0.0018390793120488524,0.014185739681124687
7627,310,13.0,13,,mcb_nnknn,500,4622,5786,1998,1352,2624,4434,0,0,0.903404,0.903404,True,"[0.20383358001708984, 0.7961664199829102]","[0.471391499042511, 0.528608500957489]","[298, 202]",0.0,0.0018390793120488524,0.014185739681124687
7653,311,26.0,26,,mcb_nnknn,500,4622,5786,1998,1352,2624,4434,0,0,0.9030746666666667,0.9030746666666667,True,"[0.8981525897979736, 0.10184745490550995]","[0.5385910868644714, 0.46140894293785095]","[298, 202]",0.0,0.0018390793120488524,0.014185739681124687
7686,312,33.0,33,59.59709548950195,mcb_nnknn,500,4644,5969,2007,1420,2637,4549,0,0,0.9026566666666667,0.9026566666666667,True,"[0.8998310565948486, 0.10016899555921555]","[0.5389208793640137, 0.46107912063598633]","[298, 202]",0.0,0.0018718490609899163,0.01368576567620039
7716,313,30.0,30,,mcb_nnknn,500,4644,5969,2007,1420,2637,4549,0,0,0.9022766666666666,0.9022766666666666,True,"[0.7964865565299988, 0.20351345837116241]","[0.5289736390113831, 0.47102636098861694]","[298, 202]",0.0,0.0018718490609899163,0.01368576567620039
7728,314,12.0,12,,mcb_nnknn,500,4644,5969,2007,1420,2637,4549,0,0,0.9021246666666667,0.9021246666666667,True,"[0.20744654536247253, 0.7925534844398499]","[0.4713662266731262, 0.5286337733268738]","[298, 202]",0.0,0.0018718490609899163,0.01368576567620039
7770,315,42.0,42,,mcb_nnknn,500,4644,5969,2007,1420,2637,4549,0,0,0.9015926666666667,0.9015926666666667,True,"[0.1876804232597351, 0.8123195767402649]","[0.4692654609680176, 0.5307345390319824]","[298, 202]",0.0,0.0018718490609899163,0.01368576567620039
7783,316,13.0,13,27.173419952392578,mcb_nnknn,500,4678,6088,2018,1465,2660,4623,0,0,0.901428,0.901428,True,"[0.20662689208984375, 0.793373167514801]","[0.47108161449432373, 0.5289183855056763]","[292, 208]",0.0,0.001850504893809557,0.01318581122905016
7843,317,60.0,60,,mcb_nnknn,500,4678,6088,2018,1465,2660,4623,0,0,0.900668,0.900668,True,"[0.9017465114593506, 0.0982535257935524]","[0.5399062633514404, 0.46009373664855957]","[292, 208]",0.0,0.001850504893809557,0.01318581122905016
7862,318,19.0,19,,mcb_nnknn,500,4678,6088,2018,1465,2660,4623,0,0,0.9004273333333334,0.9004273333333334,True,"[0.20643839240074158, 0.7935616374015808]","[0.4707692861557007, 0.5292307138442993]","[292, 208]",0.0,0.001850504893809557,0.01318581122905016
7881,319,19.0,19,,mcb_nnknn,500,4678,6088,2018,1465,2660,4623,0,0,0.9001866666666667,0.9001866666666667,True,"[0.20628714561462402, 0.7937129139900208]","[0.4706835448741913, 0.5293164849281311]","[292, 208]",0.0,0.001850504893809557,0.01318581122905016
7905,320,24.0,24,43.2496223449707,mcb_nnknn,500,4713,6243,2033,1518,2680,4725,0,0,0.8998826666666666,0.8998826666666666,True,"[0.20764091610908508, 0.7923591136932373]","[0.470729798078537, 0.5292702317237854]","[285, 215]",0.0,0.0018477722769603133,0.012686103582382202
7931,321,26.0,26,,mcb_nnknn,500,4713,6243,2033,1518,2680,4725,0,0,0.8995533333333333,0.8995533333333333,True,"[0.20470409095287323, 0.7952959537506104]","[0.47033852338790894, 0.5296614766120911]","[285, 215]",0.0,0.0018477722769603133,0.012686103582382202
7956,322,25.0,25,,mcb_nnknn,500,4713,6243,2033,1518,2680,4725,0,0,0.8992366666666667,0.8992366666666667,True,"[0.0, 1.0]","[0.4496183395385742, 0.5503816604614258]","[285, 215]",0.0,0.0018477722769603133,0.012686103582382202
7970,323,14.0,14,,mcb_nnknn,500,4713,6243,2033,1518,2680,4725,0,0,0.8990593333333333,0.8990593333333333,True,"[0.7978490591049194, 0.20215097069740295]","[0.5300650596618652, 0.46993494033813477]","[285, 215]",0.0,0.0018477722769603133,0.012686103582382202
8006,324,36.0,36,24.274707794189453,mcb_nnknn,500,4762,6349,2050,1555,2712,4794,0,0,0.8986033333333333,0.8986033333333333,True,"[1.0, 0.0]","[0.5506983399391174, 0.44930166006088257]","[290, 210]",0.0,0.0018221830250695348,0.012186231091618538
8037,325,31.0,31,,mcb_nnknn,500,4762,6349,2050,1555,2712,4794,0,0,0.8982106666666667,0.8982106666666667,True,"[0.2104535698890686, 0.7895464897155762]","[0.4705272614955902, 0.5294727683067322]","[290, 210]",0.0,0.0018221830250695348,0.012186231091618538
8082,326,45.0,45,,mcb_nnknn,500,4762,6349,2050,1555,2712,4794,0,0,0.8976406666666666,0.8976406666666666,True,"[0.2060401886701584, 0.7939597964286804]","[0.46991047263145447, 0.5300895571708679]","[290, 210]",0.0,0.0018221830250695348,0.012186231091618538
8130,327,48.0,48,,mcb_nnknn,500,4762,6349,2050,1555,2712,4794,0,0,0.8970326666666667,0.8970326666666667,True,"[0.20379599928855896, 0.7962039709091187]","[0.46950066089630127, 0.5304993391036987]","[290, 210]",0.0,0.0018221830250695348,0.012186231091618538
8140,328,10.0,10,45.842071533203125,mcb_nnknn,500,4804,6528,2067,1625,2737,4903,0,0,0.896906,0.896906,True,"[0.8990460634231567, 0.10095393657684326]","[0.5411392450332642, 0.45886075496673584]","[289, 211]",0.0,0.0018119910964742303,0.01268618181347847
8159,329,19.0,19,,mcb_nnknn,500,4804,6528,2067,1625,2737,4903,0,0,0.8966653333333333,0.8966653333333333,True,"[0.10709897428750992, 0.8929010629653931]","[0.4593997001647949, 0.5406002998352051]","[289, 211]",0.0,0.0018119910964742303,0.01268618181347847
8222,330,63.0,63,,mcb_nnknn,500,4804,6528,2067,1625,2737,4903,0,0,0.8958673333333333,0.8958673333333333,True,"[0.0, 1.0]","[0.4479336738586426, 0.5520663261413574]","[289, 211]",0.0,0.0018119910964742303,0.01268618181347847
8255,331,33.0,33,,mcb_nnknn,500,4804,6528,2067,1625,2737,4903,0,0,0.8954493333333333,0.8954493333333333,True,"[1.0, 0.0]","[0.5522753000259399, 0.44772467017173767]","[289, 211]",0.0,0.0018119910964742303,0.01268618181347847
8274,332,19.0,19,47.76646423339844,mcb_nnknn,500,4842,6704,2083,1689,2759,5015,0,0,0.8952086666666667,0.8952086666666667,True,"[0.8979872465133667, 0.1020127609372139]","[0.5417056083679199, 0.4582943916320801]","[289, 211]",0.0,0.0018671362195163965,0.01318604126572609
8291,333,17.0,17,,mcb_nnknn,500,4842,6704,2083,1689,2759,5015,0,0,0.8949933333333333,0.8949933333333333,True,"[0.2018527388572693, 0.7981473207473755]","[0.4686925411224365, 0.5313074588775635]","[289, 211]",0.0,0.0018671362195163965,0.01318604126572609
8302,334,11.0,11,,mcb_nnknn,500,4842,6704,2083,1689,2759,5015,0,0,0.894854,0.894854,True,"[0.8998064994812012, 0.10019351541996002]","[0.542038083076477, 0.45796194672584534]","[289, 211]",0.0,0.0018671362195163965,0.01318604126572609
8318,335,16.0,16,,mcb_nnknn,500,4842,6704,2083,1689,2759,5015,0,0,0.8946513333333334,0.8946513333333334,True,"[0.9007428288459778, 0.09925716370344162]","[0.5422177314758301, 0.4577822983264923]","[289, 211]",0.0,0.0018671362195163965,0.01318604126572609
8340,336,22.0,22,22.30111312866211,mcb_nnknn,500,4876,6750,2091,1695,2785,5055,0,0,0.8943726666666667,0.8943726666666667,True,"[1.0, 0.0]","[0.5528136491775513, 0.44718632102012634]","[288, 212]",0.0,0.0018857218092307448,0.012686066329479218
8376,337,36.0,36,,mcb_nnknn,500,4876,6750,2091,1695,2785,5055,0,0,0.8939166666666667,0.8939166666666667,True,"[0.0, 1.0]","[0.4469583332538605, 0.5530416965484619]","[288, 212]",0.0,0.0018857218092307448,0.012686066329479218
8388,338,12.0,12,,mcb_nnknn,500,4876,6750,2091,1695,2785,5055,0,0,0.8937646666666667,0.8937646666666667,True,"[0.300771564245224, 0.6992284655570984]","[0.4788348972797394, 0.521165132522583]","[288, 212]",0.0,0.0018857218092307448,0.012686066329479218
8409,339,21.0,21,,mcb_nnknn,500,4876,6750,2091,1695,2785,5055,0,0,0.8934986666666667,0.8934986666666667,True,"[0.10530991107225418, 0.8946900963783264]","[0.4579649865627289, 0.5420350432395935]","[288, 212]",0.0,0.0018857218092307448,0.012686066329479218
8426,340,17.0,17,27.171329498291016,mcb_nnknn,500,4918,6833,2109,1716,2809,5117,0,0,0.8932833333333333,0.8932833333333333,True,"[0.8997232913970947, 0.10027673840522766]","[0.5426571369171143, 0.45734286308288574]","[284, 216]",0.0,0.001867643790319562,0.012186083942651749
8435,341,9.0,9,,mcb_nnknn,500,4918,6833,2109,1716,2809,5117,0,0,0.8931693333333334,0.8931693333333334,True,"[0.9000029563903809, 0.09999705106019974]","[0.5427325963973999, 0.4572674334049225]","[284, 216]",0.0,0.001867643790319562,0.012186083942651749
8447,342,12.0,12,,mcb_nnknn,500,4918,6833,2109,1716,2809,5117,0,0,0.8930173333333333,0.8930173333333333,True,"[1.0, 0.0]","[0.5534913539886475, 0.4465086758136749]","[284, 216]",0.0,0.001867643790319562,0.012186083942651749
8470,343,23.0,23,,mcb_nnknn,500,4918,6833,2109,1716,2809,5117,0,0,0.892726,0.892726,True,"[0.9004214406013489, 0.09957855194807053]","[0.5429548025131226, 0.45704519748687744]","[284, 216]",0.0,0.001867643790319562,0.012186083942651749
8497,344,27.0,27,11.949731826782227,mcb_nnknn,500,4953,6905,2128,1733,2825,5172,0,0,0.892384,0.892384,True,"[0.10320046544075012, 0.8967995643615723]","[0.45729801058769226, 0.5427019596099854]","[287, 213]",0.0,0.0019096500473096967,0.012686043977737427
8511,345,14.0,14,,mcb_nnknn,500,4953,6905,2128,1733,2825,5172,0,0,0.8922066666666667,0.8922066666666667,True,"[0.8984941244125366, 0.10150589048862457]","[0.5429550409317017, 0.4570449888706207]","[287, 213]",0.0,0.0019096500473096967,0.012686043977737427
8567,346,56.0,56,,mcb_nnknn,500,4953,6905,2128,1733,2825,5172,0,0,0.8914973333333334,0.8914973333333334,True,"[1.0, 0.0]","[0.5542513132095337, 0.4457486569881439]","[287, 213]",0.0,0.0019096500473096967,0.012686043977737427
8581,347,14.0,14,,mcb_nnknn,500,4953,6905,2128,1733,2825,5172,0,0,0.89132,0.89132,True,"[0.19988054037094116, 0.8001194596290588]","[0.4673830270767212, 0.5326169729232788]","[287, 213]",0.0,0.0019096500473096967,0.012686043977737427
8642,348,61.0,61,57.84675598144531,mcb_nnknn,500,4995,7111,2140,1824,2855,5287,0,0,0.8905473333333334,0.8905473333333334,True,"[1.0, 0.0]","[0.5547263622283936, 0.44527366757392883]","[283, 217]",0.0,0.0019258370157331228,0.012187299318611622
8654,349,12.0,12,,mcb_nnknn,500,4995,7111,2140,1824,2855,5287,0,0,0.8903953333333333,0.8903953333333333,True,"[0.300731360912323, 0.699268639087677]","[0.47815921902656555, 0.5218407511711121]","[283, 217]",0.0,0.0019258370157331228,0.012187299318611622
8694,350,40.0,40,,mcb_nnknn,500,4995,7111,2140,1824,2855,5287,0,0,0.8898886666666667,0.8898886666666667,True,"[1.0, 0.0]","[0.5550556778907776, 0.4449443221092224]","[283, 217]",0.0,0.0019258370157331228,0.012187299318611622
8726,351,32.0,32,,mcb_nnknn,500,4995,7111,2140,1824,2855,5287,0,0,0.8894833333333333,0.8894833333333333,True,"[0.9009531140327454, 0.09904687106609344]","[0.5443120002746582, 0.4556879997253418]","[283, 217]",0.0,0.0019258370157331228,0.012187299318611622
8739,352,13.0,13,35.71438980102539,mcb_nnknn,500,5040,7212,2152,1861,2888,5351,0,0,0.8893186666666667,0.8893186666666667,True,"[0.0, 1.0]","[0.4446593225002289, 0.5553406476974487]","[278, 222]",0.0,0.0019134635804221034,0.011687313206493855
8749,353,10.0,10,,mcb_nnknn,500,5040,7212,2152,1861,2888,5351,0,0,0.889192,0.889192,True,"[0.898288905620575, 0.10171110928058624]","[0.5441336035728455, 0.45586639642715454]","[278, 222]",0.0,0.0019134635804221034,0.011687313206493855
8785,354,36.0,36,,mcb_nnknn,500,5040,7212,2152,1861,2888,5351,0,0,0.888736,0.888736,True,"[0.0, 1.0]","[0.44436800479888916, 0.5556319952011108]","[278, 222]",0.0,0.0019134635804221034,0.011687313206493855
8806,355,21.0,21,,mcb_nnknn,500,5040,7212,2152,1861,2888,5351,0,0,0.88847,0.88847,True,"[1.0, 0.0]","[0.5557650327682495, 0.4442349970340729]","[278, 222]",0.0,0.0019134635804221034,0.011687313206493855
8838,356,32.0,32,16.196916580200195,mcb_nnknn,500,5076,7331,2159,1910,2917,5421,0,0,0.8880646666666667,0.8880646666666667,True,"[0.8988484740257263, 0.10115154087543488]","[0.5446452498435974, 0.455354779958725]","[277, 223]",0.0,0.0019279849948361516,0.012187270447611809
8856,357,18.0,18,,mcb_nnknn,500,5076,7331,2159,1910,2917,5421,0,0,0.8878366666666666,0.8878366666666666,True,"[0.7972992658615112, 0.20270070433616638]","[0.5333460569381714, 0.4666539430618286]","[277, 223]",0.0,0.0019279849948361516,0.012187270447611809
8881,358,25.0,25,,mcb_nnknn,500,5076,7331,2159,1910,2917,5421,0,0,0.88752,0.88752,True,"[0.8992050290107727, 0.10079498589038849]","[0.5449025630950928, 0.4550974369049072]","[277, 223]",0.0,0.0019279849948361516,0.012187270447611809
8915,359,34.0,34,,mcb_nnknn,500,5076,7331,2159,1910,2917,5421,0,0,0.8870893333333333,0.8870893333333333,True,"[0.0, 1.0]","[0.4435446560382843, 0.5564553737640381]","[277, 223]",0.0,0.0019279849948361516,0.012187270447611809
8948,360,33.0,33,20.431318283081055,mcb_nnknn,500,5112,7460,2167,1957,2945,5503,0,0,0.8866713333333334,0.8866713333333334,True,"[0.0, 1.0]","[0.4433356523513794, 0.5566643476486206]","[276, 224]",0.0,0.00190794060472399,0.012687240727245808
8970,361,22.0,22,,mcb_nnknn,500,5112,7460,2167,1957,2945,5503,0,0,0.8863926666666666,0.8863926666666666,True,"[0.8990539312362671, 0.10094606876373291]","[0.5453354716300964, 0.45466452836990356]","[276, 224]",0.0,0.00190794060472399,0.012687240727245808
9043,362,73.0,73,,mcb_nnknn,500,5112,7460,2167,1957,2945,5503,0,0,0.885468,0.885468,True,"[0.0, 1.0]","[0.4427340030670166, 0.5572659969329834]","[276, 224]",0.0,0.00190794060472399,0.012687240727245808
9066,363,23.0,23,,mcb_nnknn,500,5112,7460,2167,1957,2945,5503,0,0,0.8851766666666667,0.8851766666666667,True,"[0.20420430600643158, 0.7957956790924072]","[0.46603575348854065, 0.5339642763137817]","[276, 224]",0.0,0.00190794060472399,0.012687240727245808
9093,364,27.0,27,60.82461929321289,mcb_nnknn,500,5163,7643,2186,2027,2977,5616,0,0,0.8848346666666667,0.8848346666666667,True,"[1.0, 0.0]","[0.557582676410675, 0.44241732358932495]","[283, 217]",0.0,0.0018848776817321777,0.012187285348773003
9106,365,13.0,13,,mcb_nnknn,500,5163,7643,2186,2027,2977,5616,0,0,0.88467,0.88467,True,"[1.0, 0.0]","[0.5576649904251099, 0.44233500957489014]","[283, 217]",0.0,0.0018848776817321777,0.012187285348773003
9160,366,54.0,54,,mcb_nnknn,500,5163,7643,2186,2027,2977,5616,0,0,0.8839859999999999,0.8839859999999999,True,"[0.20305635035037994, 0.7969436645507812]","[0.46555036306381226, 0.5344496369361877]","[283, 217]",0.0,0.0018848776817321777,0.012187285348773003
9180,367,20.0,20,,mcb_nnknn,500,5163,7643,2186,2027,2977,5616,0,0,0.8837326666666667,0.8837326666666667,True,"[0.7989842295646667, 0.20101580023765564]","[0.5347620844841003, 0.46523791551589966]","[283, 217]",0.0,0.0018848776817321777,0.012187285348773003
9224,368,44.0,44,51.482723236083984,mcb_nnknn,500,5206,7818,2201,2099,3005,5719,0,0,0.8831753333333333,0.8831753333333333,True,"[0.9008370637893677, 0.09916290640830994]","[0.5468276739120483, 0.45317232608795166]","[285, 215]",0.0,0.0018765132408589125,0.01268717646598816
9242,369,18.0,18,,mcb_nnknn,500,5206,7818,2201,2099,3005,5719,0,0,0.8829473333333333,0.8829473333333333,True,"[0.20711290836334229, 0.7928870916366577]","[0.46571677923202515, 0.5342832207679749]","[285, 215]",0.0,0.0018765132408589125,0.01268717646598816
9255,370,13.0,13,,mcb_nnknn,500,5206,7818,2201,2099,3005,5719,0,0,0.8827826666666667,0.8827826666666667,True,"[0.20563514530658722, 0.794364869594574]","[0.4654953181743622, 0.5345046520233154]","[285, 215]",0.0,0.0018765132408589125,0.01268717646598816
9275,371,20.0,20,,mcb_nnknn,500,5206,7818,2201,2099,3005,5719,0,0,0.8825293333333333,0.8825293333333333,True,"[0.8978443741798401, 0.10215563327074051]","[0.5467350482940674, 0.4532649517059326]","[285, 215]",0.0,0.0018765132408589125,0.01268717646598816
9306,372,31.0,31,33.40583801269531,mcb_nnknn,500,5224,7913,2211,2120,3013,5793,0,0,0.8821366666666667,0.8821366666666667,True,"[0.898230791091919, 0.10176923125982285]","[0.5469368100166321, 0.4530631899833679]","[285, 215]",0.0,0.0018138110172003508,0.012187343090772629
9341,373,35.0,35,,mcb_nnknn,500,5224,7913,2211,2120,3013,5793,0,0,0.8816933333333333,0.8816933333333333,True,"[0.40592238306999207, 0.5940775871276855]","[0.4888699948787689, 0.5111299753189087]","[285, 215]",0.0,0.0018138110172003508,0.012187343090772629
9370,374,29.0,29,,mcb_nnknn,500,5224,7913,2211,2120,3013,5793,0,0,0.881326,0.881326,True,"[0.21040105819702148, 0.7895989418029785]","[0.4656321406364441, 0.5343678593635559]","[285, 215]",0.0,0.0018138110172003508,0.012187343090772629
9418,375,48.0,48,,mcb_nnknn,500,5224,7913,2211,2120,3013,5793,0,0,0.880718,0.880718,True,"[0.098914235830307, 0.9010857939720154]","[0.4521576762199402, 0.5478423237800598]","[285, 215]",0.0,0.0018138110172003508,0.012187343090772629
9447,376,29.0,29,41.033180236816406,mcb_nnknn,500,5274,8100,2232,2195,3042,5905,0,0,0.8803506666666667,0.8803506666666667,True,"[0.7024434208869934, 0.297556608915329]","[0.5242222547531128, 0.4757777750492096]","[288, 212]",0.0,0.001838909462094307,0.011687440797686577
9462,377,15.0,15,,mcb_nnknn,500,5274,8100,2232,2195,3042,5905,0,0,0.8801606666666667,0.8801606666666667,True,"[0.697636604309082, 0.30236342549324036]","[0.5236846208572388, 0.47631537914276123]","[288, 212]",0.0,0.001838909462094307,0.011687440797686577
9478,378,16.0,16,,mcb_nnknn,500,5274,8100,2232,2195,3042,5905,0,0,0.879958,0.879958,True,"[1.0, 0.0]","[0.5600210428237915, 0.4399789869785309]","[288, 212]",0.0,0.001838909462094307,0.011687440797686577
9507,379,29.0,29,,mcb_nnknn,500,5274,8100,2232,2195,3042,5905,0,0,0.8795906666666666,0.8795906666666666,True,"[1.0, 0.0]","[0.5602046251296997, 0.4397953450679779]","[288, 212]",0.0,0.001838909462094307,0.011687440797686577
9525,380,18.0,18,19.341623306274414,mcb_nnknn,500,5305,8166,2248,2198,3057,5968,0,0,0.8793626666666666,0.8793626666666666,True,"[0.0, 1.0]","[0.4396813213825226, 0.5603187084197998]","[289, 211]",0.0,0.0018663532100617886,0.01141189131885767
9536,381,11.0,11,,mcb_nnknn,500,5305,8166,2248,2198,3057,5968,0,0,0.8792233333333334,0.8792233333333334,True,"[0.2025400549173355, 0.7974599599838257]","[0.4640737771987915, 0.5359262228012085]","[289, 211]",0.0,0.0018663532100617886,0.01141189131885767
9557,382,21.0,21,,mcb_nnknn,500,5305,8166,2248,2198,3057,5968,0,0,0.8789573333333334,0.8789573333333334,True,"[0.8997137546539307, 0.10028626024723053]","[0.5483824014663696, 0.451617568731308]","[289, 211]",0.0,0.0018663532100617886,0.01141189131885767
9575,383,18.0,18,,mcb_nnknn,500,5305,8166,2248,2198,3057,5968,0,0,0.8787293333333334,0.8787293333333334,True,"[0.8977501392364502, 0.10224990546703339]","[0.5482354164123535, 0.4517645835876465]","[289, 211]",0.0,0.0018663532100617886,0.01141189131885767
9593,384,18.0,18,30.7220516204834,mcb_nnknn,496,5333,8220,2262,2198,3071,6022,0,0,0.8785013333333334,0.8785013333333334,True,"[0.19983206689357758, 0.800167977809906]","[0.4635300040245056, 0.5364699959754944]","[286, 210]",0.0,0.001885390724055469,0.01191185973584652
9631,385,38.0,38,,mcb_nnknn,496,5333,8220,2262,2198,3071,6022,0,0,0.87802,0.87802,True,"[0.2007807195186615, 0.7992192506790161]","[0.4635012149810791, 0.5364987850189209]","[286, 210]",0.0,0.001885390724055469,0.01191185973584652
9682,386,51.0,51,,mcb_nnknn,496,5333,8220,2262,2198,3071,6022,0,0,0.877374,0.877374,True,"[0.10078482329845428, 0.8992152214050293]","[0.45104584097862244, 0.5489541888237]","[286, 210]",0.0,0.001885390724055469,0.01191185973584652
9693,387,11.0,11,,mcb_nnknn,496,5333,8220,2262,2198,3071,6022,0,0,0.8772346666666666,0.8772346666666666,True,"[0.7971112728118896, 0.20288878679275513]","[0.5364749431610107, 0.46352502703666687]","[286, 210]",0.0,0.001885390724055469,0.01191185973584652
9760,388,67.0,67,59.44260787963867,mcb_nnknn,500,5374,8471,2273,2312,3101,6159,0,0,0.876386,0.876386,True,"[0.7985613346099854, 0.20143869519233704]","[0.536906361579895, 0.463093638420105]","[286, 214]",0.0,0.0018773953197523952,0.011411953717470169
9788,389,28.0,28,,mcb_nnknn,500,5374,8471,2273,2312,3101,6159,0,0,0.8760313333333334,0.8760313333333334,True,"[1.0, 0.0]","[0.5619843006134033, 0.4380156695842743]","[286, 214]",0.0,0.0018773953197523952,0.011411953717470169
9806,390,18.0,18,,mcb_nnknn,500,5374,8471,2273,2312,3101,6159,0,0,0.8758033333333334,0.8758033333333334,True,"[0.2101408839225769, 0.7898591756820679]","[0.4640004634857178, 0.5359995365142822]","[286, 214]",0.0,0.0018773953197523952,0.011411953717470169
9818,391,12.0,12,,mcb_nnknn,500,5374,8471,2273,2312,3101,6159,0,0,0.8756513333333333,0.8756513333333333,True,"[0.10105505585670471, 0.8989449143409729]","[0.4503917396068573, 0.5496082305908203]","[286, 214]",0.0,0.0018773953197523952,0.011411953717470169
9829,392,11.0,11,28.52266502380371,mcb_nnknn,500,5387,8546,2273,2331,3114,6215,0,0,0.875512,0.875512,True,"[0.2051820307970047, 0.7948179841041565]","[0.4632987082004547, 0.5367013216018677]","[286, 214]",0.0,0.0018805530853569508,0.01125524751842022
9850,393,21.0,21,,mcb_nnknn,500,5387,8546,2273,2331,3114,6215,0,0,0.875246,0.875246,True,"[0.10623588413000107, 0.8937641382217407]","[0.4508763551712036, 0.5491236448287964]","[286, 214]",0.0,0.0018805530853569508,0.01125524751842022
9876,394,26.0,26,,mcb_nnknn,500,5387,8546,2273,2331,3114,6215,0,0,0.8749166666666667,0.8749166666666667,True,"[0.1020040288567543, 0.8979959487915039]","[0.4502173364162445, 0.5497826337814331]","[286, 214]",0.0,0.0018805530853569508,0.01125524751842022
9896,395,20.0,20,,mcb_nnknn,500,5387,8546,2273,2331,3114,6215,0,0,0.8746633333333333,0.8746633333333333,True,"[0.20008066296577454, 0.7999193668365479]","[0.462409108877182, 0.5375908613204956]","[286, 214]",0.0,0.0018805530853569508,0.01125524751842022
9925,396,29.0,29,19.771987915039062,mcb_nnknn,500,5410,8659,2279,2365,3131,6294,0,0,0.874296,0.874296,True,"[0.20042788982391357, 0.7995721101760864]","[0.46234259009361267, 0.5376573801040649]","[285, 215]",0.0,0.0018781803082674742,0.011183937080204487
9970,397,45.0,45,,mcb_nnknn,500,5410,8659,2279,2365,3131,6294,0,0,0.873726,0.873726,True,"[1.0, 0.0]","[0.5631369948387146, 0.4368630051612854]","[285, 215]",0.0,0.0018781803082674742,0.011183937080204487
9987,398,17.0,17,,mcb_nnknn,500,5410,8659,2279,2365,3131,6294,0,0,0.8735106666666667,0.8735106666666667,True,"[0.09776173532009125, 0.9022382497787476]","[0.4491211473941803, 0.5508788824081421]","[285, 215]",0.0,0.0018781803082674742,0.011183937080204487
10038,399,51.0,51,,mcb_nnknn,500,5410,8659,2279,2365,3131,6294,0,0,0.8728646666666666,0.8728646666666666,True,"[0.6992619037628174, 0.300738126039505]","[0.5253332257270813, 0.4746667742729187]","[285, 215]",0.0,0.0018781803082674742,0.011183937080204487
10048,400,10.0,10,45.17601776123047,mcb_nnknn,500,5446,8821,2292,2427,3154,6394,0,0,0.872738,0.872738,True,"[0.9002907872200012, 0.09970921277999878]","[0.5509418249130249, 0.4490582048892975]","[287, 213]",0.0,0.0018799667013809085,0.011683929711580276
