case_id,action,reason,step,cohort_id,quality_score,normalized_bias,trustworthiness,activation_mass,composite_score,protected
0,archive,trustworthiness_t,1,,,,7.080897194100544e-05,,,False
1,archive,trustworthiness_t,1,,,,0.11711756139993668,,,False
2,archive,trustworthiness_t,1,,,,0.16456837952136993,,,False
3,archive,trustworthiness_t,1,,,,7.07612416590564e-05,,,False
4,archive,trustworthiness_t,1,,,,0.0632980465888977,,,False
5,archive,trustworthiness_t,1,,,,0.08981986343860626,,,False
6,archive,trustworthiness_t,1,,,,0.2015121430158615,,,False
7,archive,trustworthiness_t,1,,,,0.2323654145002365,,,False
8,archive,trustworthiness_t,1,,,,0.11007951945066452,,,False
9,archive,trustworthiness_t,1,,,,0.12591008841991425,,,False
10,archive,trustworthiness_t,1,,,,7.147624273784459e-05,,,False
11,archive,trustworthiness_t,1,,,,0.12447711825370789,,,False
12,archive,trustworthiness_t,1,,,,0.2602720558643341,,,False
13,archive,trustworthiness_t,1,,,,0.14251695573329926,,,False
14,archive,trustworthiness_t,1,,,,0.2843800187110901,,,False
15,archive,trustworthiness_t,1,,,,0.17281508445739746,,,False
16,archive,trustworthiness_t,1,,,,0.3067564368247986,,,False
17,archive,trustworthiness_t,1,,,,0.15618805587291718,,,False
18,archive,trustworthiness_t,1,,,,0.16866761445999146,,,False
19,archive,trustworthiness_t,1,,,,0.17997904121875763,,,False
20,archive,trustworthiness_t,1,,,,0.3277698755264282,,,False
21,archive,trustworthiness_t,1,,,,0.18567271530628204,,,False
22,archive,trustworthiness_t,1,,,,0.21375972032546997,,,False
23,archive,trustworthiness_t,1,,,,0.20127947628498077,,,False
24,archive,trustworthiness_t,1,,,,0.21394221484661102,,,False
25,archive,trustworthiness_t,1,,,,0.22574445605278015,,,False
26,archive,trustworthiness_t,1,,,,0.23076237738132477,,,False
27,archive,trustworthiness_t,1,,,,0.23758231103420258,,,False
28,archive,trustworthiness_t,1,,,,0.2518896460533142,,,False
29,archive,trustworthiness_t,1,,,,0.26906338334083557,,,False
30,archive,trustworthiness_t,1,,,,0.35072776675224304,,,False
31,archive,trustworthiness_t,1,,,,0.26294058561325073,,,False
32,archive,trustworthiness_t,1,,,,0.27181383967399597,,,False
33,archive,trustworthiness_t,1,,,,0.2773142158985138,,,False
34,archive,trustworthiness_t,1,,,,0.3667905330657959,,,False
35,archive,trustworthiness_t,1,,,,0.384443998336792,,,False
36,archive,trustworthiness_t,1,,,,0.2805505394935608,,,False
37,archive,trustworthiness_t,1,,,,0.29333099722862244,,,False
38,archive,trustworthiness_t,1,,,,0.2945674955844879,,,False
39,archive,trustworthiness_t,1,,,,0.3063478171825409,,,False
40,archive,trustworthiness_t,1,,,,0.31204089522361755,,,False
41,archive,trustworthiness_t,1,,,,0.23614437878131866,,,False
42,archive,trustworthiness_t,1,,,,0.3189350664615631,,,False
43,archive,trustworthiness_t,1,,,,0.2617794871330261,,,False
44,archive,trustworthiness_t,1,,,,0.3319811522960663,,,False
45,archive,trustworthiness_t,1,,,,0.33146271109580994,,,False
46,archive,trustworthiness_t,1,,,,0.28810223937034607,,,False
47,archive,trustworthiness_t,1,,,,0.40020444989204407,,,False
48,archive,trustworthiness_t,1,,,,0.3358203172683716,,,False
49,archive,trustworthiness_t,1,,,,0.34421828389167786,,,False
50,archive,trustworthiness_t,1,,,,0.3475605547428131,,,False
51,archive,trustworthiness_t,1,,,,0.41782504320144653,,,False
52,archive,trustworthiness_t,1,,,,0.3542026877403259,,,False
53,archive,trustworthiness_t,1,,,,0.3606020510196686,,,False
54,archive,trustworthiness_t,1,,,,0.3617352247238159,,,False
55,archive,trustworthiness_t,1,,,,0.525449275970459,,,False
56,archive,trustworthiness_t,1,,,,0.37140530347824097,,,False
57,archive,trustworthiness_t,1,,,,0.377192884683609,,,False
58,archive,trustworthiness_t,1,,,,0.37924131751060486,,,False
59,archive,trustworthiness_t,1,,,,0.390254408121109,,,False
60,archive,trustworthiness_t,1,,,,0.3840419054031372,,,False
61,archive,trustworthiness_t,1,,,,0.43574556708335876,,,False
62,archive,trustworthiness_t,1,,,,0.39734095335006714,,,False
63,archive,trustworthiness_t,1,,,,0.4033225476741791,,,False
64,archive,trustworthiness_t,1,,,,0.40824389457702637,,,False
65,archive,trustworthiness_t,1,,,,0.41063615679740906,,,False
66,archive,trustworthiness_t,1,,,,0.41757911443710327,,,False
67,archive,trustworthiness_t,1,,,,0.41974079608917236,,,False
68,archive,trustworthiness_t,1,,,,0.41971099376678467,,,False
69,archive,trustworthiness_t,1,,,,0.4308774769306183,,,False
70,archive,trustworthiness_t,1,,,,0.31676435470581055,,,False
71,archive,trustworthiness_t,1,,,,0.33437657356262207,,,False
72,archive,trustworthiness_t,1,,,,0.4380605220794678,,,False
73,archive,trustworthiness_t,1,,,,0.3710343837738037,,,False
74,archive,trustworthiness_t,1,,,,0.4515235722064972,,,False
75,archive,trustworthiness_t,1,,,,0.4725882411003113,,,False
76,archive,trustworthiness_t,1,,,,0.3787829279899597,,,False
77,archive,trustworthiness_t,1,,,,0.43547138571739197,,,False
78,archive,trustworthiness_t,1,,,,0.4063754677772522,,,False
79,archive,trustworthiness_t,1,,,,0.4464462101459503,,,False
80,archive,trustworthiness_t,1,,,,0.4832794666290283,,,False
81,archive,trustworthiness_t,1,,,,0.494035542011261,,,False
82,archive,trustworthiness_t,1,,,,0.45655909180641174,,,False
83,archive,trustworthiness_t,1,,,,0.4097854197025299,,,False
84,archive,trustworthiness_t,1,,,,0.45623740553855896,,,False
85,archive,trustworthiness_t,1,,,,0.5109342932701111,,,False
86,archive,trustworthiness_t,1,,,,0.4588121771812439,,,False
87,archive,trustworthiness_t,1,,,,0.42608141899108887,,,False
88,archive,trustworthiness_t,1,,,,0.4337127208709717,,,False
89,archive,trustworthiness_t,1,,,,0.5356263518333435,,,False
90,archive,trustworthiness_t,1,,,,0.4625183641910553,,,False
91,archive,trustworthiness_t,1,,,,0.5190718173980713,,,False
92,archive,trustworthiness_t,1,,,,0.45854300260543823,,,False
93,archive,trustworthiness_t,1,,,,0.5330265164375305,,,False
94,archive,trustworthiness_t,1,,,,0.4789125919342041,,,False
95,archive,trustworthiness_t,1,,,,0.47633782029151917,,,False
96,archive,trustworthiness_t,1,,,,0.48087167739868164,,,False
97,archive,trustworthiness_t,1,,,,0.48419857025146484,,,False
98,archive,trustworthiness_t,1,,,,0.49503493309020996,,,False
99,archive,trustworthiness_t,1,,,,0.49328210949897766,,,False
100,archive,trustworthiness_t,1,,,,0.5001986026763916,,,False
101,archive,trustworthiness_t,1,,,,0.4987574517726898,,,False
102,archive,trustworthiness_t,1,,,,0.4652053713798523,,,False
103,archive,trustworthiness_t,1,,,,0.5445659160614014,,,False
104,archive,trustworthiness_t,1,,,,0.5059124231338501,,,False
105,archive,trustworthiness_t,1,,,,0.5110269784927368,,,False
106,archive,trustworthiness_t,1,,,,0.4851674735546112,,,False
107,archive,trustworthiness_t,1,,,,0.4966922700405121,,,False
108,archive,trustworthiness_t,1,,,,0.5499172210693359,,,False
109,archive,trustworthiness_t,1,,,,0.5580007433891296,,,False
110,archive,trustworthiness_t,1,,,,0.5735086798667908,,,False
111,archive,trustworthiness_t,1,,,,0.5222267508506775,,,False
112,archive,trustworthiness_t,1,,,,0.6087963581085205,,,False
113,archive,trustworthiness_t,1,,,,0.5799325704574585,,,False
114,archive,trustworthiness_t,1,,,,0.5283408761024475,,,False
115,archive,trustworthiness_t,1,,,,0.5226238369941711,,,False
116,archive,trustworthiness_t,1,,,,0.5296196937561035,,,False
117,archive,trustworthiness_t,1,,,,0.5925666689872742,,,False
118,archive,trustworthiness_t,1,,,,0.5082713961601257,,,False
119,archive,trustworthiness_t,1,,,,0.5191605091094971,,,False
120,archive,trustworthiness_t,1,,,,0.5364084839820862,,,False
121,archive,trustworthiness_t,1,,,,0.5418444275856018,,,False
122,archive,trustworthiness_t,1,,,,0.5461615324020386,,,False
123,archive,trustworthiness_t,1,,,,0.5485851764678955,,,False
124,archive,trustworthiness_t,1,,,,0.609529435634613,,,False
125,archive,trustworthiness_t,1,,,,0.5868042707443237,,,False
126,archive,trustworthiness_t,1,,,,0.5459263324737549,,,False
127,archive,trustworthiness_t,1,,,,0.5550055503845215,,,False
128,archive,trustworthiness_t,1,,,,0.5559104681015015,,,False
129,archive,trustworthiness_t,1,,,,0.5534154176712036,,,False
130,archive,trustworthiness_t,1,,,,0.5645219683647156,,,False
131,archive,trustworthiness_t,1,,,,0.5701112747192383,,,False
132,archive,trustworthiness_t,1,,,,0.5729508996009827,,,False
133,archive,trustworthiness_t,1,,,,0.5449750423431396,,,False
134,archive,trustworthiness_t,1,,,,0.57868492603302,,,False
135,archive,trustworthiness_t,1,,,,0.5668653249740601,,,False
136,keep,trustworthiness_t,1,,,,0.6163143515586853,,,False
137,archive,trustworthiness_t,1,,,,0.5796763896942139,,,False
138,archive,trustworthiness_t,1,,,,0.5837361216545105,,,False
139,archive,trustworthiness_t,1,,,,0.5874730348587036,,,False
140,archive,trustworthiness_t,1,,,,0.5709056258201599,,,False
141,archive,trustworthiness_t,1,,,,0.5943418145179749,,,False
142,archive,trustworthiness_t,1,,,,0.5951463580131531,,,False
143,archive,trustworthiness_t,1,,,,0.5981131196022034,,,False
144,archive,trustworthiness_t,1,,,,0.603209376335144,,,False
145,archive,trustworthiness_t,1,,,,0.603747546672821,,,False
146,archive,trustworthiness_t,1,,,,0.6042499542236328,,,False
147,archive,trustworthiness_t,1,,,,0.6109223961830139,,,False
148,keep,trustworthiness_t,1,,,,0.6126585602760315,,,False
149,keep,trustworthiness_t,1,,,,0.6134907603263855,,,False
150,archive,trustworthiness_t,1,,,,0.5928635597229004,,,False
151,archive,trustworthiness_t,1,,,,0.6031671762466431,,,False
152,keep,trustworthiness_t,1,,,,0.6229003667831421,,,False
153,keep,trustworthiness_t,1,,,,0.6260451078414917,,,False
154,keep,trustworthiness_t,1,,,,0.6234952807426453,,,False
155,keep,trustworthiness_t,1,,,,0.626273512840271,,,False
156,keep,trustworthiness_t,1,,,,0.6461261510848999,,,False
157,archive,trustworthiness_t,1,,,,0.6123623847961426,,,False
158,keep,trustworthiness_t,1,,,,0.6371815204620361,,,False
159,keep,trustworthiness_t,1,,,,0.6487563848495483,,,False
160,keep,trustworthiness_t,1,,,,0.6308489441871643,,,False
161,keep,trustworthiness_t,1,,,,0.6292663216590881,,,False
162,keep,trustworthiness_t,1,,,,0.6577140092849731,,,False
163,keep,trustworthiness_t,1,,,,0.6442943215370178,,,False
164,keep,trustworthiness_t,1,,,,0.6474625468254089,,,False
165,keep,trustworthiness_t,1,,,,0.6585283279418945,,,False
166,keep,trustworthiness_t,1,,,,0.653695821762085,,,False
167,keep,trustworthiness_t,1,,,,0.6167417168617249,,,False
168,keep,trustworthiness_t,1,,,,0.6511731147766113,,,False
169,keep,trustworthiness_t,1,,,,0.6588636636734009,,,False
170,keep,trustworthiness_t,1,,,,0.6629701256752014,,,False
171,keep,trustworthiness_t,1,,,,0.6656559705734253,,,False
172,keep,trustworthiness_t,1,,,,0.6599944829940796,,,False
173,keep,trustworthiness_t,1,,,,0.6724957227706909,,,False
174,keep,trustworthiness_t,1,,,,0.6759482026100159,,,False
175,keep,trustworthiness_t,1,,,,0.6570486426353455,,,False
176,keep,trustworthiness_t,1,,,,0.6762243509292603,,,False
177,keep,trustworthiness_t,1,,,,0.6880965828895569,,,False
178,keep,trustworthiness_t,1,,,,0.6847407817840576,,,False
179,keep,trustworthiness_t,1,,,,0.6746712327003479,,,False
180,keep,trustworthiness_t,1,,,,0.6805659532546997,,,False
181,keep,trustworthiness_t,1,,,,0.6693475842475891,,,False
182,keep,trustworthiness_t,1,,,,0.6825110912322998,,,False
183,keep,trustworthiness_t,1,,,,0.6399022936820984,,,False
184,keep,trustworthiness_t,1,,,,0.7405791282653809,,,False
185,keep,trustworthiness_t,1,,,,0.689815878868103,,,False
186,keep,trustworthiness_t,1,,,,0.697637140750885,,,False
187,keep,trustworthiness_t,1,,,,0.7031236886978149,,,False
188,keep,trustworthiness_t,1,,,,0.7085763216018677,,,False
189,keep,trustworthiness_t,1,,,,0.6567357778549194,,,False
190,keep,trustworthiness_t,1,,,,0.6958955526351929,,,False
191,keep,trustworthiness_t,1,,,,0.6975981593132019,,,False
192,keep,trustworthiness_t,1,,,,0.7205755710601807,,,False
193,keep,trustworthiness_t,1,,,,0.7011297941207886,,,False
194,keep,trustworthiness_t,1,,,,0.6762087941169739,,,False
195,keep,trustworthiness_t,1,,,,0.7012858390808105,,,False
196,keep,trustworthiness_t,1,,,,0.7240857481956482,,,False
197,keep,trustworthiness_t,1,,,,0.7085239291191101,,,False
198,keep,trustworthiness_t,1,,,,0.7059946060180664,,,False
199,keep,trustworthiness_t,1,,,,0.7099260687828064,,,False
