global_step,case_store,source,cases_pruned,cases_replaced,case_entries,action_counts,bias_min,bias_mean,bias_max
1053,actor,scheduled_batch_boundary,29,0,533,"[276, 257]",-0.0033797011710703373,-5.6577213399577886e-05,0.004034497309476137
1053,critic,scheduled_batch_boundary,53,0,1000,,-0.002163680735975504,0.00019791290105786175,0.0034153093583881855
1603,critic,capacity_insert,75,0,1475,,-0.0021855535451322794,0.00027471466455608606,0.005375341046601534
1680,critic,capacity_insert,75,0,1477,,-0.0015494734980165958,0.00036418315721675754,0.005375341046601534
1790,critic,capacity_insert,150,0,1437,,-0.0008819828508421779,0.0005036013317294419,0.005375341046601534
1929,critic,capacity_insert,150,0,1426,,-0.000678294978570193,0.0006297081126831472,0.005583060905337334
2037,critic,capacity_insert,75,0,1459,,-0.0005960793932899833,0.0006523950723931193,0.006083060521632433
2037,actor,scheduled_batch_boundary,51,0,963,"[495, 468]",-0.0035069044679403305,0.00029957020888105035,0.007277085445821285
2037,critic,scheduled_batch_boundary,72,0,1387,,-0.0004999997327104211,0.0007129954756237566,0.006083060521632433
2199,critic,capacity_insert,75,0,1474,,-0.0008350173011422157,0.0007344320765696466,0.00691808620467782
2277,critic,capacity_insert,75,0,1477,,-0.0005000008386559784,0.0007773680263198912,0.00691808620467782
2353,critic,capacity_insert,74,0,1479,,-0.0004999996162950993,0.0008057687082327902,0.007418081164360046
2445,critic,capacity_insert,74,0,1497,,-0.0004999993252567947,0.0008271443075500429,0.007918080314993858
2506,critic,capacity_insert,75,0,1483,,-0.0004999981611035764,0.0008652261458337307,0.007918080314993858
2585,critic,capacity_insert,75,0,1487,,-0.0004891250864602625,0.0008861374808475375,0.007418080698698759
2655,critic,capacity_insert,75,0,1482,,-0.00037206834531389177,0.0009332364425063133,0.007918080314993858
2720,critic,capacity_insert,75,0,1472,,-0.000342304992955178,0.0009667647536844015,0.007418092340230942
2854,critic,capacity_insert,150,0,1456,,-6.565824151039124e-08,0.0010069430572912097,0.007418092340230942
2989,critic,capacity_insert,142,0,1449,,0.0,0.0010339318541809916,0.007418092340230942
3088,critic,capacity_insert,75,0,1473,,-3.096647560596466e-08,0.0010361035820096731,0.006918095517903566
3088,actor,scheduled_batch_boundary,74,0,1405,"[702, 703]",-0.0034434099216014147,0.0005692410632036626,0.00954852718859911
3088,critic,scheduled_batch_boundary,14,0,1459,,0.0,0.0010460457997396588,0.006918095517903566
3179,critic,capacity_insert,75,0,1475,,-1.1816155165433884e-08,0.0010696619283407927,0.007418095134198666
3240,critic,capacity_insert,73,0,1463,,-1.7462298274040222e-10,0.0011042676633223891,0.007918094284832478
3315,critic,capacity_insert,60,0,1478,,0.0,0.0011002488899976015,0.008418064564466476
3386,actor,capacity_insert,75,0,1443,"[720, 723]",-0.0025997664779424667,0.0007726076291874051,0.010310549288988113
3386,critic,capacity_insert,75,0,1474,,-5.238689482212067e-10,0.0011124885641038418,0.007918065413832664
3532,actor,capacity_insert,75,0,1467,"[739, 728]",-0.0019289852352812886,0.0008877497166395187,0.010810228995978832
3532,critic,capacity_insert,132,0,1488,,0.0,0.0011373733868822455,0.008418065495789051
3656,actor,capacity_insert,75,0,1481,"[747, 734]",-0.0015448685735464096,0.0009901857702061534,0.01130957342684269
3656,critic,capacity_insert,96,16,1500,,0.0,0.0011444593546912074,0.007918066345155239
3777,actor,capacity_insert,75,0,1474,"[739, 735]",-0.0010925102978944778,0.0010728529887273908,0.011243326589465141
3777,critic,capacity_insert,96,25,1500,,0.0,0.0011754923034459352,0.007918066345155239
3862,critic,capacity_insert,61,24,1500,,0.0,0.0011936841765418649,0.007918066345155239
3974,actor,capacity_insert,75,0,1484,"[739, 745]",-0.0009115727734751999,0.0011289006797596812,0.010805568657815456
3974,critic,capacity_insert,78,34,1500,,0.0,0.001220816746354103,0.008418064564466476
4067,actor,capacity_insert,75,0,1452,"[722, 730]",-0.0007071620784699917,0.0012129956157878041,0.010742010548710823
4067,critic,capacity_insert,67,26,1500,,0.0,0.0012419233098626137,0.008918063715100288
4067,actor,scheduled_batch_boundary,73,0,1379,"[684, 695]",-0.0004899735795333982,0.001307597034610808,0.010742010548710823
4130,critic,capacity_insert,56,7,1500,,0.0,0.0012575635919347405,0.008918063715100288
4272,critic,capacity_insert,93,49,1500,,0.0,0.0012878220295533538,0.008418078534305096
4359,actor,capacity_insert,75,0,1446,"[712, 734]",-0.0007897659670561552,0.0013581336243078113,0.011332434602081776
4359,critic,capacity_insert,72,15,1500,,0.0,0.0013006265508010983,0.008918077684938908
4480,actor,capacity_insert,75,0,1440,"[707, 733]",-0.000499951362144202,0.0014130311319604516,0.011264682747423649
4480,critic,capacity_insert,62,59,1500,,0.0,0.0013218286912888288,0.008918077684938908
4560,critic,capacity_insert,52,28,1500,,0.0,0.0013374172849580646,0.008918077684938908
4630,actor,capacity_insert,75,0,1428,"[710, 718]",-0.0004927631816826761,0.001510295900516212,0.0118018239736557
4630,critic,capacity_insert,61,9,1500,,0.0,0.0013540566433221102,0.009418077766895294
4722,critic,capacity_insert,60,32,1500,,0.0,0.0013789422810077667,0.00991807784885168
4786,critic,capacity_insert,70,0,1494,,0.0,0.0014089648611843586,0.010416688397526741
4876,actor,capacity_insert,75,0,1444,"[721, 723]",-0.0006595773156732321,0.0015990863321349025,0.013090666383504868
4876,critic,capacity_insert,59,25,1500,,0.0,0.0014258424052968621,0.010916687548160553
4964,critic,capacity_insert,71,17,1500,,0.0,0.0014392381999641657,0.010916687548160553
5118,actor,capacity_insert,150,0,1452,"[723, 729]",-0.00031462506740354,0.0016756730619817972,0.012642209418118
5118,critic,capacity_insert,99,55,1500,,0.0,0.0014597473200410604,0.010916687548160553
5118,actor,scheduled_batch_boundary,73,0,1379,"[687, 692]",-5.458007217384875e-05,0.0017741578631103039,0.012642209418118
5218,critic,capacity_insert,69,31,1500,,0.0,0.0014794257003813982,0.01041669026017189
5285,critic,capacity_insert,60,7,1500,,0.0,0.001505071297287941,0.01041669026017189
5420,actor,capacity_insert,75,0,1467,"[733, 734]",-0.0003213976160623133,0.001718699699267745,0.012169397436082363
5420,critic,capacity_insert,74,61,1500,,0.0,0.0015258920611813664,0.010916689410805702
5553,actor,capacity_insert,75,0,1482,"[724, 758]",-0.000226180738536641,0.0017477505607530475,0.012098247185349464
5553,critic,capacity_insert,61,72,1500,,0.0,0.001525815692730248,0.010916689410805702
5627,critic,capacity_insert,63,11,1500,,0.0,0.0015412025386467576,0.01041669212281704
5736,actor,capacity_insert,75,0,1484,"[727, 757]",-0.00037054895074106753,0.0017795267049223185,0.01293275598436594
5736,critic,capacity_insert,74,35,1500,,0.0,0.0015621398342773318,0.010916692204773426
5813,actor,capacity_insert,73,0,1441,"[717, 724]",0.0,0.0018364166608080268,0.013432690873742104
5813,critic,capacity_insert,55,22,1500,,0.0,0.001582625089213252,0.010916692204773426
5954,actor,capacity_insert,70,0,1469,"[722, 747]",0.0,0.0018351597245782614,0.01293304655700922
5954,critic,capacity_insert,93,48,1500,,0.0,0.0016027662204578519,0.011416692286729813
6028,critic,capacity_insert,60,14,1500,,0.0,0.0016264105215668678,0.01091669499874115
6028,actor,scheduled_batch_boundary,32,0,1452,"[712, 740]",0.0,0.001862225471995771,0.012433109804987907
6115,critic,capacity_insert,51,36,1500,,0.0,0.0016490182606503367,0.01091669499874115
6196,actor,capacity_insert,67,0,1456,"[726, 730]",0.0,0.0018657317850738764,0.013268019072711468
6196,critic,capacity_insert,49,32,1500,,0.0,0.0016638966044411063,0.010416694916784763
6283,actor,capacity_insert,47,0,1454,"[731, 723]",0.0,0.00188739865552634,0.013190940022468567
6283,critic,capacity_insert,83,4,1500,,0.0,0.0016927444376051426,0.010546972043812275
6402,actor,capacity_insert,55,0,1472,"[746, 726]",0.0,0.0018858924740925431,0.01369067095220089
6402,critic,capacity_insert,67,52,1500,,0.0,0.0017156730173155665,0.011046970263123512
6566,actor,capacity_insert,62,36,1500,"[761, 739]",0.0,0.001882432959973812,0.014190270565450191
6566,critic,capacity_insert,88,76,1500,,0.0,0.0017327722162008286,0.011546970345079899
6692,actor,capacity_insert,62,19,1500,"[757, 743]",0.0,0.0018989195814356208,0.014689874835312366
6692,critic,capacity_insert,53,73,1500,,0.0,0.0017531162593513727,0.011046970263123512
6828,actor,capacity_insert,59,20,1500,"[757, 743]",0.0,0.0019186733989045024,0.015189234167337418
6828,critic,capacity_insert,66,70,1500,,0.0,0.001766464440152049,0.011546969413757324
6922,actor,capacity_insert,41,11,1500,"[749, 751]",0.0,0.0019281625282019377,0.01510502677410841
6922,critic,capacity_insert,59,35,1500,,0.0,0.001788402907550335,0.01204696949571371
7095,actor,capacity_insert,70,62,1500,"[750, 750]",0.0,0.001963332062587142,0.015021207742393017
7095,critic,capacity_insert,107,66,1500,,0.0,0.001792985131032765,0.011546969413757324
7283,actor,capacity_insert,64,70,1500,"[757, 743]",0.0,0.0019941837526857853,0.014937776140868664
7283,critic,capacity_insert,86,102,1500,,0.0,0.0017961112316697836,0.011046969331800938
7435,actor,capacity_insert,55,41,1500,"[765, 735]",0.0,0.0019955819007009268,0.014438009820878506
7435,critic,capacity_insert,57,94,1500,,0.0,0.0018019299022853374,0.010546969249844551
7497,actor,capacity_insert,15,2,1500,"[764, 736]",0.0,0.0019821953028440475,0.014357294887304306
7497,critic,capacity_insert,28,34,1500,,0.0,0.0018100185552611947,0.010546969249844551
7634,actor,capacity_insert,61,19,1500,"[760, 740]",0.0,0.001993734622374177,0.0142769580706954
7634,critic,capacity_insert,76,61,1500,,0.0,0.001820863108150661,0.010416693985462189
7719,actor,capacity_insert,27,9,1500,"[757, 743]",0.0,0.002008318668231368,0.014776681549847126
7719,critic,capacity_insert,55,30,1500,,0.0,0.0018409125041216612,0.010416693985462189
7818,actor,capacity_insert,37,11,1500,"[750, 750]",0.0,0.00199709995649755,0.014694384299218655
7818,critic,capacity_insert,64,35,1500,,0.0,0.0018596353475004435,0.010916680097579956
7908,actor,capacity_insert,29,9,1500,"[752, 748]",0.0,0.0020156283862888813,0.014612470753490925
7908,critic,capacity_insert,45,45,1500,,0.0,0.0018825322622433305,0.010416698642075062
8025,actor,capacity_insert,48,14,1500,"[750, 750]",0.0,0.002016837475821376,0.015112264081835747
8025,critic,capacity_insert,62,55,1500,,0.0,0.0018916325643658638,0.01004697009921074
8127,actor,capacity_insert,39,9,1500,"[753, 747]",0.0,0.0020352608989924192,0.015028411522507668
8127,critic,capacity_insert,49,53,1500,,0.0,0.0019194175256416202,0.01004697009921074
8243,actor,capacity_insert,34,44,1500,"[749, 751]",0.0,0.0020491729956120253,0.014528943225741386
8243,critic,capacity_insert,58,58,1500,,0.0,0.0019123061792925,0.010094057768583298
8368,actor,capacity_insert,35,45,1500,"[745, 755]",0.0,0.002059150254353881,0.014447801746428013
8368,critic,capacity_insert,75,50,1500,,0.0,0.0019339214777573943,0.010594057850539684
8522,actor,capacity_insert,42,67,1500,"[740, 760]",0.0,0.002066568238660693,0.014367040246725082
8522,critic,capacity_insert,63,91,1500,,0.0,0.0019473921274766326,0.010594057850539684
8624,actor,capacity_insert,41,10,1500,"[738, 762]",0.0,0.0020673596300184727,0.014866549521684647
8624,critic,capacity_insert,57,45,1500,,0.0,0.001960114110261202,0.010672267526388168
8724,actor,capacity_insert,39,24,1500,"[744, 756]",0.0,0.002068698639050126,0.015366444364190102
8724,critic,capacity_insert,62,37,1500,,0.0,0.001961694797500968,0.010672267526388168
8804,actor,capacity_insert,24,0,1494,"[746, 748]",0.0,0.0020761999767273664,0.015866369009017944
8804,critic,capacity_insert,56,24,1500,,0.0,0.0019924126099795103,0.010672267526388168
8931,actor,capacity_insert,39,24,1500,"[747, 753]",0.0,0.002088894136250019,0.01577877439558506
8931,critic,capacity_insert,47,80,1500,,0.0,0.0020155904348939657,0.010672267526388168
9043,actor,capacity_insert,34,25,1500,"[753, 747]",0.0,0.002097751246765256,0.015691867098212242
9043,critic,capacity_insert,73,39,1500,,0.0,0.002047924092039466,0.01117226667702198
9151,actor,capacity_insert,29,21,1500,"[755, 745]",0.0,0.0021102314349263906,0.016167785972356796
9151,critic,capacity_insert,43,65,1500,,0.0,0.002070546615868807,0.01117226667702198
9281,actor,capacity_insert,24,53,1500,"[751, 749]",0.0,0.0021266890689730644,0.016079114750027657
9281,critic,capacity_insert,55,75,1500,,0.0,0.0020887439604848623,0.01117226667702198
9413,actor,capacity_insert,36,50,1500,"[750, 750]",0.0,0.0021308166906237602,0.0159908439964056
9413,critic,capacity_insert,44,88,1500,,0.0,0.0021018795669078827,0.01117226667702198
9498,actor,capacity_insert,19,15,1500,"[753, 747]",0.0,0.0021259409841150045,0.01590297371149063
9498,critic,capacity_insert,21,64,1500,,0.0,0.002120111370459199,0.010672271251678467
9643,actor,capacity_insert,51,42,1500,"[754, 746]",0.0,0.0021219660993665457,0.015815502032637596
9643,critic,capacity_insert,70,75,1500,,0.0,0.0021369352471083403,0.010672271251678467
9802,actor,capacity_insert,31,73,1500,"[759, 741]",0.0,0.002138688927516341,0.015728427097201347
9802,critic,capacity_insert,60,99,1500,,0.0,0.002143415156751871,0.01037541963160038
9939,actor,capacity_insert,27,57,1500,"[755, 745]",0.0,0.00215908489190042,0.016228195279836655
9939,critic,capacity_insert,43,94,1500,,0.0,0.0021551630925387144,0.010594059713184834
10047,actor,capacity_insert,36,11,1500,"[745, 755]",0.0,0.002185072051361203,0.016139252111315727
10047,critic,capacity_insert,49,59,1500,,0.0,0.0021819043904542923,0.010672271251678467
10195,actor,capacity_insert,37,63,1500,"[745, 755]",0.0,0.002202417468652129,0.016050711274147034
10195,critic,capacity_insert,66,82,1500,,0.0,0.0021949256770312786,0.01109405979514122
10339,actor,capacity_insert,38,43,1500,"[742, 758]",0.0,0.002215499756857753,0.015962569043040276
10339,critic,capacity_insert,70,74,1500,,0.0,0.0022240253165364265,0.011515217833220959
10398,actor,capacity_insert,25,0,1483,"[734, 749]",0.0,0.0022333133965730667,0.015874827280640602
10398,critic,capacity_insert,27,32,1500,,0.0,0.002249021315947175,0.011672180145978928
10487,actor,capacity_insert,17,5,1500,"[747, 753]",0.0,0.002192944521084428,0.015375182032585144
10487,critic,capacity_insert,26,63,1500,,0.0,0.0022655243519693613,0.01117218378931284
10544,actor,capacity_insert,15,0,1496,"[745, 751]",0.0,0.0021903456654399633,0.015290118753910065
10544,critic,capacity_insert,24,33,1500,,0.0,0.0022871887777000666,0.01117218378931284
10617,actor,capacity_insert,19,3,1500,"[746, 754]",0.0,0.0021943484898656607,0.015205258503556252
10617,critic,capacity_insert,36,37,1500,,0.0,0.002303521614521742,0.011416696943342686
10776,actor,capacity_insert,35,73,1500,"[738, 762]",0.0,0.0022111644502729177,0.014706424437463284
10776,critic,capacity_insert,71,88,1500,,0.0,0.002329037291929126,0.011621622368693352
10960,actor,capacity_insert,48,83,1500,"[746, 754]",0.0,0.0022353713866323233,0.014207130298018456
10960,critic,capacity_insert,75,109,1500,,0.0,0.0023381803184747696,0.011672182008624077
11121,actor,capacity_insert,30,87,1500,"[745, 755]",0.0,0.002267330652102828,0.014127500355243683
11121,critic,capacity_insert,73,88,1500,,0.0,0.0023461475502699614,0.011916697025299072
11247,actor,capacity_insert,44,30,1500,"[756, 744]",0.0,0.002287409733980894,0.01404824573546648
11247,critic,capacity_insert,45,81,1500,,0.0,0.00235555088147521,0.01199999637901783
11350,actor,capacity_insert,28,19,1500,"[756, 744]",0.0,0.002290998352691531,0.013969365507364273
11350,critic,capacity_insert,42,61,1500,,0.0,0.0023714208509773016,0.012416696175932884
11525,actor,capacity_insert,34,95,1500,"[757, 743]",0.0,0.0022952405270189047,0.013890858739614487
11525,critic,capacity_insert,67,107,1500,,0.0,0.0023885020054876804,0.012621618807315826
11584,actor,capacity_insert,7,2,1500,"[755, 745]",0.0,0.0022916672751307487,0.013812724500894547
11584,critic,capacity_insert,26,33,1500,,0.0,0.00240583554841578,0.013121618889272213
11700,actor,capacity_insert,34,30,1500,"[755, 745]",0.0,0.0022823286708444357,0.013734960928559303
11700,critic,capacity_insert,55,61,1500,,0.0,0.002423603320494294,0.013121618889272213
11782,actor,capacity_insert,20,3,1500,"[752, 748]",0.0,0.0022963853552937508,0.013657568022608757
11782,critic,capacity_insert,39,43,1500,,0.0,0.0024445517919957638,0.013416693545877934
11891,actor,capacity_insert,9,50,1500,"[751, 749]",0.0,0.00230627553537488,0.013580543920397758
11891,critic,capacity_insert,40,69,1500,,0.0,0.0024593935813754797,0.013121618889272213
12060,actor,capacity_insert,23,94,1500,"[744, 756]",0.0,0.002306202659383416,0.014079703018069267
12060,critic,capacity_insert,46,123,1500,,0.0,0.0024514130782335997,0.01362161710858345
12161,actor,capacity_insert,17,29,1500,"[736, 764]",0.0,0.0023056031204760075,0.014000674709677696
12161,critic,capacity_insert,44,57,1500,,0.0,0.00245915399864316,0.013121621683239937
12230,actor,capacity_insert,9,5,1500,"[736, 764]",0.0,0.0023067467845976353,0.013922019861638546
12230,critic,capacity_insert,37,32,1500,,0.0,0.0024918222334235907,0.012916690669953823
12427,actor,capacity_insert,42,101,1500,"[739, 761]",0.0,0.002327818889170885,0.013843737542629242
12427,critic,capacity_insert,86,111,1500,,0.0,0.002498144516721368,0.0126216234639287
12529,actor,capacity_insert,18,31,1500,"[741, 759]",0.0,0.0023312359116971493,0.01376582682132721
12529,critic,capacity_insert,43,58,1500,,0.0,0.0025115436874330044,0.012916683219373226
12717,actor,capacity_insert,27,104,1500,"[742, 758]",0.0,0.00233414676040411,0.013688286766409874
12717,critic,capacity_insert,47,141,1500,,0.0,0.0025183185935020447,0.012916683219373226
12863,actor,capacity_insert,26,61,1500,"[736, 764]",0.0,0.0023477973882108927,0.013188429176807404
12863,critic,capacity_insert,54,92,1500,,0.0,0.0025229493621736765,0.012416684068739414
13022,actor,capacity_insert,19,90,1500,"[733, 767]",0.0,0.0023489673621952534,0.013688364997506142
13022,critic,capacity_insert,38,121,1500,,0.0,0.002538880333304405,0.012670748867094517
13144,actor,capacity_insert,18,34,1500,"[730, 770]",0.0,0.002360645215958357,0.013611193746328354
13144,critic,capacity_insert,29,93,1500,,0.0,0.0025627550203353167,0.012902345508337021
13293,actor,capacity_insert,25,71,1500,"[733, 767]",0.0,0.0023622079752385616,0.01410283986479044
13293,critic,capacity_insert,70,78,1500,,0.0,0.002587498864158988,0.013170736841857433
13388,actor,capacity_insert,16,25,1500,"[746, 754]",0.0,0.0023546270094811916,0.014023701660335064
13388,critic,capacity_insert,37,58,1500,,0.0,0.00258605252020061,0.01367073506116867
13543,actor,capacity_insert,24,71,1500,"[740, 760]",0.0,0.0023544984869658947,0.013944937847554684
13543,critic,capacity_insert,47,108,1500,,0.0,0.0025910530239343643,0.01367073506116867
13657,actor,capacity_insert,27,34,1500,"[747, 753]",0.0,0.002358565106987953,0.01386654656380415
13657,critic,capacity_insert,47,67,1500,,0.0,0.0026001136284321547,0.01367073506116867
13801,actor,capacity_insert,12,79,1500,"[749, 751]",0.0,0.0023606843315064907,0.013788527809083462
13801,critic,capacity_insert,49,95,1500,,0.0,0.0026145644951611757,0.01367073506116867
13981,actor,capacity_insert,29,90,1500,"[751, 749]",0.0,0.0023742804769426584,0.01371087972074747
13981,critic,capacity_insert,54,126,1500,,0.0,0.002623186446726322,0.014121631160378456
14162,actor,capacity_insert,29,100,1500,"[750, 750]",0.0,0.0023739419411867857,0.013633601367473602
14162,critic,capacity_insert,52,129,1500,,0.0,0.0026272241957485676,0.014621631242334843
14272,actor,capacity_insert,18,37,1500,"[748, 752]",0.0,0.0023720026947557926,0.013556691817939281
14272,critic,capacity_insert,22,88,1500,,0.0,0.0026392245199531317,0.01412163209170103
14432,actor,capacity_insert,20,77,1500,"[752, 748]",0.0,0.00237279268912971,0.013480149209499359
14432,critic,capacity_insert,57,103,1500,,0.0,0.002661803737282753,0.014621631242334843
14529,actor,capacity_insert,16,25,1500,"[752, 748]",0.0,0.0023754634894430637,0.013532383367419243
14529,critic,capacity_insert,40,56,1500,,0.0,0.002687589032575488,0.01449980866163969
14751,actor,capacity_insert,36,141,1500,"[758, 742]",0.0,0.0023750988766551018,0.013455957174301147
14751,critic,capacity_insert,71,151,1500,,0.0,0.0026964452117681503,0.01416932325810194
14903,actor,capacity_insert,25,63,1500,"[751, 749]",0.0,0.0023876060731709003,0.013379896990954876
14903,critic,capacity_insert,42,110,1500,,0.0,0.002712469780817628,0.01449980866163969
15056,actor,capacity_insert,26,66,1500,"[748, 752]",0.0,0.0023820558562874794,0.013879595324397087
15056,critic,capacity_insert,48,105,1500,,0.0,0.0027216796297580004,0.014669311232864857
15259,actor,capacity_insert,23,135,1500,"[757, 743]",0.0,0.0023636564146727324,0.0138015141710639
15259,critic,capacity_insert,55,148,1500,,0.0,0.0027327213902026415,0.014669311232864857
15364,actor,capacity_insert,21,7,1500,"[757, 743]",0.0,0.002364550018683076,0.013723804615437984
15364,critic,capacity_insert,32,73,1500,,0.0,0.0027403903659433126,0.014669311232864857
15577,actor,capacity_insert,45,118,1500,"[762, 738]",0.0,0.002376358723267913,0.013646464794874191
15577,critic,capacity_insert,68,145,1500,,0.0,0.0027517133858054876,0.014669311232864857
15703,actor,capacity_insert,12,55,1500,"[766, 734]",0.0,0.002374017611145973,0.013569493778049946
15703,critic,capacity_insert,32,93,1500,,0.0,0.002751027001067996,0.014999971725046635
15819,actor,capacity_insert,17,34,1500,"[767, 733]",0.0,0.0023451284505426884,0.013492889702320099
15819,critic,capacity_insert,57,59,1500,,0.0,0.0027832393534481525,0.015499971807003021
15921,actor,capacity_insert,12,26,1500,"[764, 736]",0.0,0.002348328474909067,0.01341665256768465
15921,critic,capacity_insert,42,58,1500,,0.0,0.002821022644639015,0.015999970957636833
16040,actor,capacity_insert,24,35,1500,"[768, 732]",0.0,0.002353311749175191,0.013916535302996635
16040,critic,capacity_insert,53,64,1500,,0.0,0.002839690772816539,0.016499970108270645
16178,actor,capacity_insert,27,57,1500,"[768, 732]",0.0,0.0023555997759103775,0.01383827906101942
16178,critic,capacity_insert,34,104,1500,,0.0,0.0028523574583232403,0.016499970108270645
16369,actor,capacity_insert,45,94,1500,"[771, 729]",0.0,0.002383638173341751,0.01433805376291275
16369,critic,capacity_insert,30,161,1500,,0.0,0.0028567002154886723,0.016999969258904457
16471,actor,capacity_insert,19,29,1500,"[770, 730]",0.0,0.0023757691960781813,0.014257807284593582
16471,critic,capacity_insert,38,64,1500,,0.0,0.0028719143010675907,0.01749996840953827
16573,actor,capacity_insert,14,33,1500,"[765, 735]",0.0,0.0023745070211589336,0.014177938923239708
16573,critic,capacity_insert,41,61,1500,,0.0,0.0028794901445508003,0.01799996756017208
16708,actor,capacity_insert,18,59,1500,"[764, 736]",0.0,0.0023699384182691574,0.014098446816205978
16708,critic,capacity_insert,43,92,1500,,0.0,0.0028898201417177916,0.018499966710805893
16842,actor,capacity_insert,31,52,1500,"[761, 739]",0.0,0.002375553362071514,0.014019330032169819
16842,critic,capacity_insert,29,105,1500,,0.0,0.00290085026063025,0.01799996756017208
16987,actor,capacity_insert,26,60,1500,"[755, 745]",0.0,0.0023731449618935585,0.01394058670848608
16987,critic,capacity_insert,38,107,1500,,0.0,0.0028976905159652233,0.01749996840953827
17215,actor,capacity_insert,30,134,1500,"[756, 744]",0.0,0.0023580046836286783,0.013862216845154762
17215,critic,capacity_insert,54,172,1500,,0.0,0.002896253252401948,0.016999969258904457
17362,actor,capacity_insert,33,44,1500,"[766, 734]",0.0,0.0023728576488792896,0.013784218579530716
17362,critic,capacity_insert,40,107,1500,,0.0,0.0029283580370247364,0.01749996840953827
17518,actor,capacity_insert,29,73,1500,"[767, 733]",0.0,0.002372567541897297,0.013706590980291367
17518,critic,capacity_insert,43,113,1500,,0.0,0.0029397455509752035,0.016999969258904457
17656,actor,capacity_insert,26,51,1500,"[770, 730]",0.0,0.002357297344133258,0.01362933311611414
17656,critic,capacity_insert,148,0,1490,,0.0,0.002981265541166067,0.01749996468424797
17733,actor,capacity_insert,2,14,1500,"[773, 727]",0.0,0.002357993507757783,0.01355244405567646
17733,critic,capacity_insert,9,58,1500,,0.0,0.0029720566235482693,0.017999963834881783
17925,actor,capacity_insert,28,101,1500,"[771, 729]",0.0,0.0023745407816022635,0.01347592193633318
17925,critic,capacity_insert,54,137,1500,,0.0,0.002985266037285328,0.017999963834881783
18078,actor,capacity_insert,10,77,1500,"[772, 728]",0.0,0.0023811322171241045,0.013399765826761723
18078,critic,capacity_insert,33,120,1500,,0.0,0.002994687296450138,0.018499962985515594
18338,actor,capacity_insert,35,160,1500,"[776, 724]",0.0,0.002364502055570483,0.013323974795639515
18338,critic,capacity_insert,56,203,1500,,0.0,0.0030015448573976755,0.017999963834881783
18477,actor,capacity_insert,19,50,1500,"[770, 730]",0.0,0.0023683838080614805,0.013248547911643982
18477,critic,capacity_insert,36,103,1500,,0.0,0.0030258179176598787,0.018499962985515594
18625,actor,capacity_insert,8,87,1500,"[771, 729]",0.0,0.002360346494242549,0.013173484243452549
18625,critic,capacity_insert,42,106,1500,,0.0,0.0030386236030608416,0.017999963834881783
18764,actor,capacity_insert,16,63,1500,"[765, 735]",0.0,0.002341975923627615,0.013098781928420067
18764,critic,capacity_insert,28,111,1500,,0.0,0.003043239237740636,0.018499962985515594
18923,actor,capacity_insert,26,70,1500,"[762, 738]",0.0,0.002334633143618703,0.013024440035223961
18923,critic,capacity_insert,42,117,1500,,0.0,0.003064599120989442,0.017999963834881783
19020,actor,capacity_insert,28,13,1500,"[759, 741]",0.0,0.0023406432010233402,0.012950457632541656
19020,critic,capacity_insert,38,59,1500,,0.0,0.003083119634538889,0.01749996468424797
19180,actor,capacity_insert,16,85,1500,"[761, 739]",0.0,0.0023324843496084213,0.012876833789050579
19180,critic,capacity_insert,51,109,1500,,0.0,0.0030844532884657383,0.017999963834881783
19269,actor,capacity_insert,8,31,1500,"[759, 741]",0.0,0.002324750879779458,0.012803567573428154
19269,critic,capacity_insert,39,50,1500,,0.0,0.0030900321435183287,0.01749996468424797
19436,actor,capacity_insert,8,95,1500,"[762, 738]",0.0,0.0023341441992670298,0.012730657123029232
19436,critic,capacity_insert,41,126,1500,,0.0,0.003095032414421439,0.01699996553361416
19673,actor,capacity_insert,37,128,1500,"[755, 745]",0.0,0.00234338641166687,0.012658101506531239
19673,critic,capacity_insert,72,165,1500,,0.0,0.0031195501796901226,0.016513170674443245
19807,actor,capacity_insert,12,57,1500,"[767, 733]",0.0,0.00233424361795187,0.012585899792611599
19807,critic,capacity_insert,17,117,1500,,0.0,0.0031267099548131227,0.017013169825077057
20001,actor,capacity_insert,28,106,1500,"[768, 732]",0.0,0.002346247900277376,0.012514051049947739
20001,critic,capacity_insert,36,158,1500,,0.0,0.0031277001835405827,0.017169276252388954
20108,actor,capacity_insert,14,29,1500,"[766, 734]",0.0,0.0023638224229216576,0.012442553415894508
20108,critic,capacity_insert,27,76,1500,,0.0,0.003140784567221999,0.01766926236450672
20271,actor,capacity_insert,22,74,1500,"[769, 731]",0.0,0.0023689446970820427,0.012371405959129333
20271,critic,capacity_insert,31,132,1500,,0.0,0.0031577094923704863,0.01766926236450672
20366,actor,capacity_insert,16,23,1500,"[772, 728]",0.0,0.002361638005822897,0.01230060774832964
20366,critic,capacity_insert,31,64,1500,,0.0,0.0031637942884117365,0.01766926236450672
20475,actor,capacity_insert,18,40,1500,"[779, 721]",0.0,0.002357568359002471,0.012230157852172852
20475,critic,capacity_insert,26,83,1500,,0.0,0.00317270215600729,0.01766926236450672
20581,actor,capacity_insert,15,31,1500,"[779, 721]",0.0,0.0023573453072458506,0.012160055339336395
20581,critic,capacity_insert,26,80,1500,,0.0,0.0031857031863182783,0.018169259652495384
20710,actor,capacity_insert,16,41,1500,"[777, 723]",0.0,0.002366188680753112,0.012184066697955132
20710,critic,capacity_insert,43,86,1500,,0.0,0.0031887846998870373,0.018169259652495384
20856,actor,capacity_insert,12,82,1500,"[769, 731]",0.0,0.0023728031665086746,0.012020885944366455
20856,critic,capacity_insert,50,96,1500,,0.0,0.003191608702763915,0.018169259652495384
21021,actor,capacity_insert,15,81,1500,"[761, 739]",0.0,0.0023587215691804886,0.011951817199587822
21021,critic,capacity_insert,34,131,1500,,0.0,0.0032165744341909885,0.01766928657889366
21227,actor,capacity_insert,20,129,1500,"[768, 732]",0.0,0.0023572666104882956,0.012117183767259121
21227,critic,capacity_insert,46,160,1500,,0.0,0.0032356332521885633,0.017169293016195297
21368,actor,capacity_insert,14,68,1500,"[776, 724]",0.0,0.00234663556329906,0.011814705096185207
21368,critic,capacity_insert,39,102,1500,,0.0,0.003243358340114355,0.016669295728206635
21697,actor,capacity_insert,36,234,1500,"[770, 730]",0.0,0.002361187245696783,0.011746659874916077
21697,critic,capacity_insert,66,263,1500,,0.0,0.0032599226105958223,0.017013169825077057
21831,actor,capacity_insert,15,54,1500,"[773, 727]",0.0,0.002354902680963278,0.011945502832531929
21831,critic,capacity_insert,28,105,1500,,0.0,0.0032747630029916763,0.017013169825077057
22004,actor,capacity_insert,17,100,1500,"[778, 722]",0.0,0.0023507694713771343,0.012178805656731129
22004,critic,capacity_insert,42,131,1500,,0.0,0.003288412932306528,0.016513170674443245
22188,actor,capacity_insert,8,109,1500,"[770, 730]",0.0,0.002345537068322301,0.012678639963269234
22188,critic,capacity_insert,48,136,1500,,0.0,0.0032915822230279446,0.017013169825077057
22413,actor,capacity_insert,25,136,1500,"[771, 729]",0.0,0.0023497038055211306,0.01260633859783411
22413,critic,capacity_insert,56,169,1500,,0.0,0.003314719535410404,0.01751316897571087
22695,actor,capacity_insert,18,200,1500,"[766, 734]",0.0,0.0023578882683068514,0.012534390203654766
22695,critic,capacity_insert,34,247,1500,,0.0,0.003304884070530534,0.017191339284181595
22909,actor,capacity_insert,40,100,1500,"[765, 735]",0.0,0.002372316550463438,0.012462792918086052
22909,critic,capacity_insert,80,134,1500,,0.0,0.0033159644808620214,0.017191339284181595
23039,actor,capacity_insert,15,48,1500,"[774, 726]",0.0,0.0023775268346071243,0.012391546741127968
23039,critic,capacity_insert,35,93,1500,,0.0,0.0033275603782385588,0.017691338434815407
23227,actor,capacity_insert,19,101,1500,"[775, 725]",0.0,0.002376836258918047,0.012320649810135365
23227,critic,capacity_insert,43,143,1500,,0.0,0.0033408640883862972,0.01799997128546238
23409,actor,capacity_insert,6,115,1500,"[776, 724]",0.0,0.0023686629720032215,0.012251739390194416
23409,critic,capacity_insert,22,158,1500,,0.0,0.003355508204549551,0.017499972134828568
23589,actor,capacity_insert,15,111,1500,"[779, 721]",0.0,0.0023544318974018097,0.012181530706584454
23589,critic,capacity_insert,28,152,1500,,0.0,0.0033640419133007526,0.01799997128546238
23748,actor,capacity_insert,12,79,1500,"[784, 716]",0.0,0.00234507885761559,0.012111667543649673
23748,critic,capacity_insert,31,127,1500,,0.0,0.0033709288109093904,0.01849997043609619
23969,actor,capacity_insert,21,127,1500,"[780, 720]",0.0,0.002347789704799652,0.012042149901390076
23969,critic,capacity_insert,41,180,1500,,0.0,0.0033730347640812397,0.01849997043609619
24163,actor,capacity_insert,9,125,1500,"[780, 720]",0.0,0.0023522255942225456,0.012231225147843361
24163,critic,capacity_insert,47,147,1500,,0.0,0.0033890348859131336,0.01799997128546238
24280,actor,capacity_insert,25,27,1500,"[780, 720]",0.0,0.0023539119865745306,0.011904144659638405
24280,critic,capacity_insert,44,73,1500,,0.0,0.003387665143236518,0.01849997043609619
24548,actor,capacity_insert,21,177,1500,"[786, 714]",0.0,0.0023511506151407957,0.011835654266178608
24548,critic,capacity_insert,56,210,1500,,0.0,0.0034023993648588657,0.018499989062547684
24706,actor,capacity_insert,11,87,1500,"[787, 713]",0.0,0.0023558037355542183,0.01176750473678112
24706,critic,capacity_insert,38,119,1500,,0.0,0.0033996147103607655,0.018999988213181496
24873,actor,capacity_insert,26,72,1500,"[784, 716]",0.0,0.002357571152970195,0.01223173551261425
24873,critic,capacity_insert,54,109,1500,,0.0,0.003411015262827277,0.018499989062547684
25055,actor,capacity_insert,11,104,1500,"[785, 715]",0.0,0.0023544575087726116,0.012731220573186874
25055,critic,capacity_insert,36,145,1500,,0.0,0.0034123717341572046,0.018999988213181496
25274,actor,capacity_insert,33,122,1500,"[770, 730]",0.0,0.0023515133652836084,0.012231522239744663
25274,critic,capacity_insert,27,189,1500,,0.0,0.003420197172090411,0.019499987363815308
25554,actor,capacity_insert,22,177,1500,"[777, 723]",0.0,0.0023526446893811226,0.012731499969959259
25554,critic,capacity_insert,68,212,1500,,0.0,0.003436051309108734,0.01999998651444912
25837,actor,capacity_insert,11,204,1500,"[776, 724]",0.0,0.0023681907914578915,0.013231457211077213
25837,critic,capacity_insert,21,258,1500,,0.0,0.0034454441629350185,0.02049998566508293
26079,actor,capacity_insert,22,146,1500,"[775, 725]",0.0,0.0023763328790664673,0.01273147389292717
26079,critic,capacity_insert,44,198,1500,,0.0,0.003467284608632326,0.020999981090426445
26202,actor,capacity_insert,9,48,1500,"[777, 723]",0.0,0.0023792183492332697,0.013231104239821434
26202,critic,capacity_insert,27,96,1500,,0.0,0.003481524530798197,0.021499980241060257
26350,actor,capacity_insert,5,91,1500,"[782, 718]",0.0,0.0023807664401829243,0.013156124390661716
26350,critic,capacity_insert,35,112,1500,,0.0,0.003496285527944565,0.02199997939169407
26553,actor,capacity_insert,16,112,1500,"[777, 723]",0.0,0.002383630722761154,0.01308150589466095
26553,critic,capacity_insert,52,151,1500,,0.0,0.0035167282912880182,0.02249997854232788
26749,actor,capacity_insert,11,118,1500,"[779, 721]",0.0,0.0023713926784694195,0.012581528164446354
26749,critic,capacity_insert,43,153,1500,,0.0,0.003549740416929126,0.022992754355072975
27018,actor,capacity_insert,19,182,1500,"[783, 717]",0.0,0.0023783016949892044,0.012081832624971867
27018,critic,capacity_insert,43,224,1500,,0.0,0.003545074723660946,0.023492751643061638
27119,actor,capacity_insert,8,20,1500,"[780, 720]",0.0,0.0023736238945275545,0.012012462131679058
27119,critic,capacity_insert,24,77,1500,,0.0,0.003552682464942336,0.022992752492427826
27515,actor,capacity_insert,14,311,1500,"[780, 720]",0.0,0.0023740320466458797,0.01183423399925232
27515,critic,capacity_insert,82,314,1500,,0.0,0.0035751720424741507,0.023492751643061638
27733,actor,capacity_insert,22,131,1500,"[775, 725]",0.0,0.0023855604231357574,0.012333996593952179
27733,critic,capacity_insert,47,169,1500,,0.0,0.003585377475246787,0.0239927489310503
28138,actor,capacity_insert,27,303,1500,"[775, 725]",0.0,0.0024021125864237547,0.012512480840086937
28138,critic,capacity_insert,65,336,1500,,0.0,0.00359037215821445,0.02349274978041649
28355,actor,capacity_insert,32,111,1500,"[771, 729]",0.0,0.0023937213700264692,0.012012644670903683
28355,critic,capacity_insert,76,140,1500,,0.0,0.0036200929898768663,0.0239927489310503
28522,actor,capacity_insert,7,89,1500,"[768, 732]",0.0,0.0023899974767118692,0.012265901081264019
28522,critic,capacity_insert,27,139,1500,,0.0,0.0036387331783771515,0.024492748081684113
28744,actor,capacity_insert,35,108,1500,"[767, 733]",0.0,0.0024037519469857216,0.0127331567928195
28744,critic,capacity_insert,20,202,1500,,0.0,0.0036382307298481464,0.024992747232317924
28877,actor,capacity_insert,15,34,1500,"[773, 727]",0.0,0.0023960608523339033,0.013232745230197906
28877,critic,capacity_insert,38,94,1500,,0.0,0.0036468973848968744,0.024492748081684113
29227,actor,capacity_insert,33,237,1500,"[777, 723]",0.0,0.0023951767943799496,0.01373262982815504
29227,critic,capacity_insert,74,276,1500,,0.0,0.003676898078992963,0.0239927489310503
29466,actor,capacity_insert,37,129,1500,"[781, 719]",0.0,0.0023975460790097713,0.013511436991393566
29466,critic,capacity_insert,44,195,1500,,0.0,0.0036980146542191505,0.02349274978041649
29611,actor,capacity_insert,13,52,1500,"[781, 719]",0.0,0.002389375353232026,0.014011358842253685
29611,critic,capacity_insert,26,117,1500,,0.0,0.0037077541928738356,0.0239927489310503
30080,actor,capacity_insert,31,355,1500,"[783, 717]",0.0,0.0023975602816790342,0.014511294662952423
30080,critic,capacity_insert,84,383,1500,,0.0,0.0037223973777145147,0.023999936878681183
30322,actor,capacity_insert,31,131,1500,"[782, 718]",0.0,0.0023959907703101635,0.01401130948215723
30322,critic,capacity_insert,63,178,1500,,0.0,0.003743730252608657,0.024499936029314995
30685,actor,capacity_insert,37,247,1500,"[775, 725]",0.0,0.002397968200966716,0.01351136714220047
30685,critic,capacity_insert,73,289,1500,,0.0,0.0037530644331127405,0.024999935179948807
30911,actor,capacity_insert,19,120,1500,"[770, 730]",0.0,0.002396260853856802,0.013011488132178783
30911,critic,capacity_insert,52,174,1500,,0.0,0.003763730637729168,0.02549993433058262
31176,actor,capacity_insert,19,168,1500,"[769, 731]",0.0,0.002390542533248663,0.012937569059431553
31176,critic,capacity_insert,53,212,1500,,0.0,0.003779403166845441,0.02599993348121643
31435,actor,capacity_insert,18,169,1500,"[771, 729]",0.0,0.002409679349511862,0.012437642551958561
31435,critic,capacity_insert,37,219,1500,,0.0,0.0037984021473675966,0.026499932631850243
31826,actor,capacity_insert,13,305,1500,"[769, 731]",0.0,0.002430306514725089,0.012661108747124672
31826,critic,capacity_insert,53,331,1500,,0.0,0.0038155813235789537,0.026999931782484055
32228,actor,capacity_insert,17,312,1500,"[770, 730]",0.0,0.0024183362256735563,0.012260450050234795
32228,critic,capacity_insert,25,373,1500,,0.0,0.0038143708370625973,0.026499932631850243
32468,actor,capacity_insert,14,146,1500,"[773, 727]",0.0,0.0024195127189159393,0.012660892680287361
32468,critic,capacity_insert,55,183,1500,,0.0,0.003826079424470663,0.026999931782484055
32766,actor,capacity_insert,27,176,1500,"[773, 727]",0.0,0.002435280941426754,0.013160385191440582
32766,critic,capacity_insert,41,254,1500,,0.0,0.003851659130305052,0.027499930933117867
32981,actor,capacity_insert,13,119,1500,"[774, 726]",0.0,0.002429595682770014,0.012660463340580463
32981,critic,capacity_insert,30,180,1500,,0.0,0.0038526589050889015,0.02799993008375168
33467,actor,capacity_insert,16,378,1500,"[772, 728]",0.0,0.002436163369566202,0.01229566428810358
33467,critic,capacity_insert,75,410,1500,,0.0,0.0038582836277782917,0.02849992923438549
33652,actor,capacity_insert,21,84,1500,"[776, 724]",0.0,0.0024342206306755543,0.012225238606333733
33652,critic,capacity_insert,21,159,1500,,0.0,0.0038686173502355814,0.028999919071793556
34258,actor,capacity_insert,17,510,1500,"[779, 721]",0.0,0.002431500004604459,0.012725219130516052
34258,critic,capacity_insert,64,542,1500,,0.0,0.0038932987954467535,0.029499918222427368
34558,actor,capacity_insert,23,193,1500,"[776, 724]",0.0,0.0024459860287606716,0.013224701397120953
34558,critic,capacity_insert,59,241,1500,,0.0,0.003906383644789457,0.02999991737306118
34736,actor,capacity_insert,8,75,1500,"[778, 722]",0.0,0.002434635767713189,0.01372468937188387
34736,critic,capacity_insert,20,156,1500,,0.0,0.003920405171811581,0.030499916523694992
35069,actor,capacity_insert,27,212,1500,"[779, 721]",0.0,0.0024582359474152327,0.014224632643163204
35069,critic,capacity_insert,58,274,1500,,0.0,0.003937115892767906,0.030999915674328804
35499,actor,capacity_insert,375,0,1468,"[758, 710]",0.0,0.0025281072594225407,0.013724676333367825
35499,critic,capacity_insert,70,358,1500,,0.0,0.003961781971156597,0.031499914824962616
35666,actor,capacity_insert,9,35,1500,"[781, 719]",0.0,0.0024761154782027006,0.01322475541383028
35666,critic,capacity_insert,40,126,1500,,0.0,0.003969174809753895,0.030999915674328804
35956,actor,capacity_insert,225,0,1475,"[765, 710]",0.0,0.0025181127712130547,0.012724817730486393
35956,critic,capacity_insert,58,227,1500,,0.0,0.003973901737481356,0.030999915674328804
36301,actor,capacity_insert,300,0,1436,"[746, 690]",0.0,0.0025809945072978735,0.012224900536239147
36301,critic,capacity_insert,63,280,1500,,0.0,0.003993271850049496,0.031499914824962616
36301,actor,scheduled_batch_boundary,72,0,1364,"[698, 666]",0.00031376752303913236,0.0027074352838099003,0.012224900536239147
36705,actor,capacity_insert,10,168,1500,"[768, 732]",0.0,0.0024692174047231674,0.012724848464131355
36705,critic,capacity_insert,438,0,1464,,0.0,0.004103065002709627,0.03199991583824158
37233,actor,capacity_insert,29,409,1500,"[773, 727]",0.0,0.0024822885170578957,0.012227632105350494
37233,critic,capacity_insert,26,465,1500,,0.0,0.004015275742858648,0.03249991685152054
37759,actor,capacity_insert,66,370,1500,"[764, 736]",0.0,0.002518173074349761,0.012015069834887981
37759,critic,capacity_insert,63,458,1500,,0.0,0.004035942256450653,0.0329999178647995
38213,actor,capacity_insert,35,326,1500,"[764, 736]",0.0,0.00253803888335824,0.012497855350375175
38213,critic,capacity_insert,60,392,1500,,0.0,0.004052747040987015,0.03349991887807846
38647,actor,capacity_insert,375,0,1464,"[746, 718]",0.0,0.002625992987304926,0.01205479260534048
38647,critic,capacity_insert,64,365,1500,,0.0,0.004068857524544001,0.03399991989135742
39121,actor,capacity_insert,20,334,1500,"[756, 744]",0.0,0.0025563391391187906,0.012554578483104706
39121,critic,capacity_insert,40,430,1500,,0.0,0.0040827360935509205,0.03449992090463638
39500,actor,capacity_insert,300,0,1492,"[752, 740]",0.0,0.0025901205372065306,0.012482882477343082
39500,critic,capacity_insert,38,337,1500,,0.0,0.0040996200405061245,0.034999921917915344
39769,actor,capacity_insert,225,0,1449,"[727, 722]",0.0,0.002686327090486884,0.012982731685042381
39769,critic,capacity_insert,34,231,1500,,0.0,0.004115596879273653,0.035499922931194305
40594,actor,capacity_insert,28,653,1500,"[756, 744]",0.0,0.002594232792034745,0.012483038939535618
40594,critic,capacity_insert,77,741,1500,,0.0,0.004139633849263191,0.03599992394447327
41024,actor,capacity_insert,375,0,1449,"[732, 717]",0.0,0.002683290746062994,0.012982779182493687
41024,critic,capacity_insert,54,375,1500,,0.0,0.004165498539805412,0.03649992495775223
41024,actor,scheduled_batch_boundary,73,0,1376,"[701, 675]",0.0004198467649985105,0.0028149476274847984,0.012982779182493687
41903,actor,capacity_insert,17,656,1500,"[765, 735]",0.0,0.0025722561404109,0.012729253619909286
41903,critic,capacity_insert,59,815,1500,,0.0,0.004184389021247625,0.03699992597103119
42548,actor,capacity_insert,59,501,1500,"[770, 730]",0.0,0.0026084166020154953,0.012982803396880627
42548,critic,capacity_insert,675,0,1467,,0.0,0.004323344212025404,0.03749992698431015
42548,critic,scheduled_batch_boundary,74,0,1393,,1.5306344721466303e-05,0.004553009290248156,0.03749992698431015
43305,actor,capacity_insert,675,0,1475,"[754, 721]",0.0,0.0026935681235045195,0.012729277834296227
43305,critic,capacity_insert,27,618,1500,,0.0,0.004229328595101833,0.03799992799758911
43305,actor,scheduled_batch_boundary,74,0,1401,"[716, 685]",0.00041884396341629326,0.0028338010888546705,0.012729277834296227
43855,actor,capacity_insert,15,339,1500,"[767, 733]",0.0,0.0026474911719560623,0.012982821092009544
43855,critic,capacity_insert,600,0,1447,,0.0,0.004381227772682905,0.03849992901086807
44320,actor,capacity_insert,26,354,1500,"[766, 734]",0.0,0.0026610938366502523,0.013482724316418171
44320,critic,capacity_insert,49,356,1500,,0.0,0.00424609100446105,0.038999930024147034
44773,actor,capacity_insert,35,328,1500,"[761, 739]",0.0,0.0026506257709115744,0.013982202857732773
44773,critic,capacity_insert,52,397,1500,,0.0,0.004251386970281601,0.039499931037425995
45391,actor,capacity_insert,26,507,1500,"[756, 744]",0.0,0.002658130368217826,0.013482371345162392
45391,critic,capacity_insert,77,539,1500,,0.0,0.004275959450751543,0.039999932050704956
45906,actor,capacity_insert,37,379,1500,"[765, 735]",0.0,0.002674994757398963,0.013470766134560108
45906,critic,capacity_insert,53,459,1500,,0.0,0.004291977733373642,0.04049993306398392
46421,actor,capacity_insert,450,0,1450,"[758, 692]",0.0,0.0027839920949190855,0.013970655389130116
46421,critic,capacity_insert,518,0,1483,,0.0,0.00435668183490634,0.04099993407726288
46421,actor,scheduled_batch_boundary,73,0,1377,"[723, 654]",0.00047665758756920695,0.0029199011623859406,0.013970655389130116
46421,critic,scheduled_batch_boundary,75,0,1408,,3.3178366720676422e-09,0.004588748794049025,0.04099993407726288
47099,actor,capacity_insert,8,440,1500,"[780, 720]",0.0,0.002662509912624955,0.014470593072474003
47099,critic,capacity_insert,35,549,1500,,0.0,0.004311587195843458,0.04149993509054184
47976,actor,capacity_insert,73,692,1500,"[773, 727]",0.0,0.002704581245779991,0.014969789423048496
47976,critic,capacity_insert,900,0,1465,,0.0,0.00444087665528059,0.0419999361038208
48474,actor,capacity_insert,54,356,1500,"[780, 720]",0.0,0.0027320696972310543,0.015469322912395
48474,critic,capacity_insert,43,418,1500,,0.0,0.0043399278074502945,0.04249993711709976
49314,actor,capacity_insert,825,0,1434,"[736, 698]",0.0,0.0028739653062075377,0.015969205647706985
49314,critic,capacity_insert,68,744,1500,,0.0,0.004347366746515036,0.04299993813037872
49314,actor,scheduled_batch_boundary,72,0,1362,"[699, 663]",0.0004995173076167703,0.003005297388881445,0.015969205647706985
50574,actor,capacity_insert,10,1046,1500,"[774, 726]",0.0,0.0027226724196225405,0.016452770680189133
50574,critic,capacity_insert,1258,0,1491,,0.0,0.004393014591187239,0.043499939143657684
50574,critic,scheduled_batch_boundary,75,0,1416,,3.550667315721512e-09,0.004625694360584021,0.043499939143657684
51410,actor,capacity_insert,58,671,1500,"[774, 726]",0.0,0.00276759616099298,0.01695254072546959
51410,critic,capacity_insert,31,713,1500,,0.0,0.004382655024528503,0.043999940156936646
52209,actor,capacity_insert,750,0,1441,"[754, 687]",0.0,0.0029094668570905924,0.0168603602796793
52209,critic,capacity_insert,69,726,1500,,0.0,0.004395653493702412,0.04449994117021561
52209,actor,scheduled_batch_boundary,72,0,1369,"[718, 651]",0.0004993772017769516,0.0030469580087810755,0.0168603602796793
53209,actor,capacity_insert,15,742,1500,"[783, 717]",0.0,0.0027887742035090923,0.017360256984829903
53209,critic,capacity_insert,1050,0,1442,,0.0,0.004602953791618347,0.04499994218349457
53209,critic,scheduled_batch_boundary,72,0,1370,,0.0004999992088414729,0.004833573009818792,0.04499994218349457
53893,actor,capacity_insert,25,543,1500,"[782, 718]",0.0,0.0027961311861872673,0.01786016672849655
53893,critic,capacity_insert,14,537,1500,,0.0,0.004420330282300711,0.04549994319677353
54769,actor,capacity_insert,33,725,1500,"[780, 720]",0.0,0.0027870782651007175,0.017360204830765724
54769,critic,capacity_insert,50,821,1500,,0.0,0.004457328002899885,0.04599994421005249
55814,actor,capacity_insert,86,877,1500,"[787, 713]",0.0,0.0028046262450516224,0.01786004565656185
55814,critic,capacity_insert,47,984,1500,,0.0,0.0044718277640640736,0.04649994522333145
56217,actor,capacity_insert,57,235,1500,"[787, 713]",0.0,0.0028099229093641043,0.018359996378421783
56217,critic,capacity_insert,47,354,1500,,0.0,0.004511494655162096,0.04699994623661041
57503,actor,capacity_insert,48,1146,1500,"[783, 717]",0.0,0.002829562406986952,0.01786022074520588
57503,critic,capacity_insert,1275,0,1468,,0.0,0.00465752137824893,0.047499947249889374
57503,critic,scheduled_batch_boundary,74,0,1394,,0.0004999761586077511,0.004902484826743603,0.047499947249889374
58499,actor,capacity_insert,52,836,1500,"[773, 727]",0.0,0.002833849284797907,0.01736113429069519
58499,critic,capacity_insert,19,861,1500,,0.0,0.004573042970150709,0.047999948263168335
59172,actor,capacity_insert,44,493,1500,"[779, 721]",0.0,0.0028363254386931658,0.016861163079738617
59172,critic,capacity_insert,675,0,1473,,0.0,0.004656187258660793,0.048499949276447296
59172,critic,scheduled_batch_boundary,74,0,1399,,0.0004999989760108292,0.004894970450550318,0.048499949276447296
59883,actor,capacity_insert,51,535,1500,"[770, 730]",0.0,0.0028549099806696177,0.01736108958721161
59883,critic,capacity_insert,9,586,1500,,0.0,0.0045563760213553905,0.04899995028972626
60740,actor,capacity_insert,28,733,1500,"[774, 726]",0.0,0.0028823562897741795,0.016861289739608765
60740,critic,capacity_insert,56,776,1500,,0.0,0.004572370555251837,0.04949995130300522
61848,actor,capacity_insert,29,967,1500,"[774, 726]",0.0,0.002887824084609747,0.016804136335849762
61848,critic,capacity_insert,72,988,1500,,0.0,0.004574036691337824,0.04999995231628418
63002,actor,capacity_insert,1050,0,1464,"[759, 705]",0.0,0.0029705630149692297,0.016861358657479286
63002,critic,capacity_insert,1200,0,1441,,0.0,0.004765131510794163,0.05049995332956314
63002,actor,scheduled_batch_boundary,74,0,1390,"[722, 668]",0.0004780829476658255,0.003120170207694173,0.016861358657479286
63002,critic,scheduled_batch_boundary,71,0,1370,,0.0004999995580874383,0.004992615431547165,0.05049995332956314
64389,actor,capacity_insert,6,1177,1500,"[783, 717]",0.0,0.0028848100919276476,0.017361097037792206
64389,critic,capacity_insert,20,1233,1500,,0.0,0.004533588886260986,0.0509999543428421
65936,actor,capacity_insert,42,1435,1500,"[784, 716]",0.0,0.0029105772264301777,0.016861217096447945
65936,critic,capacity_insert,71,1456,1500,,0.0,0.004558255430310965,0.05149995535612106
66651,actor,capacity_insert,600,0,1468,"[766, 702]",0.0,0.0029726068023592234,0.01735888421535492
66651,critic,capacity_insert,750,0,1444,,0.0,0.004740599077194929,0.051999956369400024
66651,actor,scheduled_batch_boundary,74,0,1394,"[724, 670]",0.0004965268890373409,0.003119510831311345,0.01735888421535492
66651,critic,scheduled_batch_boundary,72,0,1372,,0.0004999935044907033,0.004983250051736832,0.051999956369400024
67868,actor,capacity_insert,20,972,1500,"[774, 726]",0.0,0.0028998025227338076,0.017858024686574936
67868,critic,capacity_insert,19,1061,1500,,0.0,0.0045650131069123745,0.052499957382678986
69084,actor,capacity_insert,63,1038,1500,"[779, 721]",0.0,0.0029136906377971172,0.017358049750328064
69084,critic,capacity_insert,50,1161,1500,,0.0,0.004580346867442131,0.05299995839595795
69934,actor,capacity_insert,51,650,1500,"[789, 711]",0.0,0.0029187409672886133,0.017112545669078827
69934,critic,capacity_insert,94,749,1500,,0.0,0.004608347080647945,0.05349995940923691
71157,actor,capacity_insert,1125,0,1445,"[775, 670]",0.0,0.0030777142383158207,0.01676630787551403
71157,critic,capacity_insert,48,1158,1500,,0.0,0.004627347458153963,0.05399996042251587
71157,actor,scheduled_batch_boundary,73,0,1372,"[738, 634]",0.0004999380325898528,0.003224620595574379,0.01676630787551403
71969,actor,capacity_insert,7,544,1500,"[793, 707]",0.0,0.0029520676471292973,0.01726628467440605
71969,critic,capacity_insert,825,0,1474,,0.0,0.004731358028948307,0.05449996143579483
72586,actor,capacity_insert,68,427,1500,"[799, 701]",0.0,0.0029813749715685844,0.01776624284684658
72586,critic,capacity_insert,50,530,1500,,0.0,0.004672015551477671,0.05499996244907379
73556,actor,capacity_insert,49,733,1500,"[787, 713]",0.0,0.002988821128383279,0.018266061320900917
73556,critic,capacity_insert,975,0,1487,,0.0,0.004731018096208572,0.05549996346235275
73556,critic,scheduled_batch_boundary,75,0,1412,,0.00041624438017606735,0.004982310812920332,0.05549996346235275
74406,actor,capacity_insert,50,650,1500,"[782, 718]",0.0,0.003008037805557251,0.01776612550020218
74406,critic,capacity_insert,27,719,1500,,0.0,0.004702681675553322,0.055999964475631714
75278,actor,capacity_insert,825,0,1427,"[759, 668]",0.0,0.003165618749335408,0.018265951424837112
75278,critic,capacity_insert,52,805,1500,,0.0,0.004718348849564791,0.056499965488910675
75278,actor,scheduled_batch_boundary,72,0,1355,"[723, 632]",0.0004999792436137795,0.0033100475557148457,0.018265951424837112
76580,actor,capacity_insert,3,999,1500,"[796, 704]",0.0,0.0029881037771701813,0.018764564767479897
76580,critic,capacity_insert,1350,0,1442,,0.0,0.00494419177994132,0.056999966502189636
76580,critic,scheduled_batch_boundary,72,0,1370,,0.0004999994998797774,0.005186581518501043,0.056999966502189636
77475,actor,capacity_insert,81,672,1500,"[808, 692]",0.0,0.0030156471766531467,0.01826459914445877
77475,critic,capacity_insert,1,730,1500,,0.0,0.004746745340526104,0.0574999675154686
78364,actor,capacity_insert,750,0,1452,"[772, 680]",0.0,0.0031153997406363487,0.01816668175160885
78364,critic,capacity_insert,40,814,1500,,0.0,0.004743413534015417,0.05799996852874756
78364,actor,scheduled_batch_boundary,73,0,1379,"[732, 647]",0.0004998502554371953,0.003271395107731223,0.01816668175160885
79406,actor,capacity_insert,7,733,1500,"[797, 703]",0.0,0.0029973851051181555,0.0186664629727602
79406,critic,capacity_insert,93,934,1500,,0.0,0.0047624134458601475,0.05849996954202652
80344,actor,capacity_insert,77,701,1500,"[781, 719]",0.0,0.0030173221603035927,0.01856681890785694
80344,critic,capacity_insert,975,0,1443,,0.0,0.004957031924277544,0.05899997055530548
80344,critic,scheduled_batch_boundary,65,0,1378,,0.0004999998491257429,0.005173800978809595,0.05899997055530548
81455,actor,capacity_insert,48,903,1500,"[794, 706]",0.0,0.003037162823602557,0.018467601388692856
81455,critic,capacity_insert,2,976,1500,,0.0,0.004758331459015608,0.05949997156858444
82578,actor,capacity_insert,1050,0,1427,"[740, 687]",0.0,0.0032137988600879908,0.018967408686876297
82578,critic,capacity_insert,98,1012,1500,,0.0,0.004789330996572971,0.0599999725818634
82578,actor,scheduled_batch_boundary,72,0,1355,"[716, 639]",0.0004999879747629166,0.0033604316413402557,0.018967408686876297
83746,actor,capacity_insert,3,873,1500,"[789, 711]",0.0,0.0030405938159674406,0.01912999525666237
83746,critic,capacity_insert,60,1090,1500,,0.0,0.004797331523150206,0.060499973595142365
84890,actor,capacity_insert,72,924,1500,"[795, 705]",0.0,0.003077961038798094,0.01962975785136223
84890,critic,capacity_insert,1125,0,1498,,0.0,0.004815756343305111,0.060999974608421326
84890,critic,scheduled_batch_boundary,75,0,1423,,0.0004999807570129633,0.005068870261311531,0.060999974608421326
86060,actor,capacity_insert,1050,0,1465,"[793, 672]",0.0,0.003165043890476227,0.02012959122657776
86060,critic,capacity_insert,37,1034,1500,,0.0,0.004811001941561699,0.06149997562170029
86060,actor,scheduled_batch_boundary,74,0,1391,"[749, 642]",0.0004983883118256927,0.003327558981254697,0.02012959122657776
87266,actor,capacity_insert,10,912,1500,"[798, 702]",0.0,0.0030917555559426546,0.020017361268401146
87266,critic,capacity_insert,1200,0,1481,,0.0,0.004905472043901682,0.06199997663497925
87266,critic,scheduled_batch_boundary,74,0,1407,,3.247987478971481e-08,0.0051634712144732475,0.06199997663497925
88742,actor,capacity_insert,72,1269,1500,"[795, 705]",0.0,0.003113460261374712,0.020517172291874886
88742,critic,capacity_insert,36,1335,1500,,0.0,0.004846000112593174,0.06249997764825821
90197,actor,capacity_insert,69,1288,1500,"[798, 702]",0.0,0.003110054647549987,0.02040977217257023
90197,critic,capacity_insert,63,1379,1500,,0.0,0.004857608117163181,0.06299997866153717
91605,actor,capacity_insert,53,1132,1500,"[786, 714]",0.0,0.0031270405743271112,0.02030281350016594
91605,critic,capacity_insert,100,1267,1500,,0.0,0.004885940812528133,0.06349997967481613
93093,actor,capacity_insert,52,1284,1500,"[783, 717]",0.0,0.0031329733319580555,0.019803566858172417
93093,critic,capacity_insert,88,1354,1500,,0.0,0.004905276466161013,0.06399998068809509
94182,actor,capacity_insert,975,0,1445,"[752, 693]",0.0,0.0032666961196810007,0.01969912089407444
94182,critic,capacity_insert,36,988,1500,,0.0,0.0048926095478236675,0.06449998170137405
94182,actor,scheduled_batch_boundary,73,0,1372,"[716, 656]",0.0004999282537028193,0.0034267446026206017,0.01969912089407444
95800,actor,capacity_insert,4,1380,1500,"[779, 721]",0.0,0.003153459867462516,0.020198879763484
95800,critic,capacity_insert,76,1511,1500,,0.0,0.004915600176900625,0.06499998271465302
97259,actor,capacity_insert,69,1278,1500,"[789, 711]",0.0,0.00318256882019341,0.02069876343011856
97259,critic,capacity_insert,1500,0,1437,,0.0,0.005122289061546326,0.06549998372793198
97259,critic,scheduled_batch_boundary,71,0,1366,,0.000499999790918082,0.005366931669414043,0.06549998372793198
98449,actor,capacity_insert,56,944,1500,"[792, 708]",0.0,0.003198371035978198,0.02059061825275421
98449,critic,capacity_insert,8,1015,1500,,0.0,0.004877819679677486,0.06599998474121094
100067,actor,capacity_insert,45,1513,1500,"[796, 704]",0.0,0.003219197504222393,0.021090444177389145
100067,critic,capacity_insert,48,1545,1500,,0.0,0.004877151921391487,0.0664999857544899
101374,actor,capacity_insert,1200,0,1430,"[761, 669]",0.0,0.003399888053536415,0.020980700850486755
101374,critic,capacity_insert,46,1250,1500,,0.0,0.004871486220508814,0.06599998474121094
101374,actor,scheduled_batch_boundary,72,0,1358,"[726, 632]",0.0004999712109565735,0.0035599127877503633,0.020980700850486755
102846,actor,capacity_insert,0,1199,1500,"[797, 703]",0.0,0.003235362470149994,0.020862674340605736
102846,critic,capacity_insert,1425,0,1488,,0.0,0.004931940697133541,0.0664999857544899
102846,critic,scheduled_batch_boundary,75,0,1413,,0.0004999810480512679,0.005192543845623732,0.0664999857544899
104298,actor,capacity_insert,74,1222,1500,"[796, 704]",0.0,0.003265934996306896,0.020753858610987663
104298,critic,capacity_insert,15,1328,1500,,0.0,0.00489004235714674,0.06699998676776886
105605,actor,capacity_insert,60,1085,1500,"[802, 698]",0.0,0.0032805176451802254,0.020645488053560257
105605,critic,capacity_insert,85,1190,1500,,0.0,0.004877377767115831,0.06749998778104782
107075,actor,capacity_insert,1425,0,1432,"[778, 654]",0.0,0.0034493531566113234,0.020145827904343605
107075,critic,capacity_insert,62,1369,1500,,0.0,0.004896377678960562,0.06799998879432678
107075,actor,scheduled_batch_boundary,72,0,1360,"[739, 621]",0.0004999763332307339,0.0036102603189647198,0.020145827904343605
108225,actor,capacity_insert,12,829,1500,"[800, 700]",0.0,0.0032648395281285048,0.020031552761793137
108225,critic,capacity_insert,1125,0,1493,,0.0,0.004946794360876083,0.06849998980760574
108225,critic,scheduled_batch_boundary,75,0,1418,,6.984919309616089e-10,0.005208437331020832,0.06849998980760574
109309,actor,capacity_insert,83,834,1500,"[815, 685]",0.0,0.003282774705439806,0.019929295405745506
109309,critic,capacity_insert,39,927,1500,,0.0,0.004931915085762739,0.0689999908208847
110515,actor,capacity_insert,58,937,1500,"[823, 677]",0.0,0.0032844177912920713,0.019824326038360596
110515,critic,capacity_insert,1125,0,1458,,0.0,0.005104165058583021,0.06949999183416367
110515,critic,scheduled_batch_boundary,73,0,1385,,0.000499999092426151,0.005360196810215712,0.06949999183416367
111639,actor,capacity_insert,58,866,1500,"[817, 683]",0.0,0.003282378427684307,0.019719794392585754
111639,critic,capacity_insert,14,972,1500,,0.0,0.004948582034558058,0.0689999908208847
112252,actor,capacity_insert,450,0,1444,"[792, 652]",0.0,0.00341331260278821,0.019615698605775833
112252,critic,capacity_insert,675,0,1433,,0.0,0.005189722869545221,0.06849998980760574
112252,actor,scheduled_batch_boundary,73,0,1371,"[752, 619]",0.0004999698721803725,0.003577349940314889,0.019615698605775833
112252,critic,scheduled_batch_boundary,70,0,1363,,0.0004999994998797774,0.00543424254283309,0.06849998980760574
113490,actor,capacity_insert,1,911,1500,"[819, 681]",0.0,0.0032834168523550034,0.02011496014893055
113490,critic,capacity_insert,9,1072,1500,,0.0,0.00495591526851058,0.0689999908208847
114405,actor,capacity_insert,48,683,1500,"[808, 692]",0.0,0.0033132482785731554,0.020009219646453857
114405,critic,capacity_insert,57,822,1500,,0.0,0.004970915615558624,0.06949999183416367
115651,actor,capacity_insert,1125,0,1429,"[774, 655]",0.0,0.0034843364264816046,0.020508568733930588
115651,critic,capacity_insert,72,1141,1500,,0.0,0.004989249631762505,0.0689999908208847
115651,actor,scheduled_batch_boundary,72,0,1357,"[739, 618]",0.0005003279657103121,0.003650554921478033,0.020508568733930588
116985,actor,capacity_insert,0,1004,1500,"[811, 689]",0.0,0.003306848928332329,0.020392514765262604
116985,critic,capacity_insert,1275,0,1480,,0.0,0.005054478533565998,0.06949999183416367
116985,critic,scheduled_batch_boundary,74,0,1406,,1.8451828509569168e-08,0.005320503376424313,0.06949999183416367
118182,actor,capacity_insert,68,901,1500,"[804, 696]",0.0,0.003325348487123847,0.020285626873373985
118182,critic,capacity_insert,41,1014,1500,,0.0,0.004991084802895784,0.06999999284744263
119290,actor,capacity_insert,900,0,1482,"[798, 684]",0.0,0.0033747199922800064,0.020179180428385735
119290,critic,capacity_insert,1125,0,1430,,0.0,0.0052843582816421986,0.06949999183416367
119290,actor,scheduled_batch_boundary,75,0,1407,"[766, 641]",0.0004953380557708442,0.003548630280420184,0.020179180428385735
119290,critic,scheduled_batch_boundary,71,0,1359,,0.0004999995580874383,0.0055365231819450855,0.06949999183416367
120525,actor,capacity_insert,15,949,1500,"[814, 686]",0.0,0.0033209107350558043,0.0200677290558815
120525,critic,capacity_insert,6,1036,1500,,0.0,0.005016757175326347,0.0689999908208847
121744,actor,capacity_insert,1050,0,1470,"[797, 673]",0.0,0.003415506100282073,0.019962184131145477
121744,critic,capacity_insert,83,1117,1500,,0.0,0.005036423914134502,0.06949999183416367
121744,actor,scheduled_batch_boundary,74,0,1396,"[759, 637]",0.0004999085795134306,0.00358620029874146,0.019962184131145477
122651,actor,capacity_insert,8,598,1500,"[808, 692]",0.0,0.0033501179423183203,0.019850989803671837
122651,critic,capacity_insert,63,808,1500,,0.0,0.0050384229980409145,0.0689999982714653
123456,actor,capacity_insert,45,565,1500,"[808, 692]",0.0,0.003353751264512539,0.01974634639918804
123456,critic,capacity_insert,87,677,1500,,0.0,0.005049751605838537,0.06949999928474426
124548,actor,capacity_insert,35,871,1500,"[812, 688]",0.0,0.0033612309489399195,0.019642140716314316
124548,critic,capacity_insert,65,938,1500,,0.0,0.00507675064727664,0.0689999982714653
125356,actor,capacity_insert,675,0,1436,"[788, 648]",0.0,0.003513346891850233,0.01953837089240551
125356,critic,capacity_insert,80,707,1500,,0.0,0.005105751100927591,0.06949999928474426
125356,actor,scheduled_batch_boundary,72,0,1364,"[754, 610]",0.0004999904776923358,0.0036765397526323795,0.01953837089240551
126269,actor,capacity_insert,2,536,1500,"[821, 679]",0.0,0.003342857351526618,0.019427025690674782
126269,critic,capacity_insert,69,831,1500,,0.0,0.005095083732157946,0.07000000029802322
127103,actor,capacity_insert,57,582,1500,"[819, 681]",0.0,0.0033553605899214745,0.019324157387018204
127103,critic,capacity_insert,48,725,1500,,0.0,0.005106082186102867,0.06949999928474426
127978,actor,capacity_insert,49,629,1500,"[823, 677]",0.0,0.0033535680267959833,0.019221723079681396
127978,critic,capacity_insert,44,779,1500,,0.0,0.005124748684465885,0.0689999982714653
129020,actor,capacity_insert,30,796,1500,"[819, 681]",0.0,0.0033640479668974876,0.01911972090601921
129020,critic,capacity_insert,93,894,1500,,0.0,0.005136739928275347,0.06849999725818634
130051,actor,capacity_insert,26,811,1500,"[815, 685]",0.0,0.003356008790433407,0.019619589671492577
130051,critic,capacity_insert,59,934,1500,,0.0,0.005168733187019825,0.06799999624490738
131192,actor,capacity_insert,32,893,1500,"[815, 685]",0.0,0.003359583904966712,0.019515912979841232
131192,critic,capacity_insert,43,1052,1500,,0.0,0.005174063611775637,0.06749999523162842
132553,actor,capacity_insert,26,1131,1500,"[810, 690]",0.0,0.0033640479668974876,0.019412672147154808
132553,critic,capacity_insert,85,1240,1500,,0.0,0.005243062973022461,0.06699999421834946
133902,actor,capacity_insert,27,1116,1500,"[812, 688]",0.0,0.0033761835657060146,0.019724085927009583
133902,critic,capacity_insert,104,1141,1500,,0.0,0.005288396030664444,0.0664999932050705
135230,actor,capacity_insert,25,1086,1500,"[808, 692]",0.0,0.003391201375052333,0.020223893225193024
135230,critic,capacity_insert,70,1157,1500,,0.0,0.005325062200427055,0.06599999219179153
136468,actor,capacity_insert,26,987,1500,"[807, 693]",0.0,0.0034051178954541683,0.020723428577184677
136468,critic,capacity_insert,80,1050,1500,,0.0,0.005359061062335968,0.06549999117851257
137869,actor,capacity_insert,31,1120,1500,"[813, 687]",0.0,0.003413519123569131,0.02022351510822773
137869,critic,capacity_insert,92,1215,1500,,0.0,0.005413729231804609,0.06599999219179153
139075,actor,capacity_insert,31,900,1500,"[820, 680]",0.0,0.003432054305449128,0.02072327584028244
139075,critic,capacity_insert,66,1095,1500,,0.0,0.0054197246208786964,0.06549999117851257
140435,actor,capacity_insert,1125,0,1460,"[808, 652]",0.0,0.003518736455589533,0.021221986040472984
140435,critic,capacity_insert,62,1254,1500,,0.0,0.005420725326985121,0.06499999016523361
140435,actor,scheduled_batch_boundary,73,0,1387,"[768, 619]",0.00048362137749791145,0.0036973406095057726,0.021221986040472984
141588,actor,capacity_insert,10,808,1500,"[825, 675]",0.0,0.003412859980016947,0.021721580997109413
141588,critic,capacity_insert,81,1016,1500,,0.0,0.005450062919408083,0.06449998915195465
142906,actor,capacity_insert,1050,0,1486,"[818, 668]",0.0,0.003468538401648402,0.021222064271569252
142906,critic,capacity_insert,96,1180,1500,,0.0,0.005494728218764067,0.06399998813867569
142906,actor,scheduled_batch_boundary,75,0,1411,"[784, 627]",0.0004860498884227127,0.0036484571173787117,0.021222064271569252
144439,actor,capacity_insert,19,1226,1500,"[833, 667]",0.0,0.0034255017526447773,0.020722396671772003
144439,critic,capacity_insert,44,1426,1500,,0.0,0.0055273957550525665,0.06349998712539673
145550,actor,capacity_insert,72,799,1500,"[826, 674]",0.0,0.003465852001681924,0.021221989765763283
145550,critic,capacity_insert,92,958,1500,,0.0,0.005535068456083536,0.06299998611211777
146951,actor,capacity_insert,1200,0,1468,"[806, 662]",0.0,0.0035551730543375015,0.021720705553889275
146951,critic,capacity_insert,100,1248,1500,,0.0,0.005547404754906893,0.062499985098838806
146951,actor,scheduled_batch_boundary,74,0,1394,"[771, 623]",0.0004996809875592589,0.003736800979822874,0.021720705553889275
148159,actor,capacity_insert,7,888,1500,"[825, 675]",0.0,0.003493895288556814,0.02221960760653019
148159,critic,capacity_insert,83,1110,1500,,0.0,0.005569243337959051,0.061999984085559845
148993,actor,capacity_insert,675,0,1453,"[821, 632]",0.0,0.0036155586130917072,0.022718576714396477
148993,critic,capacity_insert,825,0,1446,,0.0,0.00578690879046917,0.061500027775764465
150000,actor,capacity_insert,28,739,1500,"[846, 654]",0.0,0.0035068129654973745,0.022219352424144745
150000,critic,capacity_insert,36,884,1500,,0.0,0.005593911278992891,0.061000026762485504
