global_step,episodes,samples,loss,actor_loss,policy_loss,critic_optimization_mse,critic_train_mse,critic_train_explained_variance,critic_train_value_mean,critic_train_diagnostics_computed,entropy,behavior_entropy,mean_behavior_epsilon,min_behavior_epsilon,max_behavior_epsilon,bias_loss,mean_reward,mean_advantage,mean_normalized_advantage,value_target_mean,bootstrap_value_source,partial_rollout_segments,partial_rollout_samples,actor_cases_added,actor_cases_pruned,actor_cases_replaced,actor_positive_advantage_samples,critic_cases_added,critic_cases_pruned,critic_cases_replaced,critic_label_updates,critic_label_update_samples,mean_episode_return,reward_varying_episodes,reward_checked_episodes,actor_type,case_entries,critic_type,critic_case_entries,action_counts,bias_min,bias_mean,bias_max
139,4,139,125.43025207519531,-0.010354145430028439,-0.0034286051522940397,125.44060516357422,,,,False,0.6925540566444397,0.6925540566444397,0.0,0.0,0.0,0.0,1.0,10.338744163513184,-1.0291449825672316e-07,10.338744163513184,nnknn_target_value_model,0,0,0,0,0,139,139,0,0,0,0,34.75,0,4,mlp,,nnknn,139,,,,
215,4,76,30.353702545166016,-0.014960190281271935,-0.008036305196583271,30.368661880493164,,,,False,0.6923884749412537,0.6923884749412537,0.0,0.0,0.0,0.0,1.0,-1.003889560699463,-1.8822518654815212e-08,11.3960542678833,nnknn_target_value_model,0,0,0,0,0,37,76,0,0,0,0,19.0,0,4,mlp,,nnknn,215,,,,
287,4,72,9.457140922546387,-0.023212457075715065,-0.0163000226020813,9.480353355407715,9.46531867980957,0.7067914009094238,10.918182373046875,True,0.6912434697151184,0.6912434697151184,0.0,0.0,0.0,0.0,1.0,-0.9601332545280457,1.6556845894299954e-09,9.966108322143555,nnknn_target_value_model,0,0,0,0,0,24,72,0,0,0,0,18.0,0,4,mlp,,nnknn,287,,,,
372,4,85,19.558521270751953,-0.025377439334988594,-0.018464170396327972,19.583898544311523,,,,False,0.6913268566131592,0.6913268566131592,0.0,0.0,0.0,0.0,1.0,1.1434684991836548,-5.6098490297529224e-09,11.828672409057617,nnknn_target_value_model,0,0,0,0,0,49,85,0,0,0,0,21.25,0,4,mlp,,nnknn,372,,,,
443,4,71,12.778558731079102,-0.031402554363012314,-0.024504778906702995,12.809961318969727,12.784017562866211,0.5533681511878967,10.42201042175293,True,0.6897776126861572,0.6897776126861572,0.0,0.0,0.0,0.0,1.0,-0.5513185262680054,5.037012140718389e-09,9.86106014251709,nnknn_target_value_model,0,0,0,0,0,27,71,0,0,0,0,17.75,0,4,mlp,,nnknn,443,,,,
544,4,101,20.041217803955078,-0.03382374346256256,-0.026928599923849106,20.075040817260742,,,,False,0.6895142793655396,0.6895142793655396,0.0,0.0,0.0,0.0,1.0,1.3357651233673096,1.652406034224896e-08,12.959373474121094,nnknn_target_value_model,0,0,0,0,0,55,101,50,0,0,0,25.25,0,4,mlp,,nnknn,494,,,,
684,4,140,67.01519775390625,-0.023352719843387604,-0.01646496169269085,67.0385513305664,,,,False,0.6887757778167725,0.6887757778167725,0.0,0.0,0.0,0.0,1.0,4.550895690917969,-2.3841858265427618e-08,16.837596893310547,nnknn_target_value_model,0,0,0,0,0,96,140,134,0,0,0,35.0,0,4,mlp,,nnknn,500,,,,
782,4,98,26.536088943481445,-0.03221454843878746,-0.02534213848412037,26.56830406188965,26.39644432067871,0.598588228225708,13.761895179748535,True,0.6872411370277405,0.6872411370277405,0.0,0.0,0.0,0.0,1.0,0.1259140521287918,4.865685188093494e-09,13.871804237365723,nnknn_target_value_model,0,0,0,0,0,48,98,117,3,0,0,24.5,0,4,mlp,,nnknn,478,,,,
900,4,118,47.842769622802734,-0.033067211508750916,-0.026192842051386833,47.87583541870117,,,,False,0.6874368786811829,0.6874368786811829,0.0,0.0,0.0,0.0,1.0,1.5165804624557495,0.0,17.586135864257812,nnknn_target_value_model,0,0,0,0,0,65,118,107,0,0,0,29.5,0,4,mlp,,nnknn,489,,,,
1004,4,104,39.734683990478516,-0.02607567422091961,-0.019208744168281555,39.76076126098633,38.80513381958008,0.491183340549469,14.105266571044922,True,0.6866929531097412,0.6866929531097412,0.0,0.0,0.0,0.0,1.0,0.9881733059883118,-2.7509837963179962e-08,15.103516578674316,nnknn_target_value_model,0,0,0,0,0,51,104,64,29,0,0,26.0,0,4,mlp,,nnknn,500,,,,
1083,4,79,29.79836082458496,-0.039498697966337204,-0.03270426765084267,29.837860107421875,,,,False,0.6794431209564209,0.6794431209564209,0.0,0.0,0.0,0.0,1.0,-0.8552711606025696,7.544891822419686e-09,11.95604419708252,nnknn_target_value_model,0,0,0,0,0,36,79,57,22,0,0,19.75,0,4,mlp,,nnknn,500,,,,
1319,4,236,101.1941146850586,-0.021547313779592514,-0.01470931340008974,101.21566009521484,,,,False,0.6838001608848572,0.6838001608848572,0.0,0.0,0.0,0.0,1.0,6.152480125427246,5.0512412030911946e-08,21.403783798217773,nnknn_target_value_model,0,0,0,0,0,168,236,81,155,0,0,59.0,0,4,mlp,,nnknn,500,,,,
1399,4,80,36.23329544067383,-0.04535125568509102,-0.03856191039085388,36.278648376464844,35.21100997924805,0.5555967092514038,14.745309829711914,True,0.6789345145225525,0.6789345145225525,0.0,0.0,0.0,0.0,1.0,-1.589396595954895,-7.450580596923828e-09,13.284274101257324,nnknn_target_value_model,0,0,0,0,0,29,80,53,27,0,0,20.0,0,4,mlp,,nnknn,500,,,,
1533,4,134,47.413841247558594,-0.05124419927597046,-0.04445720463991165,47.465084075927734,,,,False,0.6786993145942688,0.6786993145942688,0.0,0.0,0.0,0.0,1.0,1.7787153720855713,1.4233944689578948e-08,17.022960662841797,nnknn_target_value_model,0,0,0,0,0,80,134,57,77,0,0,33.5,0,4,mlp,,nnknn,500,,,,
1728,4,195,74.90108489990234,-0.028280124068260193,-0.02146861143410206,74.92936706542969,74.19982147216797,0.30757367610931396,14.313943862915039,True,0.681151270866394,0.681151270866394,0.0,0.0,0.0,0.0,1.0,5.181763648986816,-3.1789145538141383e-08,19.509111404418945,nnknn_target_value_model,0,0,0,0,0,142,195,75,120,0,0,48.75,0,4,mlp,,nnknn,500,,,,
1855,4,127,32.980125427246094,-0.04058859497308731,-0.033809274435043335,33.020713806152344,,,,False,0.6779322624206543,0.6779322624206543,0.0,0.0,0.0,0.0,1.0,0.4653473496437073,9.386558197377326e-10,16.58743667602539,nnknn_target_value_model,0,0,0,0,0,64,127,74,53,0,0,31.75,0,4,mlp,,nnknn,500,,,,
1953,4,98,50.265350341796875,-0.058934278786182404,-0.052192773669958115,50.324283599853516,,,,False,0.6741503477096558,0.6741503477096558,0.0,0.0,0.0,0.0,1.0,-1.7262542247772217,-1.7029897492193413e-08,14.096436500549316,nnknn_target_value_model,0,0,0,0,0,29,98,64,34,0,0,24.5,0,4,mlp,,nnknn,500,,,,
2125,4,172,61.01507568359375,-0.03838273510336876,-0.03160886839032173,61.05345916748047,59.21772384643555,0.44627219438552856,15.679987907409668,True,0.6773867011070251,0.6773867011070251,0.0,0.0,0.0,0.0,1.0,3.7616074085235596,-2.2178472391942705e-08,19.43465805053711,nnknn_target_value_model,0,0,0,0,0,113,172,72,100,0,0,43.0,0,4,mlp,,nnknn,500,,,,
2256,4,131,38.64179992675781,-0.033688727766275406,-0.026942046359181404,38.67548751831055,,,,False,0.6746682524681091,0.6746682524681091,0.0,0.0,0.0,0.0,1.0,0.8902455568313599,1.4559913275036251e-08,16.226736068725586,nnknn_target_value_model,0,0,0,0,0,66,131,70,61,0,0,32.75,0,4,mlp,,nnknn,500,,,,
2345,4,89,35.185848236083984,-0.06295179575681686,-0.056304529309272766,35.24879837036133,34.36172866821289,0.6542201042175293,17.334897994995117,True,0.6647266149520874,0.6647266149520874,0.0,0.0,0.0,0.0,1.0,-2.876894235610962,3.214632471326695e-08,14.56770133972168,nnknn_target_value_model,0,0,0,0,0,22,89,53,36,0,0,22.25,0,4,mlp,,nnknn,500,,,,
2417,4,72,23.50540542602539,-0.0816706046462059,-0.07509652525186539,23.58707618713379,,,,False,0.6574081778526306,0.6574081778526306,0.0,0.0,0.0,0.0,1.0,-2.5391552448272705,6.622738357719982e-09,11.42437744140625,nnknn_target_value_model,0,0,0,0,0,19,72,50,22,0,0,18.0,0,4,mlp,,nnknn,500,,,,
2599,4,182,55.39872741699219,-0.03760960325598717,-0.03084493614733219,55.436336517333984,,,,False,0.6764667630195618,0.6764667630195618,0.0,0.0,0.0,0.0,1.0,4.565952777862549,1.7029899268550253e-08,18.959585189819336,nnknn_target_value_model,0,0,0,0,0,135,182,68,114,0,0,45.5,0,4,mlp,,nnknn,500,,,,
2705,4,106,28.398361206054688,-0.05122634395956993,-0.04450540244579315,28.449586868286133,27.532772064208984,0.7152593731880188,16.555938720703125,True,0.6720941066741943,0.6720941066741943,0.0,0.0,0.0,0.0,1.0,-0.6283536553382874,1.7993855294662353e-08,15.918699264526367,nnknn_target_value_model,0,0,0,0,0,39,106,42,64,0,0,26.5,0,4,mlp,,nnknn,500,,,,
2888,4,183,56.077449798583984,-0.040668029338121414,-0.03395387530326843,56.11811828613281,,,,False,0.671415388584137,0.671415388584137,0.0,0.0,0.0,0.0,1.0,3.620851755142212,5.7324683666593046e-08,19.408451080322266,nnknn_target_value_model,0,0,0,0,0,127,183,73,110,0,0,45.75,0,4,mlp,,nnknn,500,,,,
3002,4,114,20.18328857421875,-0.0851258933544159,-0.07851108908653259,20.268413543701172,19.913938522338867,0.7756513357162476,17.57806968688965,True,0.6614805459976196,0.6614805459976196,0.0,0.0,0.0,0.0,1.0,-1.9265092611312866,1.463973742232838e-08,15.734053611755371,nnknn_target_value_model,0,0,0,0,0,34,114,32,82,0,0,28.5,0,4,mlp,,nnknn,500,,,,
3228,4,226,73.78960418701172,-0.03671617433428764,-0.030066465958952904,73.8263168334961,,,,False,0.6649709939956665,0.6649709939956665,0.0,0.0,0.0,0.0,1.0,5.840900897979736,-4.747272441818495e-08,21.4345703125,nnknn_target_value_model,0,0,0,0,0,178,226,73,153,0,0,56.5,0,4,mlp,,nnknn,500,,,,
3330,4,102,17.996318817138672,-0.06965525448322296,-0.06303142011165619,18.06597328186035,,,,False,0.6623837351799011,0.6623837351799011,0.0,0.0,0.0,0.0,1.0,-1.977645993232727,-1.8699497061902548e-08,14.357226371765137,nnknn_target_value_model,0,0,0,0,0,34,102,44,58,0,0,25.5,0,4,mlp,,nnknn,500,,,,
3471,4,141,69.6002197265625,-0.06710833311080933,-0.06043892353773117,69.66732788085938,68.44146728515625,0.34994494915008545,14.64201831817627,True,0.6669411063194275,0.6669411063194275,0.0,0.0,0.0,0.0,0.9999999403953552,3.4353065490722656,-3.3818237099580983e-09,18.024938583374023,nnknn_target_value_model,0,0,0,0,0,89,141,40,101,0,0,35.25,0,4,mlp,,nnknn,500,,,,
3633,4,162,62.349510192871094,-0.05011200159788132,-0.043493494391441345,62.39962387084961,,,,False,0.6618508100509644,0.6618508100509644,0.0,0.0,0.0,0.0,1.0,2.771965503692627,-1.7660635620586618e-08,19.727558135986328,nnknn_target_value_model,0,0,0,0,0,109,162,48,114,0,0,40.5,0,4,mlp,,nnknn,500,,,,
3805,4,172,69.6327896118164,-0.05067029967904091,-0.044085606932640076,69.68345642089844,68.4131088256836,0.3356661796569824,15.409685134887695,True,0.6584692001342773,0.6584692001342773,0.0,0.0,0.0,0.0,1.0,3.994051933288574,9.703081893519538e-09,19.294269561767578,nnknn_target_value_model,0,0,0,0,0,117,172,47,125,0,0,43.0,0,4,mlp,,nnknn,500,,,,
4011,4,206,83.1684341430664,-0.04274606704711914,-0.03616079315543175,83.211181640625,,,,False,0.6585274934768677,0.6585274934768677,0.0,0.0,0.0,0.0,1.0,4.07790470123291,-4.629487015961331e-09,21.30531883239746,nnknn_target_value_model,0,0,0,0,0,148,206,46,160,0,0,51.5,0,4,mlp,,nnknn,500,,,,
4219,4,208,72.7123794555664,-0.04319624602794647,-0.03661184385418892,72.75557708740234,,,,False,0.6584402322769165,0.6584402322769165,0.0,0.0,0.0,0.0,1.0,4.127432346343994,-4.5849727570157484e-08,22.74386978149414,nnknn_target_value_model,0,0,0,0,0,141,208,53,155,0,0,52.0,0,4,mlp,,nnknn,500,,,,
4426,4,207,56.1908073425293,-0.10030344128608704,-0.09382171928882599,56.29111099243164,55.00168991088867,0.6793214082717896,19.77528190612793,True,0.6481718420982361,0.6481718420982361,0.0,0.0,0.0,0.0,1.0,3.9857802391052246,2.303561119632036e-09,23.675214767456055,nnknn_target_value_model,0,0,0,0,0,152,207,35,172,0,0,51.75,0,4,mlp,,nnknn,500,,,,
4536,4,110,48.434879302978516,-0.029162311926484108,-0.022781934589147568,48.46404266357422,,,,False,0.6380378007888794,0.6380378007888794,0.0,0.0,0.0,0.0,0.9999999403953552,-0.9745704531669617,-1.4088370470233258e-08,17.0639705657959,nnknn_target_value_model,0,0,0,0,0,44,110,30,80,0,0,27.5,0,4,mlp,,nnknn,500,,,,
4732,4,196,62.761722564697266,-0.04190974682569504,-0.03537732735276222,62.80363082885742,61.63527297973633,0.44496357440948486,18.92813491821289,True,0.6532419919967651,0.6532419919967651,0.0,0.0,0.0,0.0,1.0,2.8777832984924316,-2.1895584012554536e-08,21.740718841552734,nnknn_target_value_model,0,0,0,0,0,126,196,53,143,0,0,49.0,0,4,mlp,,nnknn,500,,,,
4935,4,203,74.06786346435547,-0.061970703303813934,-0.05541104078292847,74.12983703613281,,,,False,0.6559664607048035,0.6559664607048035,0.0,0.0,0.0,0.0,1.0,3.6102819442749023,4.228112615578539e-08,21.23725128173828,nnknn_target_value_model,0,0,0,0,0,134,203,85,118,0,0,50.75,0,4,mlp,,nnknn,500,,,,
5095,4,160,37.24285125732422,-0.06277072429656982,-0.056223608553409576,37.30562210083008,,,,False,0.6547114253044128,0.6547114253044128,0.0,0.0,0.0,0.0,1.0,0.8332220315933228,-1.4901161193847656e-08,19.65642738342285,nnknn_target_value_model,0,0,0,0,0,84,160,53,107,0,0,40.0,0,4,mlp,,nnknn,500,,,,
5410,4,315,77.78237915039062,-0.02391933463513851,-0.01731286384165287,77.8062973022461,76.1539535522461,0.6142170429229736,17.91021156311035,True,0.6606470346450806,0.6606470346450806,0.0,0.0,0.0,0.0,1.0,6.402593612670898,-3.935798886800512e-08,24.29677391052246,nnknn_target_value_model,0,0,0,0,0,264,314,36,278,1,1,78.75,0,4,mlp,,nnknn,500,,,,
5600,4,190,46.72270202636719,-0.06707070767879486,-0.06065119057893753,46.789772033691406,,,,False,0.6419517397880554,0.6419517397880554,0.0,0.0,0.0,0.0,1.0,1.486038088798523,-1.5058017055480377e-08,22.527923583984375,nnknn_target_value_model,0,0,0,0,0,114,189,40,149,1,1,47.5,0,4,mlp,,nnknn,500,,,,
5800,4,200,47.35109329223633,-0.050607286393642426,-0.04410596564412117,47.40169906616211,46.73774337768555,0.5842077732086182,19.383779525756836,True,0.6501320004463196,0.6501320004463196,0.0,0.0,0.0,0.0,1.0,2.758037567138672,2.8610228852699038e-08,22.069971084594727,nnknn_target_value_model,0,0,0,0,0,133,200,41,159,0,0,50.0,0,4,mlp,,nnknn,500,,,,
6112,4,312,102.42182922363281,-0.0390118733048439,-0.03264668583869934,102.4608383178711,,,,False,0.6365188956260681,0.6365188956260681,0.0,0.0,0.0,0.0,1.0,6.568788051605225,-2.4453187918993535e-08,25.227489471435547,nnknn_target_value_model,0,0,0,0,0,249,311,39,272,1,1,78.0,0,4,mlp,,nnknn,500,,,,
6409,4,297,95.5239028930664,-0.048405956476926804,-0.04187924042344093,95.57231140136719,,,,False,0.6526716947555542,0.6526716947555542,0.0,0.0,0.0,0.0,1.0,5.915269374847412,8.027561726464683e-09,25.893699645996094,nnknn_target_value_model,0,0,0,0,0,223,297,35,262,0,0,74.25,0,4,mlp,,nnknn,500,,,,
6632,4,223,61.752532958984375,-0.06371357291936874,-0.05725335702300072,61.816246032714844,61.47799301147461,0.5440939664840698,23.010953903198242,True,0.646021842956543,0.646021842956543,0.0,0.0,0.0,0.0,1.0,2.6177828311920166,0.0,25.51279067993164,nnknn_target_value_model,0,0,0,0,0,154,221,32,189,2,2,55.75,0,4,mlp,,nnknn,500,,,,
6856,4,224,61.024436950683594,-0.05287030339241028,-0.04645709693431854,61.077308654785156,,,,False,0.6413208246231079,0.6413208246231079,0.0,0.0,0.0,0.0,1.0,3.421208620071411,-7.450580596923828e-09,22.31174087524414,nnknn_target_value_model,0,0,0,0,0,155,224,48,176,0,0,56.0,0,4,mlp,,nnknn,500,,,,
7081,4,225,72.20589447021484,-0.06022569164633751,-0.053859129548072815,72.26612091064453,71.87576293945312,0.4135756492614746,22.523717880249023,True,0.6366561055183411,0.6366561055183411,0.0,0.0,0.0,0.0,1.0,2.7685775756835938,-1.4834934169982716e-08,25.218732833862305,nnknn_target_value_model,0,0,0,0,0,137,225,22,203,0,0,56.25,0,4,mlp,,nnknn,500,,,,
7424,4,343,86.12791442871094,-0.044261325150728226,-0.037802085280418396,86.17217254638672,,,,False,0.6459238529205322,0.6459238529205322,0.0,0.0,0.0,0.0,1.0,5.853268623352051,-5.5607834781312704e-08,27.267459869384766,nnknn_target_value_model,0,0,0,0,0,280,343,36,307,0,0,85.75,0,4,mlp,,nnknn,500,,,,
7765,4,341,90.79043579101562,-0.06401507556438446,-0.05761299282312393,90.85445404052734,,,,False,0.6402085423469543,0.6402085423469543,0.0,0.0,0.0,0.0,1.0,5.640605449676514,-5.87306772104057e-08,30.43890953063965,nnknn_target_value_model,0,0,0,0,0,272,341,15,326,0,0,85.25,0,4,mlp,,nnknn,500,,,,
8173,4,408,97.37891387939453,-0.02741575427353382,-0.020941581577062607,97.40632629394531,95.22161865234375,0.5112079977989197,21.163602828979492,True,0.6474173069000244,0.6474173069000244,0.0,0.0,0.0,0.0,1.0,7.055810928344727,-3.973643103449831e-08,27.95213508605957,nnknn_target_value_model,0,0,0,0,0,342,408,31,377,0,0,102.0,0,4,mlp,,nnknn,500,,,,
8378,4,205,65.05963897705078,-0.08343446254730225,-0.0771155133843422,65.14307403564453,,,,False,0.631894588470459,0.631894588470459,0.0,0.0,0.0,0.0,1.0,0.6030423641204834,-1.8608279361842506e-08,25.48967170715332,nnknn_target_value_model,0,0,0,0,0,115,205,56,149,0,0,51.25,0,4,mlp,,nnknn,500,,,,
8817,4,439,100.74510955810547,-0.06588038057088852,-0.05948919802904129,100.81098937988281,99.35132598876953,0.4604327082633972,23.028715133666992,True,0.639118492603302,0.639118492603302,0.0,0.0,0.0,0.0,1.0,7.195099830627441,-3.149949634462246e-08,30.023366928100586,nnknn_target_value_model,0,0,0,0,0,379,438,47,391,1,1,109.75,0,4,mlp,,nnknn,500,,,,
9219,4,402,84.7311782836914,-0.03943267837166786,-0.033011294901371,84.77061462402344,,,,False,0.6421382427215576,0.6421382427215576,0.0,0.0,0.0,0.0,1.0,6.578944683074951,3.677102355936768e-08,28.37542724609375,nnknn_target_value_model,0,0,0,0,0,352,397,16,381,2,5,100.5,0,4,mlp,,nnknn,500,,,,
9364,4,145,83.78372955322266,-0.10245083272457123,-0.09628160297870636,83.88617706298828,,,,False,0.6169227361679077,0.6169227361679077,0.0,0.0,0.0,0.0,1.0,-1.6726751327514648,1.644266056644028e-08,22.957748413085938,nnknn_target_value_model,0,0,0,0,0,76,145,20,125,0,0,36.25,0,4,mlp,,nnknn,500,,,,
9838,4,474,95.48867797851562,-0.040920648723840714,-0.034564387053251266,95.52960205078125,94.10332489013672,0.5004042387008667,22.449708938598633,True,0.6356261372566223,0.6356261372566223,0.0,0.0,0.0,0.0,0.9999999403953552,7.305747985839844,1.2876614619017346e-07,29.49603843688965,nnknn_target_value_model,0,0,0,0,0,420,467,60,407,4,7,118.5,0,4,mlp,,nnknn,500,,,,
10245,4,407,98.16432189941406,-0.05098935589194298,-0.04459909349679947,98.2153091430664,,,,False,0.639026403427124,0.639026403427124,0.0,0.0,0.0,0.0,1.0,6.091231822967529,-7.615335562149994e-08,30.378498077392578,nnknn_target_value_model,0,0,0,0,0,332,406,39,367,1,1,101.75,0,4,mlp,,nnknn,500,,,,
10788,4,543,111.4118881225586,-0.05219732224941254,-0.045843325555324554,111.4640884399414,110.114013671875,0.31871604919433594,22.614999771118164,True,0.6353996396064758,0.6353996396064758,0.0,0.0,0.0,0.0,1.0,8.101852416992188,-6.67396378162266e-08,30.538347244262695,nnknn_target_value_model,0,0,0,0,0,488,543,40,503,0,0,135.75,0,4,mlp,,nnknn,500,,,,
11237,4,449,90.04513549804688,-0.08186829835176468,-0.07551945000886917,90.12700653076172,,,,False,0.6348849534988403,0.6348849534988403,0.0,0.0,0.0,0.0,1.0,6.378973007202148,-4.566592082255738e-08,31.73135757446289,nnknn_target_value_model,0,0,0,0,0,376,449,14,435,0,0,112.25,0,4,mlp,,nnknn,500,,,,
11573,4,336,81.8847885131836,-0.08500306308269501,-0.0787731260061264,81.96979522705078,,,,False,0.6229935884475708,0.6229935884475708,0.0,0.0,0.0,0.0,1.0,4.752488136291504,-1.6320319318197107e-08,28.88463592529297,nnknn_target_value_model,0,0,0,0,0,261,335,41,294,1,1,84.0,0,4,mlp,,nnknn,500,,,,
11794,4,221,71.13855743408203,-0.06769251078367233,-0.0616241917014122,71.20625305175781,70.25797271728516,0.5164702534675598,28.757627487182617,True,0.6068321466445923,0.6068321466445923,0.0,0.0,0.0,0.0,1.0,-0.006656059995293617,0.0,28.44398307800293,nnknn_target_value_model,0,0,0,0,0,130,220,22,198,1,1,55.25,0,4,mlp,,nnknn,500,,,,
12083,4,289,93.0262680053711,-0.0588219091296196,-0.052673570811748505,93.08509063720703,,,,False,0.6148337721824646,0.6148337721824646,0.0,0.0,0.0,0.0,1.0,3.527117967605591,-1.6499556165783247e-09,28.67601776123047,nnknn_target_value_model,0,0,0,0,0,204,289,34,255,0,0,72.25,0,4,mlp,,nnknn,500,,,,
12520,4,437,89.38803100585938,-0.06122221425175667,-0.05498870834708214,89.44925689697266,87.70521545410156,0.4673957824707031,26.410903930664062,True,0.6233505010604858,0.6233505010604858,0.0,0.0,0.0,0.0,0.9999999403953552,5.826876163482666,4.14640979329306e-08,31.993619918823242,nnknn_target_value_model,0,0,0,0,0,362,437,37,400,0,0,109.25,0,4,mlp,,nnknn,500,,,,
13062,4,542,105.6667251586914,-0.07105139642953873,-0.06482698023319244,105.73777770996094,,,,False,0.6224414706230164,0.6224414706230164,0.0,0.0,0.0,0.0,1.0,7.58071231842041,-3.783025448456101e-08,32.06155014038086,nnknn_target_value_model,0,0,0,0,0,476,542,46,496,0,0,135.5,0,4,mlp,,nnknn,500,,,,
13401,4,339,80.58381652832031,-0.08278024941682816,-0.0767410397529602,80.66659545898438,,,,False,0.6039208769798279,0.6039208769798279,0.0,0.0,0.0,0.0,1.0,4.071300029754639,1.8285790659433587e-08,30.976810455322266,nnknn_target_value_model,0,0,0,0,0,257,339,21,318,0,0,84.75,0,4,mlp,,nnknn,500,,,,
13959,4,558,117.75440216064453,-0.022503633052110672,-0.01630435511469841,117.77690887451172,116.22210693359375,0.1464787721633911,25.580917358398438,True,0.6199278831481934,0.6199278831481934,0.0,0.0,0.0,0.0,1.0,7.6741437911987305,-2.9054593397859207e-08,33.091068267822266,nnknn_target_value_model,0,0,0,0,0,489,556,16,540,1,2,139.5,0,4,mlp,,nnknn,500,,,,
14372,4,413,85.50312042236328,-0.06151087209582329,-0.05540253594517708,85.56462860107422,,,,False,0.610833466053009,0.610833466053009,0.0,0.0,0.0,0.0,1.0,4.903965473175049,-8.081985747310227e-09,34.508670806884766,nnknn_target_value_model,0,0,0,0,0,325,409,67,342,3,4,103.25,0,4,mlp,,nnknn,500,,,,
14986,4,614,111.74723052978516,-0.0500640943646431,-0.04398486763238907,111.79729461669922,111.06641387939453,0.357089638710022,29.78394317626953,True,0.6079227328300476,0.6079227328300476,0.0,0.0,0.0,0.0,0.9999999403953552,6.953183650970459,5.436254113533323e-08,36.58107376098633,nnknn_target_value_model,0,0,0,0,0,525,614,37,577,0,0,153.5,0,4,mlp,,nnknn,500,,,,
15522,4,536,125.72139739990234,-0.060666970908641815,-0.054487910121679306,125.78206634521484,,,,False,0.6179061532020569,0.6179061532020569,0.0,0.0,0.0,0.0,1.0,7.413856506347656,-1.0675458739228816e-08,35.13401412963867,nnknn_target_value_model,0,0,0,0,0,469,535,22,513,1,1,134.0,0,4,mlp,,nnknn,500,,,,
16119,4,597,123.15947723388672,-0.025003399699926376,-0.018993664532899857,123.18447875976562,,,,False,0.6009734869003296,0.6009734869003296,0.0,0.0,0.0,0.0,1.0,7.175900459289551,2.8753998293495897e-08,36.072914123535156,nnknn_target_value_model,0,0,0,0,0,503,596,30,566,1,1,149.25,0,4,mlp,,nnknn,500,,,,
16512,4,393,94.0846176147461,-0.05137089639902115,-0.04532283544540405,94.135986328125,93.90692901611328,0.36332792043685913,29.26817512512207,True,0.604806125164032,0.604806125164032,0.0,0.0,0.0,0.0,1.0,4.6550517082214355,-1.9413217700048335e-08,33.70694351196289,nnknn_target_value_model,0,0,0,0,0,309,386,35,351,6,7,98.25,0,4,mlp,,nnknn,500,,,,
16874,4,362,96.99922180175781,-0.08745615184307098,-0.08153112232685089,97.08667755126953,,,,False,0.5925025939941406,0.5925025939941406,0.0,0.0,0.0,0.0,1.0,5.307792663574219,-1.9758447322715256e-08,32.77248001098633,nnknn_target_value_model,0,0,0,0,0,293,362,19,343,0,0,90.5,0,4,mlp,,nnknn,500,,,,
17530,4,656,122.94192504882812,-0.05460208281874657,-0.04854508489370346,122.99652862548828,121.68194580078125,0.05420219898223877,31.57132911682129,True,0.6056999564170837,0.6056999564170837,0.0,0.0,0.0,0.0,0.9999999403953552,7.051576137542725,-2.616789274156872e-08,38.349365234375,nnknn_target_value_model,0,0,0,0,0,565,656,42,614,0,0,164.0,0,4,mlp,,nnknn,500,,,,
18013,4,483,124.51025390625,-0.0694577619433403,-0.06353338807821274,124.5797119140625,,,,False,0.5924374461174011,0.5924374461174011,0.0,0.0,0.0,0.0,1.0,5.587444305419922,1.3821367161881426e-08,36.27733612060547,nnknn_target_value_model,0,0,0,0,0,409,483,19,464,0,0,120.75,0,4,mlp,,nnknn,500,,,,
18688,4,675,108.80011749267578,-0.03581728786230087,-0.029781514778733253,108.8359375,,,,False,0.6035774350166321,0.6035774350166321,0.0,0.0,0.0,0.0,1.0,6.990805149078369,1.907348590179936e-08,39.20973205566406,nnknn_target_value_model,0,0,0,0,0,580,670,30,640,5,5,168.75,0,4,mlp,,nnknn,500,,,,
19146,4,458,95.42353820800781,-0.041625723242759705,-0.035663340240716934,95.46516418457031,94.37529754638672,0.4336864948272705,31.927207946777344,True,0.5962381958961487,0.5962381958961487,0.0,0.0,0.0,0.0,1.0,5.090141773223877,2.8110488159427405e-08,36.76610565185547,nnknn_target_value_model,0,0,0,0,0,364,455,29,426,3,3,114.5,0,4,mlp,,nnknn,500,,,,
19695,4,549,117.5119857788086,-0.061237528920173645,-0.055328287184238434,117.57322692871094,,,,False,0.5909242033958435,0.5909242033958435,0.0,0.0,0.0,0.0,1.0,5.770636081695557,6.079890813026623e-09,38.65073776245117,nnknn_target_value_model,0,0,0,0,0,455,549,38,511,0,0,137.25,0,4,mlp,,nnknn,500,,,,
20272,4,577,114.28016662597656,-0.05762351676821709,-0.05173338204622269,114.3377914428711,113.67257690429688,0.23913121223449707,33.54488754272461,True,0.5890134572982788,0.5890134572982788,0.0,0.0,0.0,0.0,1.0,5.939038276672363,2.4792226938075146e-08,39.2516975402832,nnknn_target_value_model,0,0,0,0,0,494,568,48,520,6,9,144.25,0,4,mlp,,nnknn,500,,,,
20551,4,279,96.13433837890625,-0.08417773246765137,-0.07836884260177612,96.21851348876953,,,,False,0.5808887481689453,0.5808887481689453,0.0,0.0,0.0,0.0,1.0,1.0848461389541626,8.545468332954442e-09,32.60742950439453,nnknn_target_value_model,0,0,0,0,0,188,269,19,250,7,10,69.75,0,4,mlp,,nnknn,500,,,,
21243,4,692,84.1301040649414,-0.05959555134177208,-0.05355972796678543,84.189697265625,,,,False,0.6035824418067932,0.6035824418067932,0.0,0.0,0.0,0.0,1.0,7.189316272735596,0.0005040816613472998,37.99935531616211,nnknn_target_value_model,0,0,0,0,0,618,678,50,628,8,14,173.0,0,4,mlp,,nnknn,500,,,,
21771,4,528,79.93138885498047,-0.06718719750642776,-0.06111980974674225,79.99857330322266,79.47920989990234,0.5935355424880981,32.171573638916016,True,0.6067390441894531,0.6067390441894531,0.0,0.0,0.0,0.0,1.0,5.5784430503845215,-4.154263422151416e-08,37.425933837890625,nnknn_target_value_model,0,0,0,0,0,455,527,23,504,1,1,132.0,0,4,mlp,,nnknn,500,,,,
22236,4,465,123.92496490478516,-0.03273589164018631,-0.026867350563406944,123.95770263671875,,,,False,0.5868539214134216,0.5868539214134216,0.0,0.0,0.0,0.0,1.0,4.844607830047607,1.4356388078340387e-08,39.36788558959961,nnknn_target_value_model,0,0,0,0,0,370,457,18,439,6,8,116.25,0,4,mlp,,nnknn,500,,,,
22758,4,522,90.17855072021484,-0.055158864706754684,-0.04917605221271515,90.23371124267578,89.18526458740234,0.5222873687744141,32.690670013427734,True,0.5982813239097595,0.5982813239097595,0.0,0.0,0.0,0.0,1.0,5.326910018920898,4.658753738340238e-08,37.79448318481445,nnknn_target_value_model,0,0,0,0,0,422,519,40,479,2,3,130.5,0,4,mlp,,nnknn,500,,,,
23389,4,631,79.19633483886719,-0.042508840560913086,-0.036514706909656525,79.23884582519531,,,,False,0.5994134545326233,0.5994134545326233,0.0,0.0,0.0,0.0,1.0,6.512948513031006,-1.0579588760606384e-08,38.188907623291016,nnknn_target_value_model,0,0,0,0,0,545,623,43,580,6,8,157.75,0,4,mlp,,nnknn,500,,,,
23967,4,578,78.74170684814453,-0.029741305857896805,-0.023875033482909203,78.77144622802734,,,,False,0.5866273641586304,0.5866273641586304,0.0,0.0,0.0,0.0,1.0,5.8819451332092285,0.0008898722007870674,38.36343765258789,nnknn_target_value_model,0,0,0,0,0,500,564,40,524,11,14,144.5,0,4,mlp,,nnknn,500,,,,
24916,4,949,95.90414428710938,-0.02639157325029373,-0.020525673404335976,95.93053436279297,95.19129943847656,0.5305837392807007,34.78688430786133,True,0.5865899920463562,0.5865899920463562,0.0,0.0,0.0,0.0,0.9999999403953552,7.716692924499512,0.002659137360751629,42.063385009765625,nnknn_target_value_model,0,0,0,0,0,843,949,40,909,0,0,237.25,0,4,mlp,,nnknn,500,,,,
25428,4,512,106.51521301269531,-0.034202445298433304,-0.02833380177617073,106.5494155883789,,,,False,0.5868643522262573,0.5868643522262573,0.0,0.0,0.0,0.0,1.0,5.277318477630615,-1.5832483768463135e-08,38.81867218017578,nnknn_target_value_model,0,0,0,0,0,415,508,44,464,4,4,128.0,0,4,mlp,,nnknn,500,,,,
25927,4,499,101.76870727539062,-0.053468264639377594,-0.0476313941180706,101.82217407226562,101.1087646484375,0.3479236364364624,35.72005844116211,True,0.5836872458457947,0.5836872458457947,0.0,0.0,0.0,0.0,1.0,4.63629674911499,-2.4845222768021813e-08,39.833534240722656,nnknn_target_value_model,0,0,0,0,0,398,496,20,476,3,3,124.75,0,4,mlp,,nnknn,500,,,,
26648,4,721,96.64441680908203,-0.04089977592229843,-0.03507624939084053,96.68531799316406,,,,False,0.5823526978492737,0.5823526978492737,0.0,0.0,0.0,0.0,1.0,6.631007194519043,0.00017882981046568602,41.24191665649414,nnknn_target_value_model,0,0,0,0,0,620,708,50,658,8,13,180.25,0,4,mlp,,nnknn,500,,,,
27393,4,745,95.29325103759766,-0.031438395380973816,-0.0256925318390131,95.32469177246094,,,,False,0.5745865106582642,0.5745865106582642,0.0,0.0,0.0,0.0,1.0,6.9109086990356445,0.002695856848731637,40.6423454284668,nnknn_target_value_model,0,0,0,0,0,665,727,29,698,7,18,186.25,0,4,mlp,,nnknn,500,,,,
28098,4,705,95.77442932128906,-0.0014552036300301552,0.0042317709885537624,95.77588653564453,94.97126007080078,0.5199910402297974,34.769378662109375,True,0.568697452545166,0.568697452545166,0.0,0.0,0.0,0.0,0.9999999403953552,6.585348606109619,0.0013029943220317364,40.85891342163086,nnknn_target_value_model,0,0,0,0,0,578,690,28,662,8,15,176.25,0,4,mlp,,nnknn,500,,,,
29282,4,1184,106.9757308959961,-0.006490361876785755,-0.00062221207190305,106.98222351074219,,,,False,0.5868149995803833,0.5868149995803833,0.0,0.0,0.0,0.0,1.0,7.950877666473389,0.002318292623385787,44.607662200927734,nnknn_target_value_model,0,0,0,0,0,1072,1167,40,1127,11,17,296.0,0,4,mlp,,nnknn,500,,,,
29955,4,673,70.69474029541016,-0.03422553837299347,-0.02843627706170082,70.72896575927734,69.96980285644531,0.7515196800231934,35.197425842285156,True,0.5789260864257812,0.5789260864257812,0.0,0.0,0.0,0.0,1.0,6.27498722076416,0.004281759727746248,40.796138763427734,nnknn_target_value_model,0,0,0,0,0,589,642,39,603,12,31,168.25,0,4,mlp,,nnknn,500,,,,
30569,4,614,65.12505340576172,-0.013742359355092049,-0.007955220527946949,65.1387939453125,,,,False,0.5787138938903809,0.5787138938903809,0.0,0.0,0.0,0.0,0.9999999403953552,6.040226936340332,3.960699501703857e-08,39.18452072143555,nnknn_target_value_model,0,0,0,0,0,525,602,51,551,6,12,153.5,0,4,mlp,,nnknn,500,,,,
31119,4,550,68.99685668945312,-0.02570755034685135,-0.01999826170504093,69.02256774902344,,,,False,0.5709289312362671,0.5709289312362671,0.0,0.0,0.0,0.0,1.0,5.03205680847168,-3.467906495302486e-08,40.52560806274414,nnknn_target_value_model,0,0,0,0,0,449,533,34,499,7,17,137.5,0,4,mlp,,nnknn,500,,,,
32047,4,928,80.53404235839844,-0.021968189626932144,-0.016128085553646088,80.5560073852539,79.62577056884766,0.7473334074020386,35.93800354003906,True,0.5840104222297668,0.5840104222297668,0.0,0.0,0.0,0.0,1.0,7.379280090332031,0.0022300707641988993,42.74409103393555,nnknn_target_value_model,0,0,0,0,0,812,904,25,879,11,24,232.0,0,4,mlp,,nnknn,500,,,,
32962,4,915,85.50483703613281,-0.020355790853500366,-0.014500953257083893,85.52519226074219,,,,False,0.5854836702346802,0.5854836702346802,0.0,0.0,0.0,0.0,1.0,7.456811428070068,0.0047767371870577335,42.26787185668945,nnknn_target_value_model,0,0,0,0,0,816,895,38,857,10,20,228.75,0,4,mlp,,nnknn,500,,,,
33867,4,905,106.94930267333984,-0.05223170667886734,-0.04646644741296768,107.00153350830078,106.12612915039062,0.24147868156433105,37.41431427001953,True,0.5765260457992554,0.5765260457992554,0.0,0.0,0.0,0.0,0.9999999403953552,7.20359992980957,0.0009304056875407696,43.57512664794922,nnknn_target_value_model,0,0,0,0,0,794,889,900,0,7,16,226.25,0,4,mlp,,nnknn,489,,,,
34867,4,1000,80.21803283691406,-0.02185969613492489,-0.01610826700925827,80.2398910522461,,,,False,0.5751429796218872,0.5751429796218872,0.0,0.0,0.0,0.0,1.0,7.530275821685791,0.010081159882247448,43.4251594543457,nnknn_target_value_model,0,0,0,0,0,908,988,22,930,5,12,250.0,0,4,mlp,,nnknn,500,,,,
35685,4,818,92.37152862548828,-0.04149627313017845,-0.03576583415269852,92.41302490234375,,,,False,0.5730440616607666,0.5730440616607666,0.0,0.0,0.0,0.0,1.0,6.4694929122924805,0.0016207124572247267,44.61097717285156,nnknn_target_value_model,0,0,0,0,0,712,778,22,756,9,40,204.5,0,4,mlp,,nnknn,500,,,,
36729,4,1044,66.47205352783203,-0.02300216630101204,-0.017148328945040703,66.49505615234375,65.69195556640625,0.8265630602836609,36.31706237792969,True,0.5853838324546814,0.5853838324546814,0.0,0.0,0.0,0.0,1.0,7.774731159210205,0.0022116454783827066,42.925113677978516,nnknn_target_value_model,0,0,0,0,0,965,1028,42,986,9,16,261.0,0,4,mlp,,nnknn,500,,,,
37343,4,614,93.02371978759766,0.002309132367372513,0.007995552383363247,93.02140808105469,,,,False,0.5686420202255249,0.5686420202255249,0.0,0.0,0.0,0.0,0.9999999403953552,5.1136884689331055,-2.0191800231827983e-08,43.215415954589844,nnknn_target_value_model,0,0,0,0,0,506,607,40,567,7,7,153.5,0,4,mlp,,nnknn,500,,,,
38616,4,1273,72.63851165771484,-0.02413368411362171,-0.018307365477085114,72.66264343261719,71.67201232910156,0.7859758734703064,39.05263137817383,True,0.5826318264007568,0.5826318264007568,0.0,0.0,0.0,0.0,1.0,8.379505157470703,0.0026424676179885864,46.25200653076172,nnknn_target_value_model,0,0,0,0,0,1199,1204,56,1148,20,69,318.25,0,4,mlp,,nnknn,500,,,,
39330,4,714,97.26557159423828,-0.0062461961060762405,-0.0005675323773175478,97.27182006835938,,,,False,0.5678663849830627,0.5678663849830627,0.0,0.0,0.0,0.0,1.0,5.521852970123291,1.3356783457041388e-09,45.334999084472656,nnknn_target_value_model,0,0,0,0,0,589,677,35,642,12,37,178.5,0,4,mlp,,nnknn,500,,,,
40563,4,1233,65.01834106445312,-0.013195825740695,-0.007355170790106058,65.03153991699219,,,,False,0.5840655565261841,0.5840655565261841,0.0,0.0,0.0,0.0,0.9999999403953552,7.797095775604248,8.933444917147426e-08,45.39029312133789,nnknn_target_value_model,0,0,0,0,0,1121,1206,33,1173,15,27,308.25,0,4,mlp,,nnknn,500,,,,
41598,4,1035,60.854820251464844,-0.030832326039671898,-0.025144312530755997,60.88565444946289,60.341514587402344,0.8014712929725647,39.38615417480469,True,0.5688014030456543,0.5688014030456543,0.0,0.0,0.0,0.0,1.0,7.262182235717773,0.0005767287802882493,45.18843460083008,nnknn_target_value_model,0,0,0,0,0,922,1017,35,982,13,18,258.75,0,4,mlp,,nnknn,500,,,,
42434,4,836,66.48159790039062,-0.03574931621551514,-0.030002625659108162,66.51734924316406,,,,False,0.5746691226959229,0.5746691226959229,0.0,0.0,0.0,0.0,0.9999999403953552,6.557765483856201,0.003558127908036113,44.07071304321289,nnknn_target_value_model,0,0,0,0,0,748,799,36,763,16,37,209.0,0,4,mlp,,nnknn,500,,,,
43260,4,826,89.23193359375,-0.05006245896220207,-0.04437609761953354,89.28199768066406,88.83391571044922,0.3571472764015198,42.48997497558594,True,0.5686361193656921,0.5686361193656921,0.0,0.0,0.0,0.0,1.0,5.97143030166626,0.0002112076908815652,46.50433349609375,nnknn_target_value_model,0,0,0,0,0,701,777,34,743,23,49,206.5,0,4,mlp,,nnknn,500,,,,
44028,4,768,98.78413391113281,-0.022936401888728142,-0.017252612859010696,98.80706787109375,,,,False,0.5683789253234863,0.5683789253234863,0.0,0.0,0.0,0.0,1.0,6.660694122314453,0.004813964478671551,42.6413688659668,nnknn_target_value_model,0,0,0,0,0,638,750,35,715,12,18,192.0,0,4,mlp,,nnknn,500,,,,
44760,4,732,93.7984619140625,-0.019557055085897446,-0.01384256687015295,93.8180160522461,,,,False,0.571448802947998,0.571448802947998,0.0,0.0,0.0,0.0,1.0,5.610594749450684,9.394343214808032e-05,45.55366134643555,nnknn_target_value_model,0,0,0,0,0,618,661,29,632,17,71,183.0,0,4,mlp,,nnknn,500,,,,
45433,4,673,63.368385314941406,-0.009875988587737083,-0.004025876056402922,63.37826156616211,62.4876708984375,0.7708783745765686,37.36085510253906,True,0.5850113034248352,0.5850113034248352,0.0,0.0,0.0,0.0,1.0,5.768128871917725,0.013542634434998035,41.92533874511719,nnknn_target_value_model,0,0,0,0,0,590,649,42,607,12,24,168.25,0,4,mlp,,nnknn,500,,,,
46124,4,691,66.59059143066406,-0.023854544386267662,-0.01824284717440605,66.61444854736328,,,,False,0.5611696839332581,0.5611696839332581,0.0,0.0,0.0,0.0,0.9999999403953552,5.519323825836182,0.00998312421143055,44.17380905151367,nnknn_target_value_model,0,0,0,0,0,556,638,34,604,19,53,172.75,0,4,mlp,,nnknn,500,,,,
47168,4,1044,43.093929290771484,-0.015985317528247833,-0.010267459787428379,43.10991287231445,42.60200881958008,0.9143778085708618,40.557403564453125,True,0.5717858672142029,0.5717858672142029,0.0,0.0,0.0,0.0,1.0,7.074156284332275,1.4158957561960506e-08,45.87892532348633,nnknn_target_value_model,0,0,0,0,0,946,1008,47,961,18,36,261.0,0,4,mlp,,nnknn,500,,,,
47847,4,679,62.69988250732422,-0.0017234580591320992,0.004016356077045202,62.70160675048828,,,,False,0.5739814043045044,0.5739814043045044,0.0,0.0,0.0,0.0,1.0,5.394048690795898,0.0013242469867691398,43.835941314697266,nnknn_target_value_model,0,0,0,0,0,571,649,61,588,12,30,169.75,0,4,mlp,,nnknn,500,,,,
48482,4,635,79.32788848876953,-0.01348935067653656,-0.007692697457969189,79.34137725830078,,,,False,0.5796653032302856,0.5796653032302856,0.0,0.0,0.0,0.0,1.0,4.715636730194092,0.0005920361145399511,44.8862190246582,nnknn_target_value_model,0,0,0,0,0,516,593,41,552,17,42,158.75,0,4,mlp,,nnknn,500,,,,
49263,4,781,38.53262710571289,-0.011781827546656132,-0.005974858999252319,38.544410705566406,38.06892395019531,0.9173571467399597,39.574920654296875,True,0.5806968808174133,0.5806968808174133,0.0,0.0,0.0,0.0,1.0,6.038727283477783,-1.0684571805086307e-07,44.10917663574219,nnknn_target_value_model,0,0,0,0,0,659,750,60,690,5,31,195.25,0,4,mlp,,nnknn,500,,,,
50193,4,930,44.76175308227539,-0.017915893346071243,-0.012236402370035648,44.77967071533203,,,,False,0.5679491758346558,0.5679491758346558,0.0,0.0,0.0,0.0,1.0,6.723618030548096,-3.9480067215436065e-08,44.93828582763672,nnknn_target_value_model,0,0,0,0,0,849,854,40,814,14,76,232.5,0,4,mlp,,nnknn,500,,,,
51051,4,858,77.16272735595703,-0.006647875532507896,-0.0009843158768489957,77.16937255859375,76.67507934570312,0.6173804998397827,42.6314811706543,True,0.5663560032844543,0.5663560032844543,0.0,0.0,0.0,0.0,1.0,6.015354156494141,0.0018428066978231072,46.81597900390625,nnknn_target_value_model,0,0,0,0,0,732,817,36,781,14,41,214.5,0,4,mlp,,nnknn,500,,,,
51859,4,808,89.55598449707031,-0.0165102556347847,-0.01095400471240282,89.57249450683594,,,,False,0.5556252002716064,0.5556252002716064,0.0,0.0,0.0,0.0,1.0,6.243729591369629,0.003460218897089362,44.748905181884766,nnknn_target_value_model,0,0,0,0,0,687,739,33,706,21,69,202.0,0,4,mlp,,nnknn,500,,,,
52641,4,782,72.64608001708984,-0.008568136021494865,-0.0028332164511084557,72.65464782714844,,,,False,0.5734919309616089,0.5734919309616089,0.0,0.0,0.0,0.0,1.0,5.685698986053467,0.00905765313655138,46.03825378417969,nnknn_target_value_model,0,0,0,0,0,649,729,38,691,19,53,195.5,0,4,mlp,,nnknn,500,,,,
53676,4,1035,58.222721099853516,-0.023193128407001495,-0.017578890547156334,58.245914459228516,57.71240234375,0.6724103689193726,42.83134460449219,True,0.5614237785339355,0.5614237785339355,0.0,0.0,0.0,0.0,1.0,7.428488254547119,0.014910891652107239,47.75153732299805,nnknn_target_value_model,0,0,0,0,0,954,995,55,940,15,40,258.75,0,4,mlp,,nnknn,500,,,,
54646,4,970,60.97151565551758,-0.013046510517597198,-0.007441094610840082,60.984561920166016,,,,False,0.5605416297912598,0.5605416297912598,0.0,0.0,0.0,0.0,1.0,6.4208292961120605,0.008809059858322144,47.21783447265625,nnknn_target_value_model,0,0,0,0,0,835,911,46,865,17,59,242.5,0,4,mlp,,nnknn,500,,,,
55436,4,790,53.664695739746094,0.010321170091629028,0.01591057889163494,53.65437316894531,53.32622528076172,0.7930363416671753,40.683616638183594,True,0.5589408278465271,0.5589408278465271,0.0,0.0,0.0,0.0,1.0,6.029112815856934,0.013514827936887741,44.409080505371094,nnknn_target_value_model,0,0,0,0,0,684,711,48,663,23,79,197.5,0,4,mlp,,nnknn,500,,,,
56451,4,1015,46.545040130615234,-0.019246606156229973,-0.013591839000582695,46.56428527832031,,,,False,0.5654767155647278,0.5654767155647278,0.0,0.0,0.0,0.0,1.0,6.953981876373291,6.5770642265761126e-09,45.451541900634766,nnknn_target_value_model,0,0,0,0,0,905,948,48,900,18,67,253.75,0,4,mlp,,nnknn,500,,,,
57425,4,974,45.018524169921875,-0.005717397667467594,3.833863956970163e-05,45.02424240112305,,,,False,0.5755736827850342,0.5755736827850342,0.0,0.0,0.0,0.0,1.0,6.463087558746338,0.013672247529029846,46.86082458496094,nnknn_target_value_model,0,0,0,0,0,851,907,49,858,22,67,243.5,0,4,mlp,,nnknn,500,,,,
58508,4,1083,71.90836334228516,-0.03183482959866524,-0.02619444951415062,71.94020080566406,71.5149154663086,0.5933130979537964,44.339725494384766,True,0.5640379190444946,0.5640379190444946,0.0,0.0,0.0,0.0,1.0,6.535372734069824,0.008633029647171497,48.7711296081543,nnknn_target_value_model,0,0,0,0,0,967,1039,51,988,18,44,270.75,0,4,mlp,,nnknn,500,,,,
59535,4,1027,32.343528747558594,-0.015029925853013992,-0.009289653971791267,32.358558654785156,,,,False,0.5740271806716919,0.5740271806716919,0.0,0.0,0.0,0.0,1.0,6.7253265380859375,0.0038581707049161196,46.82460403442383,nnknn_target_value_model,0,0,0,0,0,895,927,27,900,21,100,256.75,0,4,mlp,,nnknn,500,,,,
60489,4,954,61.04118347167969,0.006320323329418898,0.012014918029308319,61.03486251831055,60.49524688720703,0.7416929006576538,42.943580627441406,True,0.5694594979286194,0.5694594979286194,0.0,0.0,0.0,0.0,0.9999999403953552,6.301258087158203,0.010558346286416054,47.38559341430664,nnknn_target_value_model,0,0,0,0,0,824,897,61,836,20,57,238.5,0,4,mlp,,nnknn,500,,,,
61374,4,885,60.04153823852539,-0.0343063585460186,-0.028686420992016792,60.075843811035156,,,,False,0.5619937181472778,0.5619937181472778,0.0,0.0,0.0,0.0,1.0,5.790200233459473,0.007254811003804207,47.96223449707031,nnknn_target_value_model,0,0,0,0,0,747,820,21,799,18,65,221.25,0,4,mlp,,nnknn,500,,,,
62467,4,1093,44.410762786865234,-0.009652966633439064,-0.0040425085462629795,44.420413970947266,,,,False,0.56104576587677,0.56104576587677,0.0,0.0,0.0,0.0,1.0,6.727832317352295,0.015680711716413498,47.94013977050781,nnknn_target_value_model,0,0,0,0,0,980,946,65,881,23,147,273.25,0,4,mlp,,nnknn,500,,,,
63410,4,943,59.847007751464844,-0.003857741132378578,0.0017647546483203769,59.85086441040039,59.55110168457031,0.6877354979515076,45.61159133911133,True,0.5622496008872986,0.5622496008872986,0.0,0.0,0.0,0.0,1.0,5.890807628631592,0.0032198503613471985,48.94309616088867,nnknn_target_value_model,0,0,0,0,0,812,887,40,847,20,56,235.75,0,4,mlp,,nnknn,500,,,,
64341,4,931,49.252689361572266,-0.002679932862520218,0.0029994328506290913,49.25537109375,,,,False,0.5679365992546082,0.5679365992546082,0.0,0.0,0.0,0.0,1.0,6.154325008392334,0.002891589654609561,47.38903045654297,nnknn_target_value_model,0,0,0,0,0,766,883,42,841,16,48,232.75,0,4,mlp,,nnknn,500,,,,
65219,4,878,70.08038330078125,-0.022269995883107185,-0.016672132536768913,70.10265350341797,69.78694915771484,0.5234715938568115,46.54597091674805,True,0.559786319732666,0.559786319732666,0.0,0.0,0.0,0.0,1.0,5.5888519287109375,0.0032973773777484894,48.933963775634766,nnknn_target_value_model,0,0,0,0,0,752,754,44,710,23,124,219.5,0,4,mlp,,nnknn,500,,,,
66257,4,1038,43.45841598510742,-0.024202825501561165,-0.01853327639400959,43.48262023925781,,,,False,0.5669549703598022,0.5669549703598022,0.0,0.0,0.0,0.0,1.0,6.347024917602539,5.093429354019463e-05,48.789302825927734,nnknn_target_value_model,0,0,0,0,0,889,914,45,869,23,124,259.5,0,4,mlp,,nnknn,500,,,,
67402,4,1145,68.2616958618164,-0.003136333543807268,0.0024969279766082764,68.26483154296875,,,,False,0.5633261799812317,0.5633261799812317,0.0,0.0,0.0,0.0,1.0,6.336853504180908,0.009653286077082157,50.66802215576172,nnknn_target_value_model,0,0,0,0,0,1014,1094,61,1033,19,51,286.25,0,4,mlp,,nnknn,500,,,,
68268,4,866,56.78337860107422,-0.018892992287874222,-0.013271734118461609,56.80227279663086,56.60283279418945,0.7581479549407959,43.8804931640625,True,0.5621258020401001,0.5621258020401001,0.0,0.0,0.0,0.0,1.0,6.098180770874023,0.011437312699854374,47.468379974365234,nnknn_target_value_model,0,0,0,0,0,749,787,51,736,20,79,216.5,0,4,mlp,,nnknn,500,,,,
69331,4,1063,29.57061195373535,0.018573593348264694,0.02434486523270607,29.552038192749023,,,,False,0.5771271586418152,0.5771271586418152,0.0,0.0,0.0,0.0,1.0,6.679103374481201,-7.984667149685265e-08,47.46449279785156,nnknn_target_value_model,0,0,0,0,0,953,988,71,917,24,75,265.75,0,4,mlp,,nnknn,500,,,,
70600,4,1269,64.2389907836914,-0.00406336085870862,0.0015552827389910817,64.24305725097656,63.926204681396484,0.7388328909873962,43.8232421875,True,0.5618643760681152,0.5618643760681152,0.0,0.0,0.0,0.0,1.0,7.060483932495117,0.006270314566791058,48.56056213378906,nnknn_target_value_model,0,0,0,0,0,1129,1225,22,1203,19,44,317.25,0,4,mlp,,nnknn,500,,,,
71750,4,1150,59.41770553588867,-0.04911860451102257,-0.04353779926896095,59.46682357788086,,,,False,0.5580804944038391,0.5580804944038391,0.0,0.0,0.0,0.0,1.0,6.971731662750244,0.009604113176465034,50.4849739074707,nnknn_target_value_model,0,0,0,0,0,1057,1083,29,1054,22,67,287.5,0,4,mlp,,nnknn,500,,,,
72888,4,1138,58.75608825683594,-0.004606631118804216,0.0010412315605208278,58.76069641113281,,,,False,0.5647863149642944,0.5647863149642944,0.0,0.0,0.0,0.0,1.0,6.321113586425781,0.010122211650013924,49.9129638671875,nnknn_target_value_model,0,0,0,0,0,1001,1078,42,1036,21,60,284.5,0,4,mlp,,nnknn,500,,,,
73918,4,1030,59.261756896972656,-0.012335944920778275,-0.006769038736820221,59.27409362792969,58.845279693603516,0.7444279193878174,45.547115325927734,True,0.5566906332969666,0.5566906332969666,0.0,0.0,0.0,0.0,1.0,5.9533257484436035,0.010098314844071865,49.6517333984375,nnknn_target_value_model,0,0,0,0,0,862,991,35,956,19,39,257.5,0,4,mlp,,nnknn,500,,,,
75333,4,1415,31.01120376586914,-0.00024095084518194199,0.005438201129436493,31.011444091796875,,,,False,0.5679152011871338,0.5679152011871338,0.0,0.0,0.0,0.0,1.0,7.230266571044922,1.8871293860911464e-08,52.20774459838867,nnknn_target_value_model,0,0,0,0,0,1295,1273,60,1213,24,142,353.75,0,4,mlp,,nnknn,500,,,,
76216,4,883,52.107627868652344,-0.014530064538121223,-0.008965808898210526,52.12215805053711,51.88325881958008,0.7788081169128418,45.548526763916016,True,0.5564255118370056,0.5564255118370056,0.0,0.0,0.0,0.0,1.0,5.42714262008667,0.0014837768394500017,48.8018913269043,nnknn_target_value_model,0,0,0,0,0,754,828,33,795,21,55,220.75,0,4,mlp,,nnknn,500,,,,
77738,4,1522,55.186275482177734,-0.003145003691315651,0.0024348474107682705,55.18941879272461,,,,False,0.5579851269721985,0.5579851269721985,0.0,0.0,0.0,0.0,1.0,7.327480792999268,0.009547028690576553,52.162532806396484,nnknn_target_value_model,0,0,0,0,0,1411,1432,49,1383,23,90,380.5,0,4,mlp,,nnknn,500,,,,
78682,4,944,92.47196197509766,-0.024407576769590378,-0.0188601016998291,92.49636840820312,,,,False,0.554747462272644,0.554747462272644,0.0,0.0,0.0,0.0,1.0,5.011125087738037,0.0017387381521984935,52.17843246459961,nnknn_target_value_model,0,0,0,0,0,797,864,57,807,20,80,236.0,0,4,mlp,,nnknn,500,,,,
80254,4,1572,68.96131134033203,-0.0074656992219388485,-0.001924987998791039,68.96878051757812,68.51445007324219,0.3566610813140869,50.24697494506836,True,0.5540711283683777,0.5540711283683777,0.0,0.0,0.0,0.0,1.0,6.535236835479736,0.012053745798766613,54.021915435791016,nnknn_target_value_model,0,0,0,0,0,1433,1443,48,1395,23,129,393.0,0,4,mlp,,nnknn,500,,,,
81539,4,1285,70.7014389038086,-0.009706687182188034,-0.003980264067649841,70.71114349365234,,,,False,0.5726422667503357,0.5726422667503357,0.0,0.0,0.0,0.0,1.0,6.310333728790283,0.002070041373372078,52.054012298583984,nnknn_target_value_model,0,0,0,0,0,1118,1212,44,1168,21,73,321.25,0,4,mlp,,nnknn,500,,,,
82534,4,995,77.37226104736328,0.008671751245856285,0.01423995103687048,77.36358642578125,77.06505584716797,0.6270530223846436,48.72441101074219,True,0.5568199753761292,0.5568199753761292,0.0,0.0,0.0,0.0,1.0,5.237880706787109,0.009836586192250252,52.40452194213867,nnknn_target_value_model,0,0,0,0,0,841,920,19,901,22,75,248.75,0,4,mlp,,nnknn,500,,,,
83529,4,995,94.74806213378906,-0.009882176294922829,-0.004373922478407621,94.75794219970703,,,,False,0.5508254170417786,0.5508254170417786,0.0,0.0,0.0,0.0,1.0,5.055444717407227,0.0036779758520424366,53.46133804321289,nnknn_target_value_model,0,0,0,0,0,852,948,56,892,19,47,248.75,0,4,mlp,,nnknn,500,,,,
84684,4,1155,54.676326751708984,-0.009903687983751297,-0.004351417068392038,54.68622970581055,,,,False,0.5552271604537964,0.5552271604537964,0.0,0.0,0.0,0.0,1.0,6.164927005767822,0.009644802659749985,50.809871673583984,nnknn_target_value_model,0,0,0,0,0,999,1063,11,1052,23,92,288.75,0,4,mlp,,nnknn,500,,,,
85765,4,1081,87.38017272949219,-0.008980548940598965,-0.0034411640372127295,87.38915252685547,86.85087585449219,0.546475887298584,49.02002716064453,True,0.5539385080337524,0.5539385080337524,0.0,0.0,0.0,0.0,1.0,5.52924919128418,0.006838780827820301,52.525577545166016,nnknn_target_value_model,0,0,0,0,0,896,1023,35,988,20,58,270.25,0,4,mlp,,nnknn,500,,,,
87008,4,1243,48.97108840942383,-0.015277756378054619,-0.009747190400958061,48.986366271972656,,,,False,0.5530565977096558,0.5530565977096558,0.0,0.0,0.0,0.0,1.0,6.373034477233887,0.0025217640213668346,54.84244918823242,nnknn_target_value_model,0,0,0,0,0,1097,1180,43,1137,20,63,310.75,0,4,mlp,,nnknn,500,,,,
88447,4,1439,63.99292755126953,-0.04387705773115158,-0.038370389491319656,64.03680419921875,63.62812423706055,0.4965299367904663,50.47169876098633,True,0.5506667494773865,0.5506667494773865,0.0,0.0,0.0,0.0,1.0,6.576155185699463,0.012123883701860905,54.52787399291992,nnknn_target_value_model,0,0,0,0,0,1307,1377,44,1333,22,62,359.75,0,4,mlp,,nnknn,500,,,,
90326,4,1879,49.280296325683594,-0.00917191430926323,-0.0036556769628077745,49.289466857910156,,,,False,0.5516237616539001,0.5516237616539001,0.0,0.0,0.0,0.0,1.0,7.622735500335693,0.0015726095298305154,55.91482162475586,nnknn_target_value_model,0,0,0,0,0,1791,1791,43,1748,21,88,469.75,0,4,mlp,,nnknn,500,,,,
91551,4,1225,61.3280143737793,-0.03510017693042755,-0.029559675604104996,61.36311340332031,,,,False,0.554050087928772,0.554050087928772,0.0,0.0,0.0,0.0,1.0,5.647372722625732,0.010073527693748474,54.69685745239258,nnknn_target_value_model,0,0,0,0,0,1063,1170,31,1139,22,55,306.25,0,4,mlp,,nnknn,500,,,,
93267,4,1716,53.33812713623047,0.008525310084223747,0.014166877605021,53.3296012878418,52.89264678955078,-0.11574172973632812,53.11981964111328,True,0.564156711101532,0.564156711101532,0.0,0.0,0.0,0.0,1.0,7.597867965698242,0.026297805830836296,58.071834564208984,nnknn_target_value_model,0,0,0,0,0,1672,1645,39,1606,21,71,429.0,0,4,mlp,,nnknn,500,,,,
94310,4,1043,78.75568389892578,-0.021340426057577133,-0.015959899872541428,78.77702331542969,,,,False,0.5380526185035706,0.5380526185035706,0.0,0.0,0.0,0.0,1.0,5.301497459411621,0.00743886549025774,52.84459686279297,nnknn_target_value_model,0,0,0,0,0,882,946,49,897,23,97,260.75,0,4,mlp,,nnknn,500,,,,
96045,4,1735,44.41681671142578,-0.006021713837981224,-0.00046083275810815394,44.4228401184082,43.916255950927734,0.6299715042114258,51.413536071777344,True,0.5560880899429321,0.5560880899429321,0.0,0.0,0.0,0.0,1.0,7.642475605010986,0.013903800398111343,55.65732192993164,nnknn_target_value_model,0,0,0,0,0,1641,1592,51,1541,23,143,433.75,0,4,mlp,,nnknn,500,,,,
97313,4,1268,65.43595123291016,-0.015748973935842514,-0.01026089582592249,65.45169830322266,,,,False,0.5488079190254211,0.5488079190254211,0.0,0.0,0.0,0.0,1.0,5.818972587585449,0.013099372386932373,55.28846740722656,nnknn_target_value_model,0,0,0,0,0,1159,1203,36,1167,23,65,317.0,0,4,mlp,,nnknn,500,,,,
98135,4,822,97.18824768066406,-0.006629140581935644,-0.0011350737186148763,97.19487762451172,,,,False,0.5494067072868347,0.5494067072868347,0.0,0.0,0.0,0.0,1.0,4.251073837280273,0.0011814545141533017,52.14041519165039,nnknn_target_value_model,0,0,0,0,0,671,773,18,755,22,49,205.5,0,4,mlp,,nnknn,500,,,,
99632,4,1497,63.467498779296875,-0.0008899848908185959,0.00458118412643671,63.468387603759766,63.179439544677734,-0.0018055438995361328,53.558555603027344,True,0.5471169352531433,0.5471169352531433,0.0,0.0,0.0,0.0,1.0,7.038121223449707,0.02453259937465191,57.68157958984375,nnknn_target_value_model,0,0,0,0,0,1441,1383,37,1346,23,114,374.25,0,4,mlp,,nnknn,500,,,,
101019,4,1387,82.75151062011719,0.004149941727519035,0.009639282710850239,82.74736022949219,,,,False,0.5489341020584106,0.5489341020584106,0.0,0.0,0.0,0.0,1.0,6.354039192199707,0.019852951169013977,56.49301528930664,nnknn_target_value_model,0,0,0,0,0,1314,1266,15,1251,22,121,346.75,0,4,mlp,,nnknn,500,,,,
102013,4,994,86.58650970458984,0.00976009201258421,0.015222583897411823,86.57675170898438,85.94832611083984,0.39418959617614746,51.907772064208984,True,0.5462492108345032,0.5462492108345032,0.0,0.0,0.0,0.0,0.9999999403953552,4.791811466217041,0.001678183674812317,54.060916900634766,nnknn_target_value_model,0,0,0,0,0,859,921,38,883,21,73,248.5,0,4,mlp,,nnknn,500,,,,
102905,4,892,93.39968872070312,-0.0499558188021183,-0.04460390657186508,93.44964599609375,,,,False,0.5351911783218384,0.5351911783218384,0.0,0.0,0.0,0.0,1.0,5.152875900268555,0.0006325533613562584,50.58187484741211,nnknn_target_value_model,0,0,0,0,0,753,779,36,743,23,113,223.0,0,4,mlp,,nnknn,500,,,,
103947,4,1042,74.50667572021484,-0.013591930270195007,-0.008178068324923515,74.52027130126953,,,,False,0.5413862466812134,0.5413862466812134,0.0,0.0,0.0,0.0,1.0,5.015614986419678,0.006095773074775934,54.40961456298828,nnknn_target_value_model,0,0,0,0,0,882,936,22,914,22,106,260.5,0,4,mlp,,nnknn,500,,,,
104991,4,1044,85.014892578125,-0.03338473290205002,-0.027992933988571167,85.04827880859375,84.76255798339844,0.40061748027801514,52.50595474243164,True,0.5391797423362732,0.5391797423362732,0.0,0.0,0.0,0.0,1.0,4.961542129516602,0.005149864125996828,54.095184326171875,nnknn_target_value_model,0,0,0,0,0,890,980,10,970,23,64,261.0,0,4,mlp,,nnknn,500,,,,
105924,4,933,78.89392852783203,-0.026465117931365967,-0.02103106491267681,78.92039489746094,,,,False,0.543405294418335,0.543405294418335,0.0,0.0,0.0,0.0,0.9999999403953552,5.131415367126465,0.007268731482326984,51.034271240234375,nnknn_target_value_model,0,0,0,0,0,756,845,44,801,23,88,233.25,0,4,mlp,,nnknn,500,,,,
107295,4,1371,49.122100830078125,0.004916897043585777,0.010347132571041584,49.117183685302734,48.6771240234375,0.7510812282562256,48.90044403076172,True,0.5430235862731934,0.5430235862731934,0.0,0.0,0.0,0.0,1.0,6.312116622924805,0.00047443454968743026,52.585174560546875,nnknn_target_value_model,0,0,0,0,0,1178,1241,43,1198,23,130,342.75,0,4,mlp,,nnknn,500,,,,
107978,4,683,27.043603897094727,0.01259684283286333,0.017913442105054855,27.031007766723633,,,,False,0.5316599607467651,0.5316599607467651,0.0,0.0,0.0,0.0,1.0,4.538276195526123,0.0037263643462210894,45.13483810424805,nnknn_target_value_model,0,0,0,0,0,573,583,34,549,28,100,170.75,0,4,mlp,,nnknn,500,,,,
108892,4,914,20.821096420288086,0.008719128556549549,0.01401955634355545,20.8123779296875,,,,False,0.5300427675247192,0.5300427675247192,0.0,0.0,0.0,0.0,1.0,5.216941833496094,-2.9215406982530112e-08,49.81940841674805,nnknn_target_value_model,0,0,0,0,0,734,722,41,681,23,192,228.5,0,4,mlp,,nnknn,500,,,,
110256,4,1364,73.33982849121094,-0.005800706800073385,-0.00044775987043976784,73.34562683105469,73.09646606445312,0.34894299507141113,52.453857421875,True,0.5352947115898132,0.5352947115898132,0.0,0.0,0.0,0.0,1.0,6.5571818351745605,0.0106536028906703,55.42960739135742,nnknn_target_value_model,0,0,0,0,0,1230,1191,50,1141,23,173,341.0,0,4,mlp,,nnknn,500,,,,
111450,4,1194,40.54683303833008,-0.021441716700792313,-0.01611131615936756,40.568275451660156,,,,False,0.5330401659011841,0.5330401659011841,0.0,0.0,0.0,0.0,1.0,6.058085918426514,0.0036485479213297367,52.125247955322266,nnknn_target_value_model,0,0,0,0,0,1034,1048,50,998,23,146,298.5,0,4,mlp,,nnknn,500,,,,
112461,4,1011,67.97076416015625,0.01698002964258194,0.022323325276374817,67.95378112792969,67.2760238647461,0.7030538320541382,45.83230972290039,True,0.5343296527862549,0.5343296527862549,0.0,0.0,0.0,0.0,0.9999999403953552,5.784428119659424,0.0007009128457866609,49.34581756591797,nnknn_target_value_model,0,0,0,0,0,850,935,57,878,22,76,252.75,0,4,mlp,,nnknn,500,,,,
113655,4,1194,46.897464752197266,-0.0024718553759157658,0.0029072752222418785,46.89993667602539,,,,False,0.5379130840301514,0.5379130840301514,0.0,0.0,0.0,0.0,1.0,6.142916679382324,0.01789727434515953,54.71221923828125,nnknn_target_value_model,0,0,0,0,0,1078,1124,59,1065,23,70,298.5,0,4,mlp,,nnknn,500,,,,
115059,4,1404,82.29608917236328,0.0019634938798844814,0.007409917656332254,82.29412841796875,,,,False,0.5446423888206482,0.5446423888206482,0.0,0.0,0.0,0.0,1.0,6.546712398529053,0.005603536032140255,54.59784698486328,nnknn_target_value_model,0,0,0,0,0,1238,1242,50,1192,23,162,351.0,0,4,mlp,,nnknn,500,,,,
116246,4,1187,49.72304916381836,0.021044468507170677,0.026415271684527397,49.702003479003906,49.51622772216797,0.7995097637176514,51.129573822021484,True,0.5370802879333496,0.5370802879333496,0.0,0.0,0.0,0.0,1.0,5.3223724365234375,0.015507914125919342,54.401859283447266,nnknn_target_value_model,0,0,0,0,0,1027,1108,29,1079,23,79,296.75,0,4,mlp,,nnknn,500,,,,
117796,4,1550,37.570404052734375,-0.016153786331415176,-0.01072564534842968,37.5865592956543,,,,False,0.5428140163421631,0.5428140163421631,0.0,0.0,0.0,0.0,1.0,6.41987943649292,-8.521541872141825e-08,57.28111267089844,nnknn_target_value_model,0,0,0,0,0,1398,1487,27,1460,21,63,387.5,0,4,mlp,,nnknn,500,,,,
119074,4,1278,98.80831146240234,0.007428999990224838,0.012755265459418297,98.8008804321289,98.45690155029297,-0.03474867343902588,54.043182373046875,True,0.5326265692710876,0.5326265692710876,0.0,0.0,0.0,0.0,1.0,5.722758769989014,0.011084704659879208,58.1505012512207,nnknn_target_value_model,0,0,0,0,0,1169,1226,43,1183,20,52,319.5,0,4,mlp,,nnknn,500,,,,
