global_step,update,rollout_start_step,learning_rate,rollout_steps,minibatch_size,minibatch_updates,update_epochs_run,stopped_on_target_kl,policy_loss,value_loss,entropy,approx_kl,clip_fraction,grad_norm,advantage_mean,advantage_std,value_target_mean,explained_variance
2048,1,0,0.0003,2048,64,320,10,False,-0.006286624424683395,0.08407245028065517,1.782929264381528,0.008863971449318341,0.084375,0.6776098262984306,-0.41802704334259033,0.32608529925346375,-0.10080452263355255,0.03869551420211792
4096,2,2048,0.0002987712,2048,64,320,10,False,-0.0005666510754963383,0.06731846226612107,1.7758592907339334,0.00532380475779064,0.0453125,0.4799517899053171,-0.37524572014808655,0.3194378912448883,-0.28145164251327515,0.04659092426300049
6144,3,4096,0.0002975424,2048,64,320,10,False,-0.0024148410389898344,0.0648823105613701,1.763572171702981,0.007510373555123806,0.07021484375,0.5334651646669955,-0.3566756844520569,0.3162257969379425,-0.4641975164413452,0.045596957206726074
8192,4,6144,0.00029631359999999997,2048,64,320,10,False,-0.003640137279580813,0.06593685676343738,1.7649360351264476,0.009609177923994138,0.094970703125,0.4688900129403919,-0.29027557373046875,0.35028886795043945,-0.6247262358665466,0.08876419067382812
10240,5,8192,0.0002950848,2048,64,320,10,False,-0.005074831016827375,0.05190574605949223,1.7838345419615507,0.013246112171327696,0.052392578125,0.2793998426059261,-0.2845180332660675,0.3085505962371826,-0.7915966510772705,0.1738436222076416
12288,6,10240,0.00029385599999999995,2048,64,320,10,False,-0.003931702389672864,0.04955616992665455,1.7704768162220716,0.0063337880827020855,0.052197265625,0.4062760680913925,-0.23708054423332214,0.32926714420318604,-0.93158358335495,0.4331395626068115
14336,7,12288,0.00029262719999999996,2048,64,320,10,False,-0.005877027342648944,0.03586324721982237,1.7836707755923271,0.008567411432159134,0.053857421875,0.2953468439634889,-0.24281108379364014,0.2729836702346802,-1.0882782936096191,0.6322966814041138
16384,8,14336,0.0002913984,2048,64,320,10,False,-0.007860736988368444,0.033221375779248774,1.771020259335637,0.008345812448533252,0.0904296875,0.3616020760498941,-0.24953368306159973,0.2576182186603546,-1.0894238948822021,0.6384574174880981
18432,9,16384,0.0002901696,2048,64,320,10,False,-0.007541356906585861,0.029766668516094795,1.772988610342145,0.010182362355408259,0.08515625,0.34201342668384316,-0.19257862865924835,0.26811689138412476,-1.2347564697265625,0.6698603630065918
20480,10,18432,0.00028894079999999996,2048,64,320,10,False,-0.009089632510585944,0.02529753254784737,1.7597763255238532,0.011124384353752247,0.098974609375,0.42260635406710206,-0.16549617052078247,0.26820725202560425,-1.346646785736084,0.7333872318267822
22528,11,20480,0.00028771199999999997,2048,64,320,10,False,-0.008408615083317273,0.023158481929567643,1.7427798263728618,0.00963303013413679,0.10029296875,0.45933621800504626,-0.13788795471191406,0.2537641227245331,-1.4374343156814575,0.7990139126777649
24576,12,22528,0.0002864832,2048,64,320,10,False,-0.002232636764529161,0.024778986105229706,1.755190785601735,0.006545869255205616,0.02314453125,0.41483613289892673,-0.1059047281742096,0.2576190233230591,-1.5926908254623413,0.7845306992530823
26624,13,24576,0.0002852544,2048,64,320,10,False,-0.007553206732700346,0.030119293357711286,1.7499031938612462,0.00965127799718175,0.0900390625,0.43268173579126595,-0.07487257570028305,0.2827056348323822,-1.5002872943878174,0.8153694272041321
28672,14,26624,0.00028402559999999997,2048,64,320,10,False,-0.005667308473493904,0.021536909710266627,1.7546921379864215,0.010103347399854102,0.06083984375,0.3983217575121671,-0.08801822364330292,0.23914483189582825,-1.6774955987930298,0.8114675879478455
30720,15,28672,0.0002827968,2048,64,320,10,False,-0.000440882307884749,0.016648705568513833,1.7672812178730966,0.0027980507496977226,0.011474609375,0.3169025261187926,-0.09669306874275208,0.22537676990032196,-1.774604082107544,0.8641323447227478
32768,16,30720,0.00028156799999999994,2048,64,320,10,False,-0.0008276168373413384,0.022229041304672136,1.7791957765817643,0.0025583850598195567,0.01318359375,0.3053564029745758,-0.05225909501314163,0.25720781087875366,-1.7573254108428955,0.8792432546615601
34816,17,32768,0.00028033919999999996,2048,64,320,10,False,-0.006662532452901359,0.023059826577082276,1.7861736718565226,0.008133248737431131,0.07138671875,0.29775203436147424,-0.0029224338941276073,0.27176597714424133,-1.7660677433013916,0.8523827791213989
36864,18,34816,0.0002791104,2048,64,320,10,False,-0.010122038509871345,0.016907227849878838,1.7780546389520169,0.009717937867389993,0.1103515625,0.34199900352396073,-0.06108077988028526,0.22250176966190338,-1.841893196105957,0.9037617444992065
38912,19,36864,0.0002778816,2048,64,320,10,False,-0.005523895703663584,0.014348557652556337,1.7636266201734543,0.008663373978924938,0.07119140625,0.37074444964528086,-0.03203901648521423,0.22312024235725403,-1.9760453701019287,0.8964591026306152
40960,20,38912,0.00027665279999999995,2048,64,320,10,False,-0.0026504962297622114,0.013580960537365173,1.7670970357954503,0.005787586403312161,0.021142578125,0.33517273897305133,-0.036077696830034256,0.2193475365638733,-1.8393521308898926,0.9442513585090637
43008,21,40960,0.00027542399999999997,2048,64,320,10,False,-0.0031323939576395786,0.01534206936339615,1.764853673055768,0.004073550549219362,0.040380859375,0.3645105857169256,-0.030990637838840485,0.2403087019920349,-1.93269944190979,0.9456443190574646
45056,22,43008,0.0002741952,2048,64,320,10,False,-0.0032188267752644604,0.02391631587379379,1.7801380965858697,0.006708792454446666,0.02314453125,0.33679822850972413,0.021272387355566025,0.2724672853946686,-2.035628318786621,0.8519192337989807
47104,23,45056,0.0002729664,2048,64,320,10,False,-0.002459436422213912,0.027786732342792674,1.7840977374464273,0.0032906399777857588,0.0142578125,0.3264442939776927,0.08556187897920609,0.28721246123313904,-1.9739203453063965,0.8569588661193848
49152,24,47104,0.00027173759999999996,2048,64,320,10,False,-0.0024417915745289067,0.020867675758199766,1.7819870833307505,0.0045845246029784905,0.007958984375,0.3349655377212912,-0.007078253198415041,0.26942554116249084,-1.965186357498169,0.9097554683685303
51200,25,49152,0.0002705088,2048,64,320,10,False,-0.001443484117044136,0.014236727880779653,1.7626645043492317,0.0041034611203940585,0.02529296875,0.38803901565261184,-0.020718039944767952,0.21519596874713898,-1.8882880210876465,0.9514350295066833
53248,26,51200,0.00026927999999999994,2048,64,320,10,False,-0.004603936325293034,0.016399019758682697,1.7233406718820334,0.009482871228829026,0.06484375,0.5095525462180376,-0.007938905619084835,0.2361249327659607,-2.072356939315796,0.9280489683151245
55296,27,53248,0.00026805119999999996,2048,64,320,10,False,-0.0027365628400730204,0.01111421609966783,1.6857815202325583,0.0068257339356932786,0.035986328125,0.5083629828877747,-0.032748159021139145,0.20674461126327515,-1.9616692066192627,0.9438568353652954
57344,28,55296,0.0002668224,2048,64,320,10,False,-0.003492116599227302,0.01587007705529686,1.6987496864050626,0.007986841248930432,0.046044921875,0.515273532923311,0.031054764986038208,0.2275286465883255,-1.9899572134017944,0.9241161346435547
59392,29,57344,0.0002655936,2048,64,320,10,False,-0.006072852670331486,0.018459902672475437,1.6905741233378648,0.009269371366826817,0.066845703125,0.5075610126368701,0.011648260056972504,0.24603113532066345,-2.132429838180542,0.9090783596038818
61440,30,59392,0.00026436479999999995,2048,64,320,10,False,-0.001005436389823444,0.007625952531088842,1.731911924853921,0.0062381541036302226,0.022314453125,0.43864714638330043,-0.03449169173836708,0.16210398077964783,-2.181259870529175,0.9575208425521851
63488,31,61440,0.00026313599999999997,2048,64,320,10,False,-0.002884794340207009,0.009305702178244247,1.7332046490162611,0.004578254447551444,0.013916015625,0.475091708637774,0.00020362023497000337,0.19216574728488922,-2.030020236968994,0.9630390405654907
65536,32,63488,0.0002619072,2048,64,320,10,False,-0.0020534561743261294,0.013642455690569478,1.7183434326201676,0.004015666936174967,0.01435546875,0.5149651868268847,0.01890336349606514,0.20833612978458405,-2.028554677963257,0.9535744786262512
67584,33,65536,0.0002606784,2048,64,320,10,False,-0.01094672817926039,0.012195729660015786,1.6902747496962547,0.010126226689317263,0.12392578125,0.5984098980203271,-0.025288410484790802,0.2176075279712677,-2.0009188652038574,0.9355316162109375
69632,34,67584,0.0002594496,2048,64,320,10,False,-0.0006548590583406622,0.006101681719155749,1.6970065403729677,0.0038060705381212758,0.011865234375,0.5312457435997203,-0.06387698650360107,0.14116314053535461,-2.1194658279418945,0.964686930179596
71680,35,69632,0.0002582208,2048,64,320,10,False,-0.002812189499672968,0.007527178187592654,1.7302618000656367,0.0070251122961053625,0.0341796875,0.45698783597908915,-0.03377745673060417,0.15732963383197784,-2.0400428771972656,0.9631494283676147
73728,36,71680,0.000256992,2048,64,320,10,False,-0.00619582646904746,0.021690750251582357,1.7337932094931603,0.007545914515503682,0.05537109375,0.4582614908693358,0.07592542469501495,0.2664983570575714,-2.0498805046081543,0.9124915599822998
75776,37,73728,0.00025576319999999996,2048,64,320,10,False,-0.008288493206782733,0.012207844895601738,1.6994406916201115,0.009225494641577825,0.09287109375,0.49244807711802424,0.0034098210744559765,0.21767359972000122,-1.9706268310546875,0.9292969703674316
77824,38,75776,0.0002545344,2048,64,320,10,False,-0.006457699583552312,0.006160057848319411,1.7106453239917756,0.007561429546331056,0.055517578125,0.5075588969979435,-0.032649263739585876,0.15777255594730377,-2.205988645553589,0.9670925140380859
79872,39,77824,0.0002533056,2048,64,320,10,False,-0.003669979253754718,0.0048513201109017245,1.669595467671752,0.00594490998191759,0.036474609375,0.5686512162908912,-0.04918041080236435,0.1279674470424652,-2.1879701614379883,0.9771009683609009
81920,40,79872,0.0002520768,2048,64,320,10,False,-0.0059849495701200794,0.00828469700536516,1.6441637188196183,0.008855601912364364,0.0654296875,0.5696950897108763,-0.001825807266868651,0.16508589684963226,-2.2476112842559814,0.9558498859405518
83968,41,81920,0.00025084799999999997,2048,64,320,10,False,-0.004008669119502884,0.0059445831851917316,1.6536121044307948,0.00709564124699682,0.06640625,0.5218175685498864,-0.0051147062331438065,0.15217852592468262,-2.2078351974487305,0.9767708778381348
86016,42,83968,0.0002496192,2048,64,320,10,False,-0.003137788276944775,0.014336265764723067,1.6011561624705792,0.006944362726062536,0.036962890625,0.5928336441516876,0.03597166761755943,0.21293431520462036,-2.2085602283477783,0.9464311003684998
88064,43,86016,0.0002483904,2048,64,320,10,False,-0.0013592156101367436,0.018272187627735546,1.6011750776320697,0.0035848047293256967,0.027001953125,0.5659395763650537,0.021310018375515938,0.24131201207637787,-2.1941163539886475,0.929731011390686
90112,44,88064,0.00024716159999999996,2048,64,320,10,False,-0.0027023542919778266,0.019919799183844587,1.6501050792634486,0.009101018472574652,0.027978515625,0.49088466197717934,0.062223296612501144,0.253354012966156,-2.1040244102478027,0.9338335394859314
92160,45,90112,0.0002459328,2048,64,320,10,False,-0.00523132417074521,0.012226418507634663,1.6536508183926344,0.008504615843412467,0.056640625,0.4665134881157428,0.0017808681586757302,0.21362486481666565,-2.1291656494140625,0.9338523745536804
94208,46,92160,0.000244704,2048,64,320,10,False,-0.001689780152082676,0.01862152154208161,1.6771434608846902,0.004447076623910107,0.023193359375,0.5124841356184333,0.06183670088648796,0.25301963090896606,-2.11167573928833,0.9306026697158813
96256,47,94208,0.00024347519999999998,2048,64,320,10,False,-0.0018537197858677246,0.011512433543248334,1.6852570485323668,0.003233264136360958,0.01494140625,0.42935427534393966,-0.005184296518564224,0.21973595023155212,-2.050492525100708,0.9558996558189392
98304,48,96256,0.00024224639999999997,2048,64,320,10,False,-0.002937252036645077,0.011316305672517046,1.6754014521837235,0.005170267185894773,0.02783203125,0.5408736258745194,-0.01588458940386772,0.2018565684556961,-2.13051438331604,0.949684739112854
100352,49,98304,0.0002410176,2048,64,320,10,False,-0.005170075213391101,0.012003363336407346,1.644578954949975,0.005929095801548101,0.061669921875,0.5347189340740442,-0.00729092163965106,0.19953864812850952,-2.127098560333252,0.9530748724937439
102400,50,100352,0.00023978879999999998,2048,64,320,10,False,-0.0011748214208637364,0.01206733479484683,1.6511613070964812,0.0031154993019299583,0.010791015625,0.5414305231999605,-0.016336366534233093,0.22387772798538208,-2.0311989784240723,0.9510331749916077
104448,51,102400,0.00023856,2048,64,320,10,False,-0.0006198786111781373,0.024708161935268435,1.6533852938562632,0.001762188068823889,0.00322265625,0.5451956606470049,0.08240598440170288,0.2852589786052704,-1.9536253213882446,0.9179797172546387
106496,52,104448,0.00023733119999999998,2048,64,320,10,False,-0.0018165431283705402,0.01695499400375411,1.5716815587133168,0.005803353525698185,0.016845703125,0.5799163168761879,0.002018518513068557,0.25481441617012024,-2.0174031257629395,0.904478132724762
108544,53,106496,0.0002361024,2048,64,320,10,False,-0.007455853236024268,0.014910142356529831,1.4856049176305532,0.010798946669092402,0.12060546875,0.6914407392032444,-0.012119592167437077,0.2233641892671585,-2.040721893310547,0.9270750880241394
110592,54,108544,0.0002348736,2048,64,320,10,False,-0.007208709508995525,0.02094590450869873,1.5291471492499114,0.008231617926503532,0.0724609375,0.6684022657107562,0.053647540509700775,0.271627277135849,-1.9370412826538086,0.9243931770324707
112640,55,110592,0.00023364479999999998,2048,64,320,10,False,-0.0009144256051513367,0.009695332275077817,1.5491522390395402,0.004484757941099815,0.011328125,0.6177733011078089,-0.04272148385643959,0.1986207813024521,-2.0635015964508057,0.9574583768844604
114688,56,112640,0.00023241599999999996,2048,64,320,10,False,-0.00560740158543922,0.011829584460065235,1.476622501015663,0.009703255939530208,0.0509765625,0.6997049725381658,0.005493030417710543,0.20773902535438538,-2.0633039474487305,0.9361574053764343
116736,57,114688,0.00023118719999999998,2048,64,320,10,False,-0.0027895966988580765,0.009501164568428066,1.548783279582858,0.007785170956049114,0.054736328125,0.627499902434647,-0.0033100363798439503,0.18585002422332764,-2.0888843536376953,0.9524142146110535
118784,58,116736,0.00022995839999999997,2048,64,320,10,False,-0.0006308549665845931,0.006693926104344427,1.548780234158039,0.0029362642031628638,0.0,0.597676622052677,-0.048063717782497406,0.1638433337211609,-2.0453948974609375,0.9701500535011292
120832,59,118784,0.00022872959999999999,2048,64,320,10,False,-0.0031593370222253725,0.013294539786147652,1.605710793659091,0.0061685600725468245,0.04130859375,0.5875251925783231,-0.005541334394365549,0.21861058473587036,-2.114920139312744,0.9237334132194519
122880,60,120832,0.00022750079999999998,2048,64,320,10,False,-0.0014410690379008883,0.017554324110096785,1.6340733211487533,0.0016727076173992828,0.01044921875,0.5707365967333317,0.014092426747083664,0.24126167595386505,-2.0158398151397705,0.9201128482818604
124928,61,122880,0.000226272,2048,64,320,10,False,-0.007600187972275308,0.007819703321365523,1.5697678357362748,0.01010988438501954,0.0970703125,0.6473303279839456,-0.013237308710813522,0.18294063210487366,-2.025825023651123,0.9743869304656982
126976,62,124928,0.00022504319999999998,2048,64,320,10,False,-0.0016037526489526498,0.013559846964926691,1.5899590767920018,0.004256000061286613,0.011083984375,0.5843215937726199,0.04831952601671219,0.22165310382843018,-2.107806921005249,0.9372736215591431
129024,63,126976,0.0002238144,2048,64,320,10,False,-0.006268099445151165,0.01264909379533492,1.5523480918258428,0.010159537490108051,0.057275390625,0.6876770620699972,0.04156497120857239,0.21624676883220673,-2.0705742835998535,0.9500256776809692
131072,64,129024,0.00022258559999999996,2048,64,320,10,False,-0.0032871783841983415,0.011212301557679893,1.5756223991513252,0.009488580096513034,0.032568359375,0.6378194784978405,0.011401575058698654,0.20687709748744965,-2.0608527660369873,0.9532046318054199
133120,65,131072,0.0002213568,2048,64,320,10,False,-0.007945658055541571,0.023011286498513073,1.5455534834414721,0.011554191677714699,0.078076171875,0.6099336022045463,0.07350744307041168,0.27903860807418823,-2.0583181381225586,0.9073810577392578
135168,66,133120,0.00022012799999999996,2048,64,320,10,False,-0.006728135650337208,0.017007303878926905,1.5833277530968188,0.010839466599281877,0.0916015625,0.6235636139288545,0.03168988972902298,0.25271597504615784,-2.03218936920166,0.9324945211410522
137216,67,135168,0.00021889919999999998,2048,64,320,10,False,-0.005288104335340904,0.005879413257207489,1.530687365680933,0.008970106198103168,0.058984375,0.6143205518834293,-0.03279964253306389,0.16428345441818237,-2.109240770339966,0.976029098033905
139264,68,137216,0.00021767039999999997,2048,64,320,10,False,-0.0018649278754310217,0.006075099879672053,1.5026561994105578,0.0033927983226021753,0.018603515625,0.5889203985920176,-0.006262335926294327,0.16387923061847687,-2.0842127799987793,0.9745111465454102
141312,69,139264,0.00021644159999999998,2048,64,320,10,False,-0.0024886568920919673,0.008494751641774202,1.518264528363943,0.0037414899765281008,0.021337890625,0.6702938776928932,-0.0048802699893713,0.17039193212985992,-2.123223066329956,0.9560608863830566
143360,70,141312,0.00021521279999999997,2048,64,320,10,False,6.673673706245609e-05,0.005844751984295726,1.5148832868784665,0.0020655044907471167,0.00361328125,0.5737533974694088,-0.013439824804663658,0.15462535619735718,-2.1228444576263428,0.9762457013130188
145408,71,143360,0.000213984,2048,64,320,10,False,-0.009154233022127301,0.028230901712959167,1.434218966960907,0.010943976650014519,0.11103515625,0.6911615806631743,0.10018394887447357,0.3028099834918976,-1.9999198913574219,0.8446251153945923
147456,72,145408,0.0002127552,2048,64,320,10,False,-0.005770245348685421,0.00831755175422586,1.3565539821982384,0.00993636686471291,0.076416015625,0.6924837378552183,-0.010387621819972992,0.19092430174350739,-2.0415005683898926,0.9640592336654663
149504,73,147456,0.00021152639999999997,2048,64,320,10,False,-0.006400186764949467,0.011667502469208557,1.374856996536255,0.012467755249235778,0.077294921875,0.6923837239854038,-0.01790446974337101,0.21318553388118744,-1.9515129327774048,0.9471471905708313
151552,74,149504,0.0002102976,2048,64,320,10,False,-0.003302627416269388,0.009950100460991962,1.3368739504367113,0.008769552322337403,0.04365234375,0.6531976183410734,0.010648446157574654,0.19402046501636505,-2.1983377933502197,0.9488843679428101
153600,75,151552,0.00020906879999999997,2048,64,320,10,False,-0.002672471318510361,0.017768508942390328,1.3195834033191205,0.005887770288973115,0.037158203125,0.6705996251199394,0.0435139462351799,0.24575142562389374,-2.1830830574035645,0.9236248135566711
155648,76,153600,0.00020784000000000002,2048,64,320,10,False,-0.006926885012944695,0.014054834755370393,1.3284708578139544,0.011641497132950462,0.082177734375,0.7136067580897361,0.06309894472360611,0.23664245009422302,-2.030317783355713,0.9431339502334595
157696,77,155648,0.00020661119999999998,2048,64,320,10,False,-0.002328638426843099,0.009344262444938068,1.3558588542044163,0.007482163360691629,0.027685546875,0.7407848549075424,0.02445283718407154,0.2006862908601761,-1.9659957885742188,0.9623235464096069
159744,78,157696,0.0002053824,2048,64,320,10,False,-0.001998993144661654,0.008617113417130895,1.390715229138732,0.005665749526815489,0.033349609375,0.6932509076315909,0.03822558745741844,0.19708947837352753,-2.0367493629455566,0.9622795581817627
161792,79,159744,0.00020415359999999998,2048,64,320,10,False,-0.0012808293613488786,0.006825392569589894,1.37509645819664,0.0020870054606348274,0.01728515625,0.6899636659771204,0.014366966672241688,0.17809465527534485,-2.133664846420288,0.9654958844184875
163840,80,161792,0.0002029248,2048,64,320,10,False,-0.004147046021535062,0.008721986589807783,1.3312415108084679,0.008426799869630486,0.061376953125,0.6379430434200912,0.01120351068675518,0.1802344024181366,-2.182845115661621,0.9679083824157715
165888,81,163840,0.000201696,2048,64,320,10,False,-0.004393835720838979,0.009189457139291335,1.3190760400146246,0.00751001801691018,0.04462890625,0.7041633881628513,0.03713306039571762,0.1936381310224533,-2.0812788009643555,0.9578679203987122
167936,82,165888,0.00020046719999999995,2048,64,320,10,False,-0.0035222972292103805,0.012671047454932704,1.3534175604581833,0.009551141379051841,0.042529296875,0.6648680664831772,0.03974754363298416,0.2172626554965973,-2.0497360229492188,0.9582550525665283
169984,83,167936,0.0001992384,2048,64,320,10,False,-0.003559831350139575,0.01310025099737686,1.3826831109821796,0.004586097807623446,0.042626953125,0.6908803312107921,0.05845634639263153,0.22683727741241455,-2.066692352294922,0.9686560034751892
172032,84,169984,0.00019800959999999995,2048,64,320,10,False,-0.0026525040302658454,0.007378036299633095,1.4119817156344652,0.0076339536812156435,0.033984375,0.6746612354647368,-0.0013729631900787354,0.18635213375091553,-2.1675705909729004,0.9724428653717041
174080,85,172032,0.0001967808,2048,64,320,10,False,-1.9051076378673314e-07,0.005027723273633456,1.4455409444868565,0.0012497564195655287,0.00830078125,0.6669647906441242,-0.009487071074545383,0.14153531193733215,-2.3423829078674316,0.9859243631362915
176128,86,174080,0.000195552,2048,64,320,10,False,-0.0032186142205318903,0.010013236237864476,1.3929415453225373,0.007619771824101918,0.04501953125,0.6394512916915118,0.029449589550495148,0.19950130581855774,-2.088610887527466,0.9536817073822021
178176,87,176128,0.00019432319999999998,2048,64,320,10,False,-0.004701671571820043,0.013109239942787098,1.3469939149916172,0.007210293808020652,0.065478515625,0.6866565402131528,0.022518254816532135,0.2184642106294632,-2.186833143234253,0.9481249451637268
180224,88,178176,0.0001930944,2048,64,320,10,False,-0.002192716533318162,0.007078039041516604,1.2859960213303565,0.0065352280857041475,0.03115234375,0.658791530597955,-0.012323545292019844,0.16725507378578186,-2.3152031898498535,0.9705225825309753
182272,89,180224,0.00019186559999999998,2048,64,320,10,False,-0.00653382121672621,0.007978795030430775,1.2721385702490806,0.01291292157548014,0.080224609375,0.7571652501821518,-0.03484928980469704,0.1870175302028656,-2.036069631576538,0.9630988836288452
184320,90,182272,0.0001906368,2048,64,320,10,False,-0.0012616086067282594,0.009674559408813366,1.2751882061362267,0.004353771777823567,0.01875,0.6520701561821625,0.020257068797945976,0.19886735081672668,-2.165555953979492,0.9607625603675842
186368,91,184320,0.00018940799999999996,2048,64,320,10,False,-0.006340798828750849,0.007471474387057242,1.231805704906583,0.011629002873087302,0.062158203125,0.6919533647596836,0.013209071010351181,0.17232440412044525,-2.2248940467834473,0.9661744832992554
188416,92,186368,0.0001881792,2048,64,320,10,False,-0.002897661752649583,0.00870124280154414,1.1912584867328406,0.006768479978200048,0.052490234375,0.6280474378261716,0.012917110696434975,0.1749117523431778,-2.3185436725616455,0.9664302468299866
190464,93,188416,0.00018695039999999996,2048,64,320,10,False,-0.0007692145354667446,0.00894305953879666,1.1944812692701816,0.002514442621031776,0.006396484375,0.7407720255898311,0.0165205467492342,0.1796533316373825,-2.2386960983276367,0.9663184881210327
192512,94,190464,0.0001857216,2048,64,320,10,False,-0.0020049509053933433,0.01209680638203281,1.171216833218932,0.0037072953971801327,0.0138671875,0.8148750312160701,0.054545808583498,0.21387431025505066,-2.213682174682617,0.9554682970046997
194560,95,192512,0.00018449279999999997,2048,64,320,10,False,-0.002417719442746602,0.014735383067454677,1.1823492646217346,0.008036210390855558,0.033642578125,0.7854655836243183,0.10458958148956299,0.22697553038597107,-2.234668254852295,0.9394910335540771
196608,96,194560,0.00018326399999999999,2048,64,320,10,False,-0.0015740042537800037,0.009292313134210417,1.1953585907816886,0.006443071193643846,0.014013671875,0.7724245631834492,0.049956172704696655,0.18919727206230164,-2.160581111907959,0.9797353744506836
198656,97,196608,0.00018203519999999997,2048,64,320,10,False,-0.007306137324485462,0.012273179177282146,1.1448002617806197,0.008371098912903108,0.085302734375,0.7177892017643899,0.04254480078816414,0.21549567580223083,-2.246873140335083,0.9513213634490967
200704,98,198656,0.0001808064,2048,64,320,10,False,-0.0015633242939657066,0.007625520773217431,1.209332237392664,0.002804669050965458,0.022705078125,0.772105896868743,0.018269045278429985,0.18862374126911163,-2.1514341831207275,0.9730018377304077
202752,99,200704,0.00017957759999999998,2048,64,320,10,False,-0.006836433141143061,0.006535551538763684,1.1985132910311223,0.010461384378140792,0.072265625,0.7850345130544156,0.02210446447134018,0.16713857650756836,-2.237492084503174,0.9821093678474426
204800,100,202752,0.0001783488,2048,64,320,10,False,-0.0069680935092037545,0.013390189909841865,1.1631651483476162,0.013318475376581772,0.08818359375,0.8155498461797833,0.062224097549915314,0.23340904712677002,-2.184042453765869,0.9340493083000183
206848,101,204800,0.00017711999999999998,2048,64,320,10,False,-0.0035841416218318047,0.009940528721926967,1.2006532587110996,0.009098675262066536,0.038671875,0.7629039154155179,0.02752215415239334,0.20695845782756805,-2.1065635681152344,0.9397974610328674
208896,102,206848,0.00017589119999999997,2048,64,320,10,False,-0.00287018929811893,0.014267067117179977,1.2149934686720372,0.004036307526985183,0.023486328125,0.7773193289060145,0.08054903149604797,0.22955010831356049,-2.156447410583496,0.9511672854423523
210944,103,208896,0.0001746624,2048,64,320,10,False,-0.002480715796991717,0.021503319856128654,1.2357933796942233,0.0037099540728377177,0.02626953125,0.7198227520799264,0.07970640063285828,0.2695730924606323,-2.1052424907684326,0.9044033885002136
212992,104,210944,0.00017343359999999998,2048,64,320,10,False,-0.008644184369040886,0.011833952046436025,1.269958596676588,0.014758915643324145,0.123779296875,0.841966041433625,0.031803764402866364,0.21104039251804352,-2.181246757507324,0.9369374513626099
215040,105,212992,0.00017220480000000002,2048,64,320,10,False,-0.001626647770171985,0.01256928853399586,1.298571092635393,0.004862342277192511,0.01640625,0.7070108416955918,0.017723992466926575,0.22609256207942963,-1.9847815036773682,0.9593878984451294
217088,106,215040,0.00017097599999999998,2048,64,320,10,False,-0.003266923170303926,0.005721720104338602,1.2466654092073441,0.005354231887031347,0.044677734375,0.63420167833101,0.004326406866312027,0.16397425532341003,-2.1921727657318115,0.977502703666687
219136,107,217088,0.00016974719999999997,2048,64,320,10,False,-0.0007698666013311595,0.016255946933233643,1.1907459996640681,0.0028478145133703945,0.012890625,0.6970669252797961,0.05603546276688576,0.23653559386730194,-2.1614224910736084,0.9325177669525146
221184,108,219136,0.0001685184,2048,64,320,10,False,-0.001871003141059191,0.011482524902385194,1.1746419135481119,0.001699502975679934,0.0138671875,0.7528058051364497,0.012307713739573956,0.2207842618227005,-2.0314340591430664,0.9457988739013672
223232,109,221184,0.00016728959999999998,2048,64,320,10,False,-0.006058255217794795,0.006208073035668349,1.199979030713439,0.009440498775802553,0.08388671875,0.8625870141200721,-0.017799880355596542,0.17048493027687073,-2.210249185562134,0.9713522791862488
225280,110,223232,0.0001660608,2048,64,320,10,False,-0.0022312469278404023,0.006801959924268885,1.1801023334264755,0.002047992148436606,0.026904296875,0.6660806400235743,-0.00504353828728199,0.1628223955631256,-2.1169252395629883,0.9752230048179626
227328,111,225280,0.00016483199999999996,2048,64,320,10,False,-0.0026858604061999357,0.007649474157369695,1.1886751983314752,0.006513784729759209,0.02861328125,0.706613915762864,0.047269970178604126,0.18370655179023743,-2.016277551651001,0.9701424241065979
229376,112,227328,0.0001636032,2048,64,320,10,False,-0.0026166123265284114,0.009398692750983173,1.2149651966989041,0.005252490419661626,0.028125,0.7125592803815379,0.03901044279336929,0.20014488697052002,-2.0704751014709473,0.9569671154022217
231424,113,229376,0.00016237439999999996,2048,64,320,10,False,-0.0022983642797044014,0.016444086325645913,1.258914439380169,0.0021695799223380163,0.019287109375,0.7436674443539232,0.06527337431907654,0.2466721087694168,-2.0538525581359863,0.9159964323043823
233472,114,231424,0.0001611456,2048,64,320,10,False,-0.0025953145188395864,0.025801012222655118,1.208931003883481,0.00653949449188076,0.015966796875,0.678898382675834,0.1090979129076004,0.2941518723964691,-1.9684319496154785,0.8909550905227661
235520,115,233472,0.00015991679999999997,2048,64,320,10,False,-0.0013108964005368762,0.012079150865611154,1.1445066608488559,0.0043843984050909056,0.020703125,0.7127078838646412,0.015010189265012741,0.2373901754617691,-1.9827303886413574,0.9423463940620422
237568,116,235520,0.00015868799999999998,2048,64,320,10,False,-0.006665584038273664,0.02111662949901074,1.1344626050442457,0.008848549908725545,0.081787109375,0.8126376603031531,0.05235574394464493,0.2770272195339203,-1.9875136613845825,0.8936798572540283
239616,117,237568,0.0001574592,2048,64,320,10,False,-0.006564781040651724,0.013423290645005182,1.1390161756426096,0.012074762812699192,0.072509765625,0.7144461438059807,0.0419059693813324,0.2420046478509903,-1.9299826622009277,0.9428334832191467
241664,118,239616,0.0001562304,2048,64,320,10,False,-0.002100172833161196,0.012273373230709695,1.1607316747307777,0.0061004803807009015,0.0158203125,0.8005672703497112,0.008257757872343063,0.21841961145401,-1.9787415266036987,0.950990617275238
243712,119,241664,0.0001550016,2048,64,320,10,False,-0.001107382257032441,0.006701694010916981,1.1423133090138435,0.002126292861066759,0.0080078125,0.7529732497176156,-0.006778033450245857,0.18342913687229156,-2.1366636753082275,0.9680719375610352
245760,120,243712,0.00015377279999999997,2048,64,320,10,False,-0.0025544243093463593,0.009211649995995686,1.1295174539089203,0.0015587667468935252,0.0216796875,0.8026927034370601,0.021586408838629723,0.20469439029693604,-2.059220314025879,0.9599166512489319
247808,121,245760,0.000152544,2048,64,320,10,False,-0.002797149689286016,0.01032203898212174,1.1779379170387982,0.008744037736323661,0.0228515625,0.7091345127904788,0.046016789972782135,0.212204247713089,-2.1378726959228516,0.9492684602737427
249856,122,247808,0.00015131519999999997,2048,64,320,10,False,-0.0036835181090282276,0.007344142252622987,1.1221460331231357,0.009909723119926639,0.044580078125,0.7086490154033527,-0.0007038501207716763,0.18037423491477966,-2.0763723850250244,0.9762216210365295
251904,123,249856,0.00015008640000000001,2048,64,320,10,False,-5.001296012778767e-05,0.007364007585783839,1.1710274927318096,0.00228124980640132,0.016015625,0.7667095217853784,0.023713652044534683,0.1779409795999527,-2.129833936691284,0.9627397060394287
253952,124,251904,0.00014885759999999998,2048,64,320,10,False,-0.0023667394314543346,0.011023822392962757,1.180554788187146,0.006318452212144621,0.022412109375,0.771457422664389,0.0091336565092206,0.2091836780309677,-2.2108352184295654,0.9510207772254944
256000,125,253952,0.0001476288,2048,64,320,10,False,-0.00521997697869665,0.007765357687458163,1.1593440245836972,0.011470583570189773,0.0501953125,0.7686465612147003,0.03576260060071945,0.18182213604450226,-2.2488110065460205,0.9691813588142395
258048,126,256000,0.00014639999999999998,2048,64,320,10,False,-0.0022871099863550626,0.010196694317346554,1.1026002813130618,0.004930795895052143,0.01552734375,0.7129816917004064,0.02461329475045204,0.19933952391147614,-2.134449005126953,0.951535701751709
260096,127,258048,0.0001451712,2048,64,320,10,False,-0.0019304375528008677,0.005836930162695353,1.0632812771946192,0.003633965813787654,0.02451171875,0.7214465423487126,0.028890129178762436,0.1539885252714157,-2.2959349155426025,0.9689694046974182
262144,128,260096,0.00014394239999999999,2048,64,320,10,False,-0.0020421615699888207,0.007026686824974604,1.0914619617164134,0.001468564145034179,0.02275390625,0.7491020130226389,0.022623419761657715,0.16298092901706696,-2.1140928268432617,0.9787397384643555
264192,129,262144,0.0001427136,2048,64,320,10,False,-0.006426861244835891,0.007812502717206371,1.1312002759426831,0.01030356767878402,0.068798828125,0.8227775534847751,0.037037838250398636,0.1771627813577652,-2.251474618911743,0.9710729122161865
266240,130,264192,0.0001414848,2048,64,320,10,False,-0.007000269982381724,0.009624664459988708,1.0980767339468003,0.012867325494880788,0.087548828125,0.8009314954280853,0.03798844292759895,0.2000960260629654,-2.0351290702819824,0.9397700428962708
268288,131,266240,0.000140256,2048,64,320,10,False,-0.004270585816993844,0.004850058876763796,1.0025179754942655,0.01047983393946197,0.041552734375,0.7215901805320755,0.006179767195135355,0.15284878015518188,-2.1990184783935547,0.9799555540084839
270336,132,268288,0.00013902719999999997,2048,64,320,10,False,-0.006600634823553264,0.0044849842948679,1.0720823224633933,0.0089156441797968,0.10068359375,0.7699837126769126,-0.013817130587995052,0.13131394982337952,-2.215472936630249,0.9825636148452759
272384,133,270336,0.00013779839999999998,2048,64,320,10,False,-0.00287987403862644,0.011832991566552663,1.1233302246779204,0.0048820582422195,0.016015625,0.8209592446917668,0.061401087790727615,0.20379233360290527,-2.1619105339050293,0.9434950351715088
274432,134,272384,0.00013656959999999997,2048,64,320,10,False,-0.0013103129909723065,0.0040714785893214865,1.1380040124058723,0.0033324300457024947,0.009033203125,0.7917199671734124,-0.01211283914744854,0.1344950795173645,-2.2521321773529053,0.9817949533462524
276480,135,274432,0.0001353408,2048,64,320,10,False,-0.0026862197002628816,0.005010352449608036,1.0903368156403304,0.00498483857663814,0.03662109375,0.6903469887794926,0.0018170480616390705,0.13474830985069275,-2.2477612495422363,0.9773936867713928
278528,136,276480,0.00013411199999999998,2048,64,320,10,False,-0.002102611651935149,0.009012184023231385,1.1153328225016594,0.003581015011877753,0.013818359375,0.7516140362014994,0.03879747912287712,0.18779419362545013,-2.207123041152954,0.9645116925239563
280576,137,278528,0.0001328832,2048,64,320,10,False,-0.001124848502513487,0.006319682832690887,1.0334518356248736,0.002001303166616708,0.012060546875,0.7392168033169583,-0.0068089310079813,0.1578783243894577,-2.332040786743164,0.9741881489753723
282624,138,280576,0.00013165439999999998,2048,64,320,10,False,-0.0032121663687576076,0.006928555604463327,1.03091370370239,0.003720400625024922,0.0279296875,0.7883278855122626,-0.0063251168467104435,0.1611461043357849,-2.1313095092773438,0.9693167209625244
284672,139,282624,0.0001304256,2048,64,320,10,False,-0.0017831153978477231,0.00809585536335362,1.0670221576467156,0.005518692979239859,0.03369140625,0.7769788880134001,0.013241099193692207,0.17175503075122833,-2.14200758934021,0.9593910574913025
286720,140,284672,0.0001291968,2048,64,320,10,False,-0.006545419013127685,0.010664645896758885,1.1490653071552515,0.009353523707250132,0.07197265625,0.8310972871724516,0.022195925936102867,0.20815713703632355,-2.1145966053009033,0.9540097713470459
288768,141,286720,0.000127968,2048,64,320,10,False,-0.005898986960528418,0.009209500627912348,1.21052436940372,0.010915991256479175,0.063037109375,0.7783012980595231,0.020995933562517166,0.19324132800102234,-2.281057119369507,0.958107590675354
290816,142,288768,0.00012673919999999997,2048,64,320,10,False,-0.0021604935776849744,0.00803149987514189,1.1872499343007803,0.0014234294620109722,0.018701171875,0.7255705032963305,-0.0014504686696454883,0.19641616940498352,-2.1183414459228516,0.9710508584976196
292864,143,290816,0.00012551039999999998,2048,64,320,10,False,-0.0023648947651963683,0.013366596511332318,1.2404448214918375,0.001638465130236,0.0251953125,0.7623762398026883,0.0690513551235199,0.2334761917591095,-2.1093244552612305,0.9354369044303894
294912,144,292864,0.00012428159999999997,2048,64,320,10,False,-0.0018753474098048173,0.010941827812348492,1.2416080977767705,0.002305002370849252,0.01142578125,0.7790224344003945,0.07489883899688721,0.20606684684753418,-2.2249629497528076,0.9507499933242798
296960,145,294912,0.0001230528,2048,64,320,10,False,-0.00915941445127828,0.00938688145033666,1.2497028548270463,0.013313879200723022,0.103369140625,0.7756230671657249,0.03464922681450844,0.20710141956806183,-1.935450792312622,0.9684633612632751
299008,146,296960,0.00012182399999999999,2048,64,320,10,False,-0.00309928881470114,0.009611680788657396,1.2893175609409808,0.0025281921843998134,0.0375,0.7238214174052701,0.016567396000027657,0.20229685306549072,-2.090588092803955,0.9620058536529541
301056,147,299008,0.0001205952,2048,64,320,10,False,-0.0047413301428605335,0.013198587648730609,1.2889685332775116,0.008947712153894827,0.0443359375,0.7624358544126153,0.05659682676196098,0.21849454939365387,-2.244032382965088,0.9376983642578125
303104,148,301056,0.0001193664,2048,64,320,10,False,-0.004884559581114445,0.012352086287137354,1.3112808991223575,0.007880642471718602,0.030712890625,0.7229867595713586,0.024903438985347748,0.237201988697052,-2.0533981323242188,0.9301866292953491
305152,149,303104,0.0001181376,2048,64,320,10,False,-0.0034570551943033934,0.00641354235849576,1.304887192323804,0.005127396117313765,0.01630859375,0.6218852327205241,-0.002655397867783904,0.16614988446235657,-2.1962194442749023,0.973558247089386
307200,150,305152,0.0001169088,2048,64,320,10,False,-0.0022505918866954746,0.013928424249752425,1.3241185784339904,0.003532580006867647,0.007568359375,0.7162548603489995,0.06860056519508362,0.22530293464660645,-2.0871894359588623,0.9547682404518127
309248,151,307200,0.00011568,2048,64,320,10,False,-0.004103110110736452,0.010815929602540564,1.3765551943331957,0.005607171112205833,0.03544921875,0.7589547779178247,0.027599183842539787,0.20413023233413696,-2.250000476837158,0.955133318901062
311296,152,309248,0.00011445119999999998,2048,64,320,10,False,-0.004821854823967442,0.010068282398424343,1.3807091321796179,0.008149132700054906,0.02841796875,0.7004279838409275,0.04355292767286301,0.20974908769130707,-2.1582655906677246,0.9585666656494141
313344,153,311296,0.00011322239999999998,2048,64,320,10,False,-0.0025018898260896092,0.011968793548294342,1.3441279165446758,0.003520302416291088,0.026806640625,0.6770169328898191,0.02162608690559864,0.21997931599617004,-2.11326265335083,0.9360551238059998
315392,154,313344,0.00011199359999999998,2048,64,320,10,False,-0.0025037853338290006,0.008959926270108554,1.343574794754386,0.002503003997844644,0.00546875,0.7509310316760093,0.0050920117646455765,0.1920497864484787,-2.1251795291900635,0.9596409797668457
317440,155,315392,0.00011076479999999999,2048,64,320,10,False,-0.0018842646059056278,0.007328127265645889,1.2899594902992249,0.003202048235107213,0.007421875,0.6894482229603455,0.04647410660982132,0.173605814576149,-2.214963674545288,0.9672868251800537
319488,156,317440,0.00010953599999999999,2048,64,320,10,False,-0.0008201842902053613,0.00786442823427933,1.276746205240488,0.0024981518450658768,0.0,0.6772710569668561,0.009216624312102795,0.17206189036369324,-2.2902400493621826,0.961750864982605
321536,157,319488,0.00010830719999999999,2048,64,320,10,False,-0.004029896040447056,0.006655683120698086,1.296949840337038,0.002204266522312537,0.026416015625,0.7175677516264841,0.01750568300485611,0.16605708003044128,-2.1786696910858154,0.9694622159004211
323584,158,321536,0.0001070784,2048,64,320,10,False,-0.0012702868501946797,0.01265654808448744,1.2897662490606308,0.0018801012920448557,0.0046875,0.6926112561021001,0.061718590557575226,0.21368907392024994,-2.150750160217285,0.9497901201248169
325632,159,323584,0.0001058496,2048,64,320,10,False,-0.005393073503364576,0.006582003062794684,1.1895973671227693,0.007109870537533425,0.048828125,0.7178319607162849,0.02518666908144951,0.16379618644714355,-2.1076362133026123,0.9734709858894348
327680,160,325632,0.0001046208,2048,64,320,10,False,-0.0055387940403306855,0.005668545453590923,1.2581765826791524,0.010522056830814109,0.063720703125,0.7043086446821689,0.0038691607769578695,0.15828463435173035,-2.0665464401245117,0.9798962473869324
329728,161,327680,0.00010339199999999998,2048,64,320,10,False,-0.0052788168366532775,0.017720827461744193,1.3270885065197944,0.008939390562591142,0.0376953125,0.7146390252513811,0.09390730410814285,0.24803651869297028,-2.1271109580993652,0.9070026874542236
331776,162,329728,0.00010216319999999998,2048,64,320,10,False,-0.003279308375203982,0.015752525805146432,1.3490650583058597,0.0023873374884715304,0.021240234375,0.7633438503136858,0.05534946173429489,0.24415865540504456,-2.000687599182129,0.9470910429954529
333824,163,331776,0.00010093439999999998,2048,64,320,10,False,-0.008317321859067306,0.00597306785712135,1.3198233757168054,0.010842474820674398,0.077099609375,0.705468210321851,0.002492855302989483,0.17426280677318573,-2.025554895401001,0.9724048376083374
335872,164,333824,9.970559999999998e-05,2048,64,320,10,False,-0.0038162669465236832,0.006003141921610222,1.3646593689918518,0.003067110132542439,0.03427734375,0.6882004185114056,-0.0072975121438503265,0.1622292846441269,-1.8885303735733032,0.9800934791564941
337920,165,335872,9.847679999999999e-05,2048,64,320,10,False,-0.0009163536982669029,0.008275237155612559,1.4059609550982715,0.002974563167663291,0.010888671875,0.6465722696390003,-0.01661212183535099,0.2015502154827118,-2.043931484222412,0.9635524153709412
339968,166,337920,9.724799999999999e-05,2048,64,320,10,False,-0.004554517426004168,0.008192104173940607,1.4613082382827998,0.004985621417290531,0.04130859375,0.6585554339922964,0.0021100076846778393,0.18203221261501312,-2.2199900150299072,0.9601107835769653
342016,167,339968,9.601919999999999e-05,2048,64,320,10,False,-0.004466508801851887,0.011869061790639535,1.4825887985527515,0.0059546431672060866,0.015185546875,0.6744999021524564,0.047990582883358,0.2212676852941513,-2.0382144451141357,0.9401005506515503
344064,168,342016,9.47904e-05,2048,64,320,10,False,-0.0015888980695308419,0.010368896962609142,1.4544500205665827,0.0025761707947822288,0.012158203125,0.6364698266843334,-0.011057405732572079,0.21836403012275696,-2.0742123126983643,0.9423189759254456
346112,169,344064,9.356160000000001e-05,2048,64,320,10,False,-0.0004991931731638033,0.008708087875129422,1.427956797927618,0.0007566283806227147,0.002685546875,0.6790252247825265,-0.005880345124751329,0.20008501410484314,-2.0437538623809814,0.9467234015464783
348160,170,346112,9.233280000000001e-05,2048,64,320,10,False,-0.0011054635571781546,0.013150407814100618,1.3870832588523627,0.0024082907271804287,0.0,0.6524424551986158,0.028265081346035004,0.2242586612701416,-2.0349385738372803,0.9421465992927551
350208,171,348160,9.110399999999997e-05,2048,64,320,10,False,-0.004423871375911404,0.00852232383476803,1.4303091417998075,0.008205413550604135,0.039111328125,0.66096024538856,-0.021746192127466202,0.19054290652275085,-2.1177759170532227,0.9520443081855774
352256,172,350208,8.987519999999998e-05,2048,64,320,10,False,-0.002612636744743213,0.009896535202278756,1.4652218148112297,0.002753029382438399,0.020068359375,0.658796644443646,0.02935280092060566,0.21415749192237854,-2.158639430999756,0.9466196894645691
354304,173,352256,8.864639999999998e-05,2048,64,320,10,False,-0.0009216118611220736,0.020688326583331217,1.4760652456432581,0.0011226148926652968,0.0,0.591418918594718,0.04893484339118004,0.26733091473579407,-2.1515440940856934,0.8863000869750977
356352,174,354304,8.741759999999998e-05,2048,64,320,10,False,-0.004599646192218643,0.009308284414146328,1.431357041373849,0.005465638599707745,0.019384765625,0.6554061131551862,0.025590892881155014,0.18781641125679016,-2.1454994678497314,0.9543586373329163
358400,175,356352,8.61888e-05,2048,64,320,10,False,-0.0014953785139368847,0.00801915986739914,1.4545435931533575,0.0016028048965381458,0.01552734375,0.6973373028915375,0.03199324384331703,0.18315871059894562,-2.1369495391845703,0.9549873471260071
360448,176,358400,8.496e-05,2048,64,320,10,False,-0.002819550826825434,0.016602454739040696,1.4003668893128633,0.004710111068561673,0.023046875,0.6464921442326158,0.06872136890888214,0.25044384598731995,-2.069671630859375,0.9152033925056458
362496,177,360448,8.37312e-05,2048,64,320,10,False,-0.006804250087589026,0.012897051962499972,1.3834531020373106,0.0072388408181723206,0.04296875,0.6832018837099895,0.01076511014252901,0.22153303027153015,-2.051814317703247,0.9397343397140503
364544,178,362496,8.25024e-05,2048,64,320,10,False,-0.0006585118455404882,0.009595279491622932,1.3622017752379179,0.0008320852502947673,0.001220703125,0.6859632324893028,0.018954694271087646,0.19283615052700043,-2.007046937942505,0.9598907232284546
366592,179,364544,8.127360000000001e-05,2048,64,320,10,False,-0.001413994813356112,0.010051771500729955,1.3198352113366127,0.0028704510885290803,0.00439453125,0.6747075149090961,0.013320268131792545,0.2101106345653534,-2.0658934116363525,0.949213445186615
368640,180,366592,8.004480000000001e-05,2048,64,320,10,False,-0.0043999429966788735,0.013602130828076042,1.2459793996065855,0.005863590730587021,0.033837890625,0.6658312269486487,0.05283450335264206,0.2334415316581726,-1.933294415473938,0.9409927725791931
370688,181,368640,7.881599999999999e-05,2048,64,320,10,False,-0.00741329522425076,0.0070978009611280864,1.2588504411280155,0.009200368952588179,0.048828125,0.7705303322989494,-0.01726393960416317,0.17446039617061615,-2.014671802520752,0.9743188619613647
372736,182,370688,7.758719999999999e-05,2048,64,320,10,False,-0.002175129584793467,0.005943423191638431,1.3078865617513658,0.0032942915946478023,0.0306640625,0.7633579125860706,-0.0066834185272455215,0.169449120759964,-2.110865354537964,0.9751918315887451
374784,183,372736,7.635839999999999e-05,2048,64,320,10,False,-0.005743690589588369,0.010391458376398077,1.2934014815837145,0.005367400703835301,0.05048828125,0.7172051879111677,0.03647124767303467,0.2096698135137558,-2.2068896293640137,0.9438360929489136
376832,184,374784,7.512959999999999e-05,2048,64,320,10,False,-0.00333126603072742,0.020678680724086008,1.261705244332552,0.004974148434121162,0.01728515625,0.7088452686788514,0.06795109808444977,0.26515960693359375,-2.113379955291748,0.8981696963310242
378880,185,376832,7.39008e-05,2048,64,320,10,False,-0.00900707564142067,0.007147795147830038,1.1983967266976834,0.009307022707071155,0.071630859375,0.7738849642919376,0.03225003555417061,0.17883539199829102,-2.0435080528259277,0.9743561744689941
380928,186,378880,7.2672e-05,2048,64,320,10,False,-0.006813246810634155,0.0057170773470716085,1.1573451913893222,0.009713313938118518,0.032666015625,0.7353202470578253,-0.015014315955340862,0.16342628002166748,-2.0515897274017334,0.9765438437461853
382976,187,380928,7.14432e-05,2048,64,320,10,False,-0.0016223017017182428,0.009438986794702942,1.1766631945967674,0.0022274130576988684,0.015966796875,0.7911125915357843,0.012479820288717747,0.19445636868476868,-2.004662036895752,0.9544885158538818
385024,188,382976,7.02144e-05,2048,64,320,10,False,-0.0037507121851376723,0.014189938771596643,1.1856007389724255,0.005683584924554452,0.04375,0.739417368452996,0.011212220415472984,0.2304433286190033,-2.008737802505493,0.928765594959259
387072,189,385024,6.89856e-05,2048,64,320,10,False,-0.0014051392608962487,0.01518784483341733,1.2070260498672725,0.0009371736290631816,0.014794921875,0.7871741727460175,0.059113409370183945,0.23629193007946014,-2.041785717010498,0.9205158948898315
389120,190,387072,6.775679999999998e-05,2048,64,320,10,False,-0.003478155290213181,0.012467202938205446,1.2126345664262772,0.004684887014445849,0.002197265625,0.7300066805677489,0.017910528928041458,0.22335362434387207,-1.944919466972351,0.9526458382606506
391168,191,389120,6.652799999999998e-05,2048,64,320,10,False,-0.00040597635743324647,0.010387590137179359,1.2321995187550783,0.0010765500599518418,0.001513671875,0.7110589641844853,0.0014376314356923103,0.2045566588640213,-2.108166456222534,0.9531923532485962
393216,192,391168,6.529919999999999e-05,2048,64,320,10,False,-0.0019464839351712726,0.005550917088112328,1.2116374608129263,0.002370861789677292,0.012451171875,0.7327669491991401,-0.013349104672670364,0.1523011028766632,-2.2416529655456543,0.9696160554885864
395264,193,393216,6.407039999999999e-05,2048,64,320,10,False,-0.0027056702121626584,0.011509424879477592,1.1675510384142398,0.0035600506234914064,0.002880859375,0.737206521385815,0.010764934122562408,0.20921504497528076,-2.1097748279571533,0.9438492655754089
397312,194,395264,6.284159999999999e-05,2048,64,320,10,False,-0.001986215623037424,0.003730547802115325,1.185451602935791,0.0021392543596448375,0.011083984375,0.7681596200913191,-0.02413620427250862,0.11552270501852036,-2.131598472595215,0.9841015338897705
399360,195,397312,6.16128e-05,2048,64,320,10,False,-0.00031094114383449777,0.004290162276265619,1.2219243504106998,0.0007632181863300502,0.0009765625,0.7051362491212785,-0.019798628985881805,0.13459078967571259,-2.215162515640259,0.976014256477356
401408,196,399360,6.0383999999999996e-05,2048,64,320,10,False,-0.004505258535209578,0.011689990444574505,1.2283152494579554,0.004883678429177962,0.0314453125,0.6740869370289146,0.04423835128545761,0.20277372002601624,-2.130782127380371,0.9622946381568909
403456,197,401408,5.9155200000000006e-05,2048,64,320,10,False,-0.0010186163199250586,0.005740952906489838,1.2215862676501275,0.0006320811429759487,0.0,0.7820788601879031,-0.012671428732573986,0.15540409088134766,-2.110405206680298,0.9783784747123718
405504,198,403456,5.792640000000001e-05,2048,64,320,10,False,-0.000601657808147138,0.010004113136528759,1.203704697266221,0.00040803383744787426,0.0,0.7097537008812651,0.018504954874515533,0.19599364697933197,-2.1096689701080322,0.9463534355163574
407552,199,405504,5.669760000000001e-05,2048,64,320,10,False,-0.0017983707642997616,0.010958309195848415,1.1890372108668088,0.0016589880513492971,0.0029296875,0.6912530374713242,0.05221621319651604,0.20295222103595734,-2.0967423915863037,0.936673104763031
409600,200,407552,5.546879999999998e-05,2048,64,320,10,False,-0.003317702594358707,0.017453863044647733,1.2178549211472274,0.004917243815725669,0.006396484375,0.7922118319198489,0.09686779975891113,0.24640634655952454,-2.0279252529144287,0.9222580194473267
411648,201,409600,5.423999999999998e-05,2048,64,320,10,False,-0.0008658879720314872,0.017234119193744846,1.2563889224082232,0.0010780727840028702,0.008447265625,0.7525222588796169,0.08206988871097565,0.25210756063461304,-2.0794601440429688,0.8881921768188477
413696,202,411648,5.3011199999999985e-05,2048,64,320,10,False,-0.0017816969972045626,0.020955131875234657,1.2211701784282922,0.0016586826590355487,0.008935546875,0.6918366342317313,0.055316075682640076,0.275556743144989,-1.9439135789871216,0.9177675247192383
415744,203,413696,5.178239999999999e-05,2048,64,320,10,False,-0.0006872227175335865,0.012283194842166268,1.1904807310551404,0.0010355267586419359,0.0,0.7194452349562198,0.023708447813987732,0.22095246613025665,-2.024437427520752,0.9501217603683472
417792,204,415744,5.0553599999999997e-05,2048,64,320,10,False,-0.005977435391832842,0.00668047445215052,1.1507737711071968,0.006956815821467899,0.050244140625,0.7918217729777097,-0.04155995324254036,0.1642134189605713,-2.097306966781616,0.9611988663673401
419840,205,417792,4.93248e-05,2048,64,320,10,False,-0.0029369779011176435,0.013258202865472413,1.1825845915824176,0.0019810105877695605,0.011083984375,0.8192559919320047,0.006834682077169418,0.21852757036685944,-2.1177797317504883,0.9174766540527344
421888,206,419840,4.8096e-05,2048,64,320,10,False,-0.0021984998595144132,0.0039122223282902265,1.2260689239948988,0.0018353940191445871,0.019287109375,0.7507671082159504,-0.013211437501013279,0.13187944889068604,-2.228860855102539,0.9816891551017761
423936,207,421888,4.6867200000000004e-05,2048,64,320,10,False,-0.0017566242546308785,0.0089604694981972,1.2005020089447498,0.002381604170659557,0.0083984375,0.6965139308013022,0.04324859380722046,0.18004977703094482,-2.2613189220428467,0.9458243250846863
425984,208,423936,4.563840000000001e-05,2048,64,320,10,False,-0.0014312022365629673,0.02666362244344782,1.1671202912926675,0.0056880860327510165,0.02177734375,0.8697943610139192,0.11642375588417053,0.278191477060318,-2.142435073852539,0.8799912929534912
428032,209,425984,4.440960000000001e-05,2048,64,320,10,False,-0.0027755180730309804,0.015284423517005052,1.200809694081545,0.004021418493357487,0.01318359375,0.7998312233947218,0.009882534854114056,0.2386244386434555,-2.107896327972412,0.9295492172241211
430080,210,428032,4.3180799999999985e-05,2048,64,320,10,False,-0.00018517150019761174,0.014871716388734057,1.2190960314124824,0.000431031544576399,0.0,0.7474528718739748,0.04618088901042938,0.23131044209003448,-2.083730697631836,0.9530306458473206
432128,211,430080,4.195199999999999e-05,2048,64,320,10,False,-0.002955344937799964,0.011853914235689444,1.1694788124412299,0.004135601938469335,0.02265625,0.823741348576732,0.03668990731239319,0.20374195277690887,-2.1594924926757812,0.9615731239318848
434176,212,432128,4.072319999999999e-05,2048,64,320,10,False,-0.0053255506907589735,0.012033715964207659,1.136101273447275,0.0070534206461161375,0.02412109375,0.8135014469502494,0.018454652279615402,0.21875199675559998,-2.097517728805542,0.9340994358062744
436224,213,434176,3.949439999999999e-05,2048,64,320,10,False,-0.0016977040155325084,0.005225974972199765,1.1783345777541399,0.002642542976536788,0.012646484375,0.7131442664889619,-0.03929252177476883,0.15075823664665222,-2.0698909759521484,0.9766349792480469
438272,214,436224,3.8265599999999995e-05,2048,64,320,10,False,-0.0011243425753491465,0.01069119704698096,1.149743351340294,0.0010728314227890223,0.00361328125,0.7308098044013605,0.02049192041158676,0.19524268805980682,-2.22800350189209,0.933571457862854
440320,215,438272,3.70368e-05,2048,64,320,10,False,-0.002553089612047188,0.012152796808368293,1.113639449328184,0.004080138495191931,0.00634765625,0.7078989995876327,0.03124682977795601,0.20759977400302887,-2.1577394008636475,0.9371657967567444
442368,216,440320,3.5808e-05,2048,64,320,10,False,-0.0023451242508599535,0.01880262265185593,1.1025466073304415,0.005226305295946076,0.017626953125,0.8781503613106907,0.06051462143659592,0.2508787512779236,-2.0498592853546143,0.8885509371757507
444416,217,442368,3.457920000000001e-05,2048,64,320,10,False,-0.008560364005097654,0.009496990273692062,1.122138026729226,0.01035570123058278,0.1015625,0.7790719379205256,-0.0029725334607064724,0.19673189520835876,-2.1002376079559326,0.9526214599609375
446464,218,444416,3.335040000000001e-05,2048,64,320,10,False,-0.003585061904595932,0.015891762447427026,1.0940509587526321,0.009086996139376424,0.027001953125,0.7933270747307688,0.06156591325998306,0.23934341967105865,-2.1630754470825195,0.9104600548744202
448512,219,446464,3.212159999999998e-05,2048,64,320,10,False,-0.0070325367341865785,0.008326640155064523,1.12720683850348,0.010073647284298205,0.060595703125,0.859111342462711,-0.0019746979232877493,0.1864612102508545,-2.077332019805908,0.957818329334259
450560,220,448512,3.089279999999998e-05,2048,64,320,10,False,-0.00033107288800238166,0.015110810723854229,1.1623598296195268,0.0002109457622282207,0.00205078125,0.7943778386339545,0.07016173005104065,0.218984916806221,-2.115011692047119,0.9207789897918701
452608,221,450560,2.966399999999999e-05,2048,64,320,10,False,-0.0003714980324730277,0.012266492110211403,1.172372230887413,0.001097023006877862,0.0,0.8339342849329114,0.05324288830161095,0.19856728613376617,-2.1339125633239746,0.9162336587905884
454656,222,452608,2.843519999999999e-05,2048,64,320,10,False,-0.002481869865732733,0.03029505851882277,1.1849858529865742,0.0032244084606645627,0.001416015625,0.811972550326027,0.15299828350543976,0.29688140749931335,-1.956590175628662,0.8881065249443054
456704,223,454656,2.7206399999999994e-05,2048,64,320,10,False,-0.0006412334521883167,0.02047100955096539,1.1944465041160583,0.0005798311758553609,0.001708984375,0.7949233965715393,0.10416407138109207,0.25381916761398315,-1.925614833831787,0.8863104581832886
458752,224,456704,2.59776e-05,2048,64,320,10,False,-0.003437107609352097,0.010691659105214057,1.1380953423678875,0.004306789190741256,0.010498046875,0.760596499312669,-0.002460124436765909,0.1949836164712906,-2.014819383621216,0.9587776064872742
460800,225,458752,2.4748800000000003e-05,2048,64,320,10,False,-0.001243762364902068,0.005965075540734688,1.1179241318255664,0.000966031855205074,0.001318359375,0.7821542769437656,-0.048180654644966125,0.16086675226688385,-2.105341672897339,0.9591185450553894
462848,226,460800,2.3520000000000005e-05,2048,64,320,10,False,-0.005241034302162007,0.009593811455124524,1.1769121158868074,0.0052319578535389155,0.012060546875,0.8626131577882916,0.019146637991070747,0.17842015624046326,-2.022470712661743,0.9589901566505432
464896,227,462848,2.2291200000000008e-05,2048,64,320,10,False,-0.0012283881871553604,0.009900537293287926,1.1940479274839162,0.0012962224951479583,0.000390625,0.793848555488512,0.00283855595625937,0.19158130884170532,-2.0464909076690674,0.9502286314964294
466944,228,464896,2.1062400000000014e-05,2048,64,320,10,False,-0.0010586934236926026,0.011206265465443722,1.2244454205036164,0.0015111702465219422,0.01318359375,0.8888547949958593,0.021871918812394142,0.1885153204202652,-1.9393649101257324,0.9591513872146606
468992,229,466944,1.9833599999999982e-05,2048,64,320,10,False,-0.0012615044986887369,0.014172680046613095,1.2338283970952033,0.0011498169071273879,0.0,1.0105387976393103,0.04110005870461464,0.2129124104976654,-1.9997228384017944,0.9405818581581116
471040,230,468992,1.8604799999999985e-05,2048,64,320,10,False,-0.0033981257518462373,0.0323193293181248,1.2799712747335434,0.004375785420415923,0.021875,1.0100755349267274,0.14735257625579834,0.2947736084461212,-1.981299638748169,0.8560982346534729
473088,231,471040,1.737599999999999e-05,2048,64,320,10,False,-0.0007995963722351007,0.012038745639438275,1.256594756245613,0.0010796981456223874,0.00390625,0.9175613966304809,0.03353992477059364,0.20386289060115814,-1.9347156286239624,0.9185116291046143
475136,232,473088,1.6147199999999993e-05,2048,64,320,10,False,-0.003768627554381965,0.017202172813995276,1.2482143364846707,0.0028501775581389666,0.02314453125,0.9559578575659543,0.0541161447763443,0.2313242107629776,-1.8575750589370728,0.9228013753890991
477184,233,475136,1.4918399999999998e-05,2048,64,320,10,False,-0.002687931444233982,0.026730582426534966,1.2520991146564484,0.004458239662926644,0.01875,1.0275593992322682,0.05542550981044769,0.2792537212371826,-1.9461541175842285,0.8202587366104126
479232,234,477184,1.36896e-05,2048,64,320,10,False,-0.00039377734829031396,0.021339728745806495,1.2362408377230167,0.0007759412896120921,0.00625,1.0668538776692003,0.05115637183189392,0.24870742857456207,-2.002817153930664,0.8666262030601501
481280,235,479232,1.2460800000000004e-05,2048,64,320,10,False,-0.0030445392665569672,0.027904514453257433,1.2601473446935416,0.0029220708820503205,0.011083984375,1.1708538805134594,0.054587408900260925,0.2764994204044342,-1.8948333263397217,0.8538979291915894
483328,236,481280,1.1232000000000007e-05,2048,64,320,10,False,-0.0033450962291681208,0.011496439800248481,1.261462925747037,0.0032988060789648443,0.015625,1.104218496894464,-0.0065134307369589806,0.17724500596523285,-2.0343446731567383,0.934799313545227
485376,237,483328,1.0003200000000011e-05,2048,64,320,10,False,-0.0015652772119210568,0.014473366235324647,1.2216630466282368,0.0023213020875118675,0.011474609375,0.9882516221143305,0.00030408904422074556,0.21498195827007294,-2.0967321395874023,0.9164954423904419
487424,238,485376,8.774400000000015e-06,2048,64,320,10,False,-0.0011969296960160137,0.024002168951847126,1.2152462504804133,0.0011790738120907918,0.0,1.1022964858915656,0.05533503741025925,0.26283565163612366,-1.8437625169754028,0.8319464325904846
489472,239,487424,7.545599999999985e-06,2048,64,320,10,False,-0.0018469764385372401,0.016153015218151268,1.2434397988021373,0.0013906696054618805,0.00458984375,0.9994400550145656,0.014497200027108192,0.20743684470653534,-2.009385347366333,0.8826732039451599
491520,240,489472,6.316799999999988e-06,2048,64,320,10,False,-0.0007041178236249834,0.008996186291187768,1.238510600849986,0.0008269271580502391,0.0,0.9738219505175948,-0.002579163759946823,0.170872762799263,-2.036616086959839,0.971502423286438
493568,241,491520,5.087999999999992e-06,2048,64,320,10,False,-0.0016811439403682017,0.018759007853805087,1.2059119712561368,0.0014274160086642951,0.0,1.1058035015128553,0.017126556485891342,0.22078661620616913,-2.0490195751190186,0.894455075263977
495616,242,493568,3.859199999999996e-06,2048,64,320,10,False,-0.0007878940697992221,0.021308454210520723,1.1697651706635952,0.000639387225965038,0.00283203125,1.0684927132446318,0.041991349309682846,0.22707229852676392,-1.9686027765274048,0.8778156638145447
497664,243,495616,2.630399999999999e-06,2048,64,320,10,False,-0.00048698163154767824,0.02779897963919211,1.1639003809541464,0.00024691982252988964,0.0,1.1044363062363118,0.061412688344717026,0.25632184743881226,-1.9014986753463745,0.8470117449760437
499712,244,497664,1.4016000000000028e-06,2048,64,320,10,False,-8.774462694418616e-05,0.02168766431277618,1.176472731679678,1.968975702766329e-05,0.0,1.0989933908451348,0.007017378695309162,0.22324052453041077,-1.9750709533691406,0.8321155309677124
500000,245,499712,1.7280000000000626e-07,288,9,320,10,False,-0.00014858322277976342,0.03315286456127069,1.1778553590178489,1.7289279277243886e-06,0.0,2.829125674441457,0.08346830308437347,0.2511430084705353,-2.054497003555298,0.4509005546569824
