dataset,policy,adapter_mode,seed,capacity_fraction,initial_cases,retained_cases,pre_maint_acc,post_retrieval_acc,post_adapted_acc,acc_delta,f1_retrieval,f1_adapted,f1_delta,ece_retrieval,ece_adapted,total_flips,correct_flips,harmful_flips,net_flip_benefit,alpha,smoothing,trust_mode,protect_cohorts,adapter_train_loss
synthetic,provenance_bias_coverage,none,42,0.5,420,210,0.8333333134651184,0.8222222328186035,0.8222222328186035,0.0,0.8143371212121212,0.8143371212121212,0.0,0.1280182808637619,0.1280182808637619,0,0,0,0,0.5,1.0,geometric,True,0.0
synthetic,provenance_bias_coverage,none,43,0.5,420,210,0.8333333134651184,0.8055555820465088,0.8055555820465088,0.0,0.8056117409278967,0.8056117409278967,0.0,0.1018708881404665,0.1018708881404665,0,0,0,0,0.5,1.0,geometric,True,0.0
synthetic,provenance_bias_coverage,none,44,0.5,420,210,0.9111111164093018,0.8500000238418579,0.8500000238418579,0.0,0.8496035173483744,0.8496035173483744,0.0,0.17047024915615716,0.17047024915615716,0,0,0,0,0.5,1.0,geometric,True,0.0
synthetic,provenance_bias_coverage,none,45,0.5,420,210,0.8222222328186035,0.7833333611488342,0.7833333611488342,0.0,0.7832356688688171,0.7832356688688171,0.0,0.11727340006166036,0.11727340006166036,0,0,0,0,0.5,1.0,geometric,True,0.0
synthetic,provenance_bias_coverage,none,46,0.5,420,210,0.8277778029441833,0.8444444537162781,0.8444444537162781,0.0,0.8435674605804979,0.8435674605804979,0.0,0.18795901222361458,0.18795901222361458,0,0,0,0,0.5,1.0,geometric,True,0.0
synthetic,provenance_bias_coverage,nominal_residual_scores,42,0.5,420,210,0.8333333134651184,0.8222222328186035,0.8055555820465088,-0.016666650772094727,0.8143371212121212,0.7994944600100639,-0.01484266120205735,0.1280182808637619,0.2493461246291796,13,5,8,-3,0.5,1.0,geometric,True,0.775001734495163
synthetic,provenance_bias_coverage,nominal_residual_scores,43,0.5,420,210,0.8333333134651184,0.8055555820465088,0.8277778029441833,0.02222222089767456,0.8056117409278967,0.8263994885137732,0.020787747585876537,0.1018708881404665,0.2796517761217223,20,12,8,4,0.5,1.0,geometric,True,0.7118918299674988
synthetic,provenance_bias_coverage,nominal_residual_scores,44,0.5,420,210,0.9111111164093018,0.8500000238418579,0.855555534362793,0.005555510520935059,0.8496035173483744,0.8555156849993807,0.005912167651006328,0.17047024915615716,0.3153323825862673,15,8,7,1,0.5,1.0,geometric,True,0.7821844518184662
synthetic,provenance_bias_coverage,nominal_residual_scores,45,0.5,420,210,0.8222222328186035,0.7833333611488342,0.8055555820465088,0.02222222089767456,0.7832356688688171,0.8051054933461845,0.021869824477367406,0.11727340006166036,0.2882620109452142,26,14,10,4,0.5,1.0,geometric,True,0.7993876934051514
synthetic,provenance_bias_coverage,nominal_residual_scores,46,0.5,420,210,0.8277778029441833,0.8444444537162781,0.7833333611488342,-0.06111109256744385,0.8435674605804979,0.7826107766495248,-0.06095668393097309,0.18795901222361458,0.27491151806381015,23,4,15,-11,0.5,1.0,geometric,True,0.8498349487781525
synthetic,provenance_bias_coverage,logit_residual,42,0.5,420,210,0.8333333134651184,0.8222222328186035,0.8166666626930237,-0.005555570125579834,0.8143371212121212,0.8088871912401324,-0.005449929971988787,0.1280182808637619,0.09536085840728546,3,1,2,-1,0.5,1.0,geometric,True,0.9032491147518158
synthetic,provenance_bias_coverage,logit_residual,43,0.5,420,210,0.8333333134651184,0.8055555820465088,0.8333333134651184,0.02777773141860962,0.8056117409278967,0.8324220885729908,0.026810347645094157,0.1018708881404665,0.11625822732845943,7,6,1,5,0.5,1.0,geometric,True,0.8476947546005249
synthetic,provenance_bias_coverage,logit_residual,44,0.5,420,210,0.9111111164093018,0.8500000238418579,0.8666666746139526,0.016666650772094727,0.8496035173483744,0.8659964766800844,0.016392959331710033,0.17047024915615716,0.17108699017100862,9,6,3,3,0.5,1.0,geometric,True,0.9040293097496033
synthetic,provenance_bias_coverage,logit_residual,45,0.5,420,210,0.8222222328186035,0.7833333611488342,0.800000011920929,0.016666650772094727,0.7832356688688171,0.7999693354148082,0.016733666545991066,0.11727340006166036,0.1327893305155966,11,7,4,3,0.5,1.0,geometric,True,0.91801717877388
synthetic,provenance_bias_coverage,logit_residual,46,0.5,420,210,0.8277778029441833,0.8444444537162781,0.8166666626930237,-0.027777791023254395,0.8435674605804979,0.815686274509804,-0.027881186070693897,0.18795901222361458,0.13925737722052467,12,2,7,-5,0.5,1.0,geometric,True,0.9602288901805878
wine,provenance_bias_coverage,none,42,0.5,124,62,0.9629629850387573,0.9629629850387573,0.9629629850387573,0.0,0.9619047619047619,0.9619047619047619,0.0,0.06322726220996291,0.06322726220996291,0,0,0,0,0.5,1.0,geometric,True,0.0
wine,provenance_bias_coverage,none,43,0.5,124,62,0.9259259104728699,0.9259259104728699,0.9259259104728699,0.0,0.9265350877192983,0.9265350877192983,0.0,0.025286765010268598,0.025286765010268598,0,0,0,0,0.5,1.0,geometric,True,0.0
wine,provenance_bias_coverage,none,44,0.5,124,62,0.9629629850387573,0.9444444179534912,0.9444444179534912,0.0,0.9443785248663298,0.9443785248663298,0.0,0.07544153045724938,0.07544153045724938,0,0,0,0,0.5,1.0,geometric,True,0.0
wine,provenance_bias_coverage,none,45,0.5,124,62,0.9444444179534912,0.9629629850387573,0.9629629850387573,0.0,0.9657894736842105,0.9657894736842105,0.0,0.039542763321488025,0.039542763321488025,0,0,0,0,0.5,1.0,geometric,True,0.0
wine,provenance_bias_coverage,none,46,0.5,124,62,0.9074074029922485,0.9444444179534912,0.9444444179534912,0.0,0.944516632016632,0.944516632016632,0.0,0.03193881335081877,0.03193881335081877,0,0,0,0,0.5,1.0,geometric,True,0.0
wine,provenance_bias_coverage,nominal_residual_scores,42,0.5,124,62,0.9629629850387573,0.9629629850387573,0.9629629850387573,0.0,0.9619047619047619,0.9619047619047619,0.0,0.06322726220996291,0.37143920472374664,0,0,0,0,0.5,1.0,geometric,True,0.4873434603214264
wine,provenance_bias_coverage,nominal_residual_scores,43,0.5,124,62,0.9259259104728699,0.9259259104728699,0.9444444179534912,0.018518507480621338,0.9265350877192983,0.944516632016632,0.017981544297333785,0.025286765010268598,0.339996608319106,1,1,0,1,0.5,1.0,geometric,True,0.5139973163604736
wine,provenance_bias_coverage,nominal_residual_scores,44,0.5,124,62,0.9629629850387573,0.9444444179534912,1.0,0.05555558204650879,0.9443785248663298,1.0,0.05562147513367022,0.07544153045724938,0.3686411397324668,3,3,0,3,0.5,1.0,geometric,True,0.5042458772659302
wine,provenance_bias_coverage,nominal_residual_scores,45,0.5,124,62,0.9444444179534912,0.9629629850387573,0.9629629850387573,0.0,0.9657894736842105,0.9657894736842105,0.0,0.039542763321488025,0.3778572452289087,0,0,0,0,0.5,1.0,geometric,True,0.5295225381851196
wine,provenance_bias_coverage,nominal_residual_scores,46,0.5,124,62,0.9074074029922485,0.9444444179534912,0.9444444179534912,0.0,0.944516632016632,0.944516632016632,0.0,0.03193881335081877,0.2919164785632381,0,0,0,0,0.5,1.0,geometric,True,0.4642386734485626
wine,provenance_bias_coverage,logit_residual,42,0.5,124,62,0.9629629850387573,0.9629629850387573,0.9629629850387573,0.0,0.9619047619047619,0.9619047619047619,0.0,0.06322726220996291,0.04133867775952374,0,0,0,0,0.5,1.0,geometric,True,0.6092607378959656
wine,provenance_bias_coverage,logit_residual,43,0.5,124,62,0.9259259104728699,0.9259259104728699,0.9259259104728699,0.0,0.9265350877192983,0.9265350877192983,0.0,0.025286765010268598,0.02515670877915841,0,0,0,0,0.5,1.0,geometric,True,0.6216762065887451
wine,provenance_bias_coverage,logit_residual,44,0.5,124,62,0.9629629850387573,0.9444444179534912,1.0,0.05555558204650879,0.9443785248663298,1.0,0.05562147513367022,0.07544153045724938,0.0711208493621261,3,3,0,3,0.5,1.0,geometric,True,0.62455153465271
wine,provenance_bias_coverage,logit_residual,45,0.5,124,62,0.9444444179534912,0.9629629850387573,0.9629629850387573,0.0,0.9657894736842105,0.9657894736842105,0.0,0.039542763321488025,0.05092535305906225,0,0,0,0,0.5,1.0,geometric,True,0.6061320304870605
wine,provenance_bias_coverage,logit_residual,46,0.5,124,62,0.9074074029922485,0.9444444179534912,0.9444444179534912,0.0,0.944516632016632,0.944516632016632,0.0,0.03193881335081877,0.05094145955862822,0,0,0,0,0.5,1.0,geometric,True,0.6019635796546936
breast_cancer,provenance_bias_coverage,none,42,0.5,398,199,0.9707602262496948,0.9707602262496948,0.9707602262496948,0.0,0.9682592716338122,0.9682592716338122,0.0,0.03621689792264972,0.03621689792264972,0,0,0,0,0.5,1.0,geometric,True,0.0
breast_cancer,provenance_bias_coverage,none,43,0.5,398,199,0.9473684430122375,0.9473684430122375,0.9473684430122375,0.0,0.942866688940862,0.942866688940862,0.0,0.0297901243494268,0.0297901243494268,0,0,0,0,0.5,1.0,geometric,True,0.0
breast_cancer,provenance_bias_coverage,none,44,0.5,398,199,0.9766082167625427,0.9824561476707458,0.9824561476707458,0.0,0.981329839502129,0.981329839502129,0.0,0.04053754450982077,0.04053754450982077,0,0,0,0,0.5,1.0,geometric,True,0.0
breast_cancer,provenance_bias_coverage,none,45,0.5,398,199,0.9707602262496948,0.9590643048286438,0.9590643048286438,0.0,0.9555629802873371,0.9555629802873371,0.0,0.032348211397204465,0.032348211397204465,0,0,0,0,0.5,1.0,geometric,True,0.0
breast_cancer,provenance_bias_coverage,none,46,0.5,398,199,0.9707602262496948,0.9707602262496948,0.9707602262496948,0.0,0.968479262672811,0.968479262672811,0.0,0.027196045856029624,0.027196045856029624,0,0,0,0,0.5,1.0,geometric,True,0.0
breast_cancer,provenance_bias_coverage,nominal_residual_scores,42,0.5,398,199,0.9707602262496948,0.9707602262496948,0.9590643048286438,-0.011695921421051025,0.9682592716338122,0.9558709677419355,-0.012388303891876729,0.03621689792264972,0.19770908564851997,4,1,3,-2,0.5,1.0,geometric,True,0.3142714947462082
breast_cancer,provenance_bias_coverage,nominal_residual_scores,43,0.5,398,199,0.9473684430122375,0.9473684430122375,0.9649122953414917,0.01754385232925415,0.942866688940862,0.9623015873015872,0.019434898360725206,0.0297901243494268,0.19964780340417784,3,3,0,3,0.5,1.0,geometric,True,0.3108743727207184
breast_cancer,provenance_bias_coverage,nominal_residual_scores,44,0.5,398,199,0.9766082167625427,0.9824561476707458,0.9766082167625427,-0.005847930908203125,0.981329839502129,0.9751814223512336,-0.006148417150895424,0.04053754450982077,0.20180108080133358,3,1,2,-1,0.5,1.0,geometric,True,0.2993922680616379
breast_cancer,provenance_bias_coverage,nominal_residual_scores,45,0.5,398,199,0.9707602262496948,0.9590643048286438,0.9649122953414917,0.0058479905128479,0.9555629802873371,0.9623015873015872,0.006738607014250109,0.032348211397204465,0.19069412158943755,3,2,1,1,0.5,1.0,geometric,True,0.3313452750444412
breast_cancer,provenance_bias_coverage,nominal_residual_scores,46,0.5,398,199,0.9707602262496948,0.9707602262496948,0.9707602262496948,0.0,0.968479262672811,0.968479262672811,0.0,0.027196045856029624,0.19509264530494197,0,0,0,0,0.5,1.0,geometric,True,0.33203159272670746
breast_cancer,provenance_bias_coverage,logit_residual,42,0.5,398,199,0.9707602262496948,0.9707602262496948,0.9590643048286438,-0.011695921421051025,0.9682592716338122,0.9558709677419355,-0.012388303891876729,0.03621689792264972,0.02878402861935353,2,0,2,-2,0.5,1.0,geometric,True,0.3795003890991211
breast_cancer,provenance_bias_coverage,logit_residual,43,0.5,398,199,0.9473684430122375,0.9473684430122375,0.9473684430122375,0.0,0.942866688940862,0.942866688940862,0.0,0.0297901243494268,0.034473046573282005,0,0,0,0,0.5,1.0,geometric,True,0.3829054683446884
breast_cancer,provenance_bias_coverage,logit_residual,44,0.5,398,199,0.9766082167625427,0.9824561476707458,0.9766082167625427,-0.005847930908203125,0.981329839502129,0.9751814223512336,-0.006148417150895424,0.04053754450982077,0.03250683608808015,3,1,2,-1,0.5,1.0,geometric,True,0.36877672374248505
breast_cancer,provenance_bias_coverage,logit_residual,45,0.5,398,199,0.9707602262496948,0.9590643048286438,0.9707602262496948,0.011695921421051025,0.9555629802873371,0.968479262672811,0.012916282385473932,0.032348211397204465,0.032569213220250526,2,2,0,2,0.5,1.0,geometric,True,0.39926064014434814
breast_cancer,provenance_bias_coverage,logit_residual,46,0.5,398,199,0.9707602262496948,0.9707602262496948,0.9707602262496948,0.0,0.968479262672811,0.968479262672811,0.0,0.027196045856029624,0.020570536105953496,0,0,0,0,0.5,1.0,geometric,True,0.39994001388549805
