global_step,episode,episode_return,episode_length,loss,actor_type,case_entries,cases_pruned,cases_replaced,actor_cases_pruned,actor_cases_replaced,critic_cases_pruned,critic_cases_replaced,critic_label_updates,critic_label_update_samples,exploration_epsilon,behavior_epsilon,policy_ready,action_probs,behavior_action_probs,action_counts,bias_min,bias_mean,bias_max
500,1,-500.0,500,,mlp,,0,0,0,0,0,0,0,0,0.0,0.0,True,"[0.2962593138217926, 0.3417198956012726, 0.3620207607746124]","[0.2962593138217926, 0.3417198956012726, 0.3620207607746124]",,,,
1000,2,-500.0,500,,mlp,,0,0,0,0,0,0,0,0,0.0,0.0,True,"[0.2655077278614044, 0.2696220576763153, 0.46487027406692505]","[0.2655077278614044, 0.2696220576763153, 0.46487027406692505]",,,,
1500,3,-500.0,500,,mlp,,0,0,0,0,0,0,0,0,0.0,0.0,True,"[0.30881166458129883, 0.29084017872810364, 0.40034815669059753]","[0.30881166458129883, 0.29084017872810364, 0.40034815669059753]",,,,
2000,4,-500.0,500,268.52362060546875,mlp,,0,0,0,0,0,0,0,0,0.0,0.0,True,"[0.2927950620651245, 0.35382264852523804, 0.35338228940963745]","[0.2927950620651245, 0.35382264852523804, 0.35338228940963745]",,,,
2500,5,-500.0,500,,mlp,,0,0,0,0,0,0,0,0,0.0,0.0,True,"[0.2925027012825012, 0.3061431050300598, 0.40135422348976135]","[0.2925027012825012, 0.3061431050300598, 0.40135422348976135]",,,,
3000,6,-500.0,500,,mlp,,0,0,0,0,0,0,0,0,0.0,0.0,True,"[0.30392348766326904, 0.3555672764778137, 0.34050923585891724]","[0.30392348766326904, 0.3555672764778137, 0.34050923585891724]",,,,
3500,7,-500.0,500,,mlp,,0,0,0,0,0,0,0,0,0.0,0.0,True,"[0.28890496492385864, 0.32887062430381775, 0.382224440574646]","[0.28890496492385864, 0.32887062430381775, 0.382224440574646]",,,,
4000,8,-500.0,500,267.99786376953125,mlp,,0,0,0,0,0,0,0,0,0.0,0.0,True,"[0.2919062674045563, 0.3453862965106964, 0.36270737648010254]","[0.2919062674045563, 0.3453862965106964, 0.36270737648010254]",,,,
4500,9,-500.0,500,,mlp,,0,0,0,0,0,0,0,0,0.0,0.0,True,"[0.3057483732700348, 0.3427440822124481, 0.3515075445175171]","[0.3057483732700348, 0.3427440822124481, 0.3515075445175171]",,,,
5000,10,-500.0,500,,mlp,,0,0,0,0,0,0,0,0,0.0,0.0,True,"[0.30229929089546204, 0.2795009911060333, 0.41819971799850464]","[0.30229929089546204, 0.2795009911060333, 0.41819971799850464]",,,,
5500,11,-500.0,500,,mlp,,0,0,0,0,0,0,0,0,0.0,0.0,True,"[0.2811872065067291, 0.3569997549057007, 0.3618130385875702]","[0.2811872065067291, 0.3569997549057007, 0.3618130385875702]",,,,
6000,12,-500.0,500,267.4114074707031,mlp,,0,0,0,0,0,0,0,0,0.0,0.0,True,"[0.26246634125709534, 0.31928980350494385, 0.4182438850402832]","[0.26246634125709534, 0.31928980350494385, 0.4182438850402832]",,,,
6500,13,-500.0,500,,mlp,,0,0,0,0,0,0,0,0,0.0,0.0,True,"[0.29788482189178467, 0.3596356511116028, 0.34247952699661255]","[0.29788482189178467, 0.3596356511116028, 0.34247952699661255]",,,,
7000,14,-500.0,500,,mlp,,0,0,0,0,0,0,0,0,0.0,0.0,True,"[0.26663652062416077, 0.34476175904273987, 0.388601690530777]","[0.26663652062416077, 0.34476175904273987, 0.388601690530777]",,,,
7447,15,-446.0,447,,mlp,,0,0,0,0,0,0,0,0,0.0,0.0,True,"[0.2668580114841461, 0.31238436698913574, 0.42075759172439575]","[0.2668580114841461, 0.31238436698913574, 0.42075759172439575]",,,,
7947,16,-500.0,500,266.1906433105469,mlp,,0,0,0,0,0,0,0,0,0.0,0.0,True,"[0.308335542678833, 0.32049697637557983, 0.37116745114326477]","[0.308335542678833, 0.32049697637557983, 0.37116745114326477]",,,,
8447,17,-500.0,500,,mlp,,0,0,0,0,0,0,0,0,0.0,0.0,True,"[0.3405422270298004, 0.3201081156730652, 0.3393495976924896]","[0.3405422270298004, 0.3201081156730652, 0.3393495976924896]",,,,
8947,18,-500.0,500,,mlp,,0,0,0,0,0,0,0,0,0.0,0.0,True,"[0.26385805010795593, 0.339918851852417, 0.3962230682373047]","[0.26385805010795593, 0.339918851852417, 0.3962230682373047]",,,,
9447,19,-500.0,500,,mlp,,0,0,0,0,0,0,0,0,0.0,0.0,True,"[0.24998535215854645, 0.3291736841201782, 0.42084091901779175]","[0.24998535215854645, 0.3291736841201782, 0.42084091901779175]",,,,
9947,20,-500.0,500,266.4527893066406,mlp,,0,0,0,0,0,0,0,0,0.0,0.0,True,"[0.26853907108306885, 0.34039488434791565, 0.3910660147666931]","[0.26853907108306885, 0.34039488434791565, 0.3910660147666931]",,,,
10447,21,-500.0,500,,mlp,,0,0,0,0,0,0,0,0,0.0,0.0,True,"[0.2938890755176544, 0.3383592367172241, 0.3677516579627991]","[0.2938890755176544, 0.3383592367172241, 0.3677516579627991]",,,,
10721,22,-273.0,274,,mlp,,0,0,0,0,0,0,0,0,0.0,0.0,True,"[0.2691132426261902, 0.3453405499458313, 0.38554614782333374]","[0.2691132426261902, 0.3453405499458313, 0.38554614782333374]",,,,
11221,23,-500.0,500,,mlp,,0,0,0,0,0,0,0,0,0.0,0.0,True,"[0.2726149260997772, 0.3514646887779236, 0.3759203851222992]","[0.2726149260997772, 0.3514646887779236, 0.3759203851222992]",,,,
11721,24,-500.0,500,263.4773864746094,mlp,,0,0,0,0,0,0,0,0,0.0,0.0,True,"[0.29785141348838806, 0.3126554489135742, 0.3894931972026825]","[0.29785141348838806, 0.3126554489135742, 0.3894931972026825]",,,,
12221,25,-500.0,500,,mlp,,0,0,0,0,0,0,0,0,0.0,0.0,True,"[0.2714872360229492, 0.3722380995750427, 0.35627463459968567]","[0.2714872360229492, 0.3722380995750427, 0.35627463459968567]",,,,
12721,26,-500.0,500,,mlp,,0,0,0,0,0,0,0,0,0.0,0.0,True,"[0.3472965359687805, 0.28864043951034546, 0.36406296491622925]","[0.3472965359687805, 0.28864043951034546, 0.36406296491622925]",,,,
13221,27,-500.0,500,,mlp,,0,0,0,0,0,0,0,0,0.0,0.0,True,"[0.3522684574127197, 0.3123518228530884, 0.3353796601295471]","[0.3522684574127197, 0.3123518228530884, 0.3353796601295471]",,,,
13721,28,-500.0,500,265.1830749511719,mlp,,0,0,0,0,0,0,0,0,0.0,0.0,True,"[0.29313474893569946, 0.32551267743110657, 0.38135257363319397]","[0.29313474893569946, 0.32551267743110657, 0.38135257363319397]",,,,
14221,29,-500.0,500,,mlp,,0,0,0,0,0,0,0,0,0.0,0.0,True,"[0.37448322772979736, 0.25193315744400024, 0.37358358502388]","[0.37448322772979736, 0.25193315744400024, 0.37358358502388]",,,,
14617,30,-395.0,396,,mlp,,0,0,0,0,0,0,0,0,0.0,0.0,True,"[0.22283239662647247, 0.37581154704093933, 0.4013561010360718]","[0.22283239662647247, 0.37581154704093933, 0.4013561010360718]",,,,
15117,31,-500.0,500,,mlp,,0,0,0,0,0,0,0,0,0.0,0.0,True,"[0.2922905683517456, 0.4348753094673157, 0.27283409237861633]","[0.2922905683517456, 0.4348753094673157, 0.27283409237861633]",,,,
15617,32,-500.0,500,263.4317932128906,mlp,,0,0,0,0,0,0,0,0,0.0,0.0,True,"[0.39319977164268494, 0.27690890431404114, 0.3298913240432739]","[0.39319977164268494, 0.27690890431404114, 0.3298913240432739]",,,,
16117,33,-500.0,500,,mlp,,0,0,0,0,0,0,0,0,0.0,0.0,True,"[0.3715382218360901, 0.27024728059768677, 0.35821443796157837]","[0.3715382218360901, 0.27024728059768677, 0.35821443796157837]",,,,
16617,34,-500.0,500,,mlp,,0,0,0,0,0,0,0,0,0.0,0.0,True,"[0.1939692497253418, 0.42908892035484314, 0.37694182991981506]","[0.1939692497253418, 0.42908892035484314, 0.37694182991981506]",,,,
17029,35,-411.0,412,,mlp,,0,0,0,0,0,0,0,0,0.0,0.0,True,"[0.38404229283332825, 0.2745979428291321, 0.34135985374450684]","[0.38404229283332825, 0.2745979428291321, 0.34135985374450684]",,,,
17529,36,-500.0,500,262.184326171875,mlp,,0,0,0,0,0,0,0,0,0.0,0.0,True,"[0.2863124907016754, 0.3098618984222412, 0.40382570028305054]","[0.2863124907016754, 0.3098618984222412, 0.40382570028305054]",,,,
18029,37,-500.0,500,,mlp,,0,0,0,0,0,0,0,0,0.0,0.0,True,"[0.237280011177063, 0.36073392629623413, 0.40198612213134766]","[0.237280011177063, 0.36073392629623413, 0.40198612213134766]",,,,
18529,38,-500.0,500,,mlp,,0,0,0,0,0,0,0,0,0.0,0.0,True,"[0.4267007112503052, 0.26061224937438965, 0.31268709897994995]","[0.4267007112503052, 0.26061224937438965, 0.31268709897994995]",,,,
18999,39,-469.0,470,,mlp,,0,0,0,0,0,0,0,0,0.0,0.0,True,"[0.4250975549221039, 0.2730313837528229, 0.301871120929718]","[0.4250975549221039, 0.2730313837528229, 0.301871120929718]",,,,
19499,40,-500.0,500,263.1219787597656,mlp,,0,0,0,0,0,0,0,0,0.0,0.0,True,"[0.20167233049869537, 0.4073425829410553, 0.3909851312637329]","[0.20167233049869537, 0.4073425829410553, 0.3909851312637329]",,,,
19999,41,-500.0,500,,mlp,,0,0,0,0,0,0,0,0,0.0,0.0,True,"[0.38961562514305115, 0.2880471646785736, 0.32233723998069763]","[0.38961562514305115, 0.2880471646785736, 0.32233723998069763]",,,,
20499,42,-500.0,500,,mlp,,0,0,0,0,0,0,0,0,0.0,0.0,True,"[0.21068333089351654, 0.4287162721157074, 0.36060041189193726]","[0.21068333089351654, 0.4287162721157074, 0.36060041189193726]",,,,
20999,43,-500.0,500,,mlp,,0,0,0,0,0,0,0,0,0.0,0.0,True,"[0.22931334376335144, 0.4444757103919983, 0.32621094584465027]","[0.22931334376335144, 0.4444757103919983, 0.32621094584465027]",,,,
21411,44,-411.0,412,261.43505859375,mlp,,0,0,0,0,0,0,0,0,0.0,0.0,True,"[0.4044845998287201, 0.28418639302253723, 0.31132906675338745]","[0.4044845998287201, 0.28418639302253723, 0.31132906675338745]",,,,
21759,45,-347.0,348,,mlp,,0,0,0,0,0,0,0,0,0.0,0.0,True,"[0.1649446040391922, 0.3549083471298218, 0.48014700412750244]","[0.1649446040391922, 0.3549083471298218, 0.48014700412750244]",,,,
22259,46,-500.0,500,,mlp,,0,0,0,0,0,0,0,0,0.0,0.0,True,"[0.19256439805030823, 0.393723726272583, 0.413711816072464]","[0.19256439805030823, 0.393723726272583, 0.413711816072464]",,,,
22556,47,-296.0,297,,mlp,,0,0,0,0,0,0,0,0,0.0,0.0,True,"[0.35015177726745605, 0.35484427213668823, 0.29500389099121094]","[0.35015177726745605, 0.35484427213668823, 0.29500389099121094]",,,,
23005,48,-448.0,449,256.77850341796875,mlp,,0,0,0,0,0,0,0,0,0.0,0.0,True,"[0.32935240864753723, 0.3512861132621765, 0.31936144828796387]","[0.32935240864753723, 0.3512861132621765, 0.31936144828796387]",,,,
23346,49,-340.0,341,,mlp,,0,0,0,0,0,0,0,0,0.0,0.0,True,"[0.2868894636631012, 0.3703024387359619, 0.3428080677986145]","[0.2868894636631012, 0.3703024387359619, 0.3428080677986145]",,,,
23778,50,-431.0,432,,mlp,,0,0,0,0,0,0,0,0,0.0,0.0,True,"[0.35615238547325134, 0.3412366211414337, 0.30261096358299255]","[0.35615238547325134, 0.3412366211414337, 0.30261096358299255]",,,,
24176,51,-397.0,398,,mlp,,0,0,0,0,0,0,0,0,0.0,0.0,True,"[0.23171810805797577, 0.3488854765892029, 0.41939643025398254]","[0.23171810805797577, 0.3488854765892029, 0.41939643025398254]",,,,
24664,52,-487.0,488,256.1453857421875,mlp,,0,0,0,0,0,0,0,0,0.0,0.0,True,"[0.3925093710422516, 0.2951309084892273, 0.3123597204685211]","[0.3925093710422516, 0.2951309084892273, 0.3123597204685211]",,,,
25164,53,-500.0,500,,mlp,,0,0,0,0,0,0,0,0,0.0,0.0,True,"[0.12648455798625946, 0.3875690996646881, 0.4859463572502136]","[0.12648455798625946, 0.3875690996646881, 0.4859463572502136]",,,,
25458,54,-293.0,294,,mlp,,0,0,0,0,0,0,0,0,0.0,0.0,True,"[0.38245266675949097, 0.31242311000823975, 0.3051242232322693]","[0.38245266675949097, 0.31242311000823975, 0.3051242232322693]",,,,
25958,55,-500.0,500,,mlp,,0,0,0,0,0,0,0,0,0.0,0.0,True,"[0.25733792781829834, 0.339680016040802, 0.40298208594322205]","[0.25733792781829834, 0.339680016040802, 0.40298208594322205]",,,,
26458,56,-500.0,500,258.61480712890625,mlp,,0,0,0,0,0,0,0,0,0.0,0.0,True,"[0.37211763858795166, 0.32965901494026184, 0.2982233464717865]","[0.37211763858795166, 0.32965901494026184, 0.2982233464717865]",,,,
26769,57,-310.0,311,,mlp,,0,0,0,0,0,0,0,0,0.0,0.0,True,"[0.2345006763935089, 0.36686018109321594, 0.39863914251327515]","[0.2345006763935089, 0.36686018109321594, 0.39863914251327515]",,,,
27227,58,-457.0,458,,mlp,,0,0,0,0,0,0,0,0,0.0,0.0,True,"[0.20451371371746063, 0.2961840033531189, 0.49930229783058167]","[0.20451371371746063, 0.2961840033531189, 0.49930229783058167]",,,,
27720,59,-492.0,493,,mlp,,0,0,0,0,0,0,0,0,0.0,0.0,True,"[0.3607121407985687, 0.33773961663246155, 0.3015483021736145]","[0.3607121407985687, 0.33773961663246155, 0.3015483021736145]",,,,
27975,60,-254.0,255,252.5455780029297,mlp,,0,0,0,0,0,0,0,0,0.0,0.0,True,"[0.2190469354391098, 0.3667583465576172, 0.4141947329044342]","[0.2190469354391098, 0.3667583465576172, 0.4141947329044342]",,,,
28337,61,-361.0,362,,mlp,,0,0,0,0,0,0,0,0,0.0,0.0,True,"[0.20648708939552307, 0.35663801431655884, 0.4368748962879181]","[0.20648708939552307, 0.35663801431655884, 0.4368748962879181]",,,,
28770,62,-432.0,433,,mlp,,0,0,0,0,0,0,0,0,0.0,0.0,True,"[0.35001975297927856, 0.36279603838920593, 0.2871842384338379]","[0.35001975297927856, 0.36279603838920593, 0.2871842384338379]",,,,
29270,63,-500.0,500,,mlp,,0,0,0,0,0,0,0,0,0.0,0.0,True,"[0.42266666889190674, 0.32596555352211, 0.2513677179813385]","[0.42266666889190674, 0.32596555352211, 0.2513677179813385]",,,,
29770,64,-500.0,500,257.1839599609375,mlp,,0,0,0,0,0,0,0,0,0.0,0.0,True,"[0.42749708890914917, 0.28363874554634094, 0.2888641655445099]","[0.42749708890914917, 0.28363874554634094, 0.2888641655445099]",,,,
30084,65,-313.0,314,,mlp,,0,0,0,0,0,0,0,0,0.0,0.0,True,"[0.38176169991493225, 0.3346594572067261, 0.2835788428783417]","[0.38176169991493225, 0.3346594572067261, 0.2835788428783417]",,,,
30584,66,-500.0,500,,mlp,,0,0,0,0,0,0,0,0,0.0,0.0,True,"[0.2602715790271759, 0.3707778751850128, 0.3689505457878113]","[0.2602715790271759, 0.3707778751850128, 0.3689505457878113]",,,,
31084,67,-500.0,500,,mlp,,0,0,0,0,0,0,0,0,0.0,0.0,True,"[0.3982939124107361, 0.32831746339797974, 0.2733886241912842]","[0.3982939124107361, 0.32831746339797974, 0.2733886241912842]",,,,
31523,68,-438.0,439,255.1470947265625,mlp,,0,0,0,0,0,0,0,0,0.0,0.0,True,"[0.1796654611825943, 0.33383941650390625, 0.48649516701698303]","[0.1796654611825943, 0.33383941650390625, 0.48649516701698303]",,,,
31857,69,-333.0,334,,mlp,,0,0,0,0,0,0,0,0,0.0,0.0,True,"[0.36528000235557556, 0.38404983282089233, 0.25067010521888733]","[0.36528000235557556, 0.38404983282089233, 0.25067010521888733]",,,,
32074,70,-216.0,217,,mlp,,0,0,0,0,0,0,0,0,0.0,0.0,True,"[0.1941276639699936, 0.36543282866477966, 0.44043949246406555]","[0.1941276639699936, 0.36543282866477966, 0.44043949246406555]",,,,
32529,71,-454.0,455,,mlp,,0,0,0,0,0,0,0,0,0.0,0.0,True,"[0.2874663472175598, 0.3349743187427521, 0.3775593638420105]","[0.2874663472175598, 0.3349743187427521, 0.3775593638420105]",,,,
32916,72,-386.0,387,248.64630126953125,mlp,,0,0,0,0,0,0,0,0,0.0,0.0,True,"[0.21030856668949127, 0.4010837972164154, 0.3886077105998993]","[0.21030856668949127, 0.4010837972164154, 0.3886077105998993]",,,,
33326,73,-409.0,410,,mlp,,0,0,0,0,0,0,0,0,0.0,0.0,True,"[0.3537440896034241, 0.38652533292770386, 0.2597305476665497]","[0.3537440896034241, 0.38652533292770386, 0.2597305476665497]",,,,
33644,74,-317.0,318,,mlp,,0,0,0,0,0,0,0,0,0.0,0.0,True,"[0.36391380429267883, 0.37687236070632935, 0.2592138648033142]","[0.36391380429267883, 0.37687236070632935, 0.2592138648033142]",,,,
34144,75,-500.0,500,,mlp,,0,0,0,0,0,0,0,0,0.0,0.0,True,"[0.1941932886838913, 0.33107030391693115, 0.47473639249801636]","[0.1941932886838913, 0.33107030391693115, 0.47473639249801636]",,,,
34403,76,-258.0,259,250.2158660888672,mlp,,0,0,0,0,0,0,0,0,0.0,0.0,True,"[0.2613525986671448, 0.3712617754936218, 0.367385596036911]","[0.2613525986671448, 0.3712617754936218, 0.367385596036911]",,,,
34877,77,-473.0,474,,mlp,,0,0,0,0,0,0,0,0,0.0,0.0,True,"[0.2723994553089142, 0.3877737820148468, 0.3398267328739166]","[0.2723994553089142, 0.3877737820148468, 0.3398267328739166]",,,,
35206,78,-328.0,329,,mlp,,0,0,0,0,0,0,0,0,0.0,0.0,True,"[0.2174317091703415, 0.3482183814048767, 0.43434983491897583]","[0.2174317091703415, 0.3482183814048767, 0.43434983491897583]",,,,
35484,79,-277.0,278,,mlp,,0,0,0,0,0,0,0,0,0.0,0.0,True,"[0.3689791262149811, 0.37673279643058777, 0.25428810715675354]","[0.3689791262149811, 0.37673279643058777, 0.25428810715675354]",,,,
35918,80,-433.0,434,248.22801208496094,mlp,,0,0,0,0,0,0,0,0,0.0,0.0,True,"[0.3472607135772705, 0.3537813127040863, 0.2989580035209656]","[0.3472607135772705, 0.3537813127040863, 0.2989580035209656]",,,,
36365,81,-446.0,447,,mlp,,0,0,0,0,0,0,0,0,0.0,0.0,True,"[0.2416379302740097, 0.3865501284599304, 0.3718118965625763]","[0.2416379302740097, 0.3865501284599304, 0.3718118965625763]",,,,
36807,82,-441.0,442,,mlp,,0,0,0,0,0,0,0,0,0.0,0.0,True,"[0.26969531178474426, 0.3658665120601654, 0.3644382059574127]","[0.26969531178474426, 0.3658665120601654, 0.3644382059574127]",,,,
37181,83,-373.0,374,,mlp,,0,0,0,0,0,0,0,0,0.0,0.0,True,"[0.36952853202819824, 0.3710278868675232, 0.2594435513019562]","[0.36952853202819824, 0.3710278868675232, 0.2594435513019562]",,,,
37681,84,-500.0,500,251.2669677734375,mlp,,0,0,0,0,0,0,0,0,0.0,0.0,True,"[0.29775747656822205, 0.3773261606693268, 0.32491642236709595]","[0.29775747656822205, 0.3773261606693268, 0.32491642236709595]",,,,
38111,85,-429.0,430,,mlp,,0,0,0,0,0,0,0,0,0.0,0.0,True,"[0.24142827093601227, 0.36897507309913635, 0.3895966410636902]","[0.24142827093601227, 0.36897507309913635, 0.3895966410636902]",,,,
38519,86,-407.0,408,,mlp,,0,0,0,0,0,0,0,0,0.0,0.0,True,"[0.15148817002773285, 0.26289719343185425, 0.5856146812438965]","[0.15148817002773285, 0.26289719343185425, 0.5856146812438965]",,,,
38865,87,-345.0,346,,mlp,,0,0,0,0,0,0,0,0,0.0,0.0,True,"[0.1910513937473297, 0.33741921186447144, 0.47152945399284363]","[0.1910513937473297, 0.33741921186447144, 0.47152945399284363]",,,,
39201,88,-335.0,336,246.05599975585938,mlp,,0,0,0,0,0,0,0,0,0.0,0.0,True,"[0.35568365454673767, 0.3696724474430084, 0.2746438682079315]","[0.35568365454673767, 0.3696724474430084, 0.2746438682079315]",,,,
39509,89,-307.0,308,,mlp,,0,0,0,0,0,0,0,0,0.0,0.0,True,"[0.37677183747291565, 0.374304860830307, 0.24892330169677734]","[0.37677183747291565, 0.374304860830307, 0.24892330169677734]",,,,
39842,90,-332.0,333,,mlp,,0,0,0,0,0,0,0,0,0.0,0.0,True,"[0.27790355682373047, 0.3633708953857422, 0.35872554779052734]","[0.27790355682373047, 0.3633708953857422, 0.35872554779052734]",,,,
40279,91,-436.0,437,,mlp,,0,0,0,0,0,0,0,0,0.0,0.0,True,"[0.36807721853256226, 0.3658067584037781, 0.2661159634590149]","[0.36807721853256226, 0.3658067584037781, 0.2661159634590149]",,,,
40757,92,-477.0,478,246.31993103027344,mlp,,0,0,0,0,0,0,0,0,0.0,0.0,True,"[0.3172043561935425, 0.35723334550857544, 0.3255622684955597]","[0.3172043561935425, 0.35723334550857544, 0.3255622684955597]",,,,
40999,93,-241.0,242,,mlp,,0,0,0,0,0,0,0,0,0.0,0.0,True,"[0.35668832063674927, 0.3610503375530243, 0.28226137161254883]","[0.35668832063674927, 0.3610503375530243, 0.28226137161254883]",,,,
41429,94,-429.0,430,,mlp,,0,0,0,0,0,0,0,0,0.0,0.0,True,"[0.36836087703704834, 0.36459794640541077, 0.2670411765575409]","[0.36836087703704834, 0.36459794640541077, 0.2670411765575409]",,,,
41852,95,-422.0,423,,mlp,,0,0,0,0,0,0,0,0,0.0,0.0,True,"[0.33574238419532776, 0.39551296830177307, 0.26874464750289917]","[0.33574238419532776, 0.39551296830177307, 0.26874464750289917]",,,,
42161,96,-308.0,309,245.80848693847656,mlp,,0,0,0,0,0,0,0,0,0.0,0.0,True,"[0.27646294236183167, 0.37655946612358093, 0.346977561712265]","[0.27646294236183167, 0.37655946612358093, 0.346977561712265]",,,,
42540,97,-378.0,379,,mlp,,0,0,0,0,0,0,0,0,0.0,0.0,True,"[0.2642059624195099, 0.3883516192436218, 0.3474423885345459]","[0.2642059624195099, 0.3883516192436218, 0.3474423885345459]",,,,
42999,98,-458.0,459,,mlp,,0,0,0,0,0,0,0,0,0.0,0.0,True,"[0.351443350315094, 0.43684065341949463, 0.21171601116657257]","[0.351443350315094, 0.43684065341949463, 0.21171601116657257]",,,,
43386,99,-386.0,387,,mlp,,0,0,0,0,0,0,0,0,0.0,0.0,True,"[0.23431044816970825, 0.34346985816955566, 0.42221975326538086]","[0.23431044816970825, 0.34346985816955566, 0.42221975326538086]",,,,
43739,100,-352.0,353,245.6842803955078,mlp,,0,0,0,0,0,0,0,0,0.0,0.0,True,"[0.3581661880016327, 0.38069412112236023, 0.2611396908760071]","[0.3581661880016327, 0.38069412112236023, 0.2611396908760071]",,,,
44045,101,-305.0,306,,mlp,,0,0,0,0,0,0,0,0,0.0,0.0,True,"[0.35292449593544006, 0.39000481367111206, 0.2570706605911255]","[0.35292449593544006, 0.39000481367111206, 0.2570706605911255]",,,,
44362,102,-316.0,317,,mlp,,0,0,0,0,0,0,0,0,0.0,0.0,True,"[0.18466618657112122, 0.30020684003829956, 0.5151269435882568]","[0.18466618657112122, 0.30020684003829956, 0.5151269435882568]",,,,
44776,103,-413.0,414,,mlp,,0,0,0,0,0,0,0,0,0.0,0.0,True,"[0.20580147206783295, 0.3937826156616211, 0.40041592717170715]","[0.20580147206783295, 0.3937826156616211, 0.40041592717170715]",,,,
45118,104,-341.0,342,243.6453857421875,mlp,,0,0,0,0,0,0,0,0,0.0,0.0,True,"[0.2654275894165039, 0.3620465099811554, 0.3725259304046631]","[0.2654275894165039, 0.3620465099811554, 0.3725259304046631]",,,,
45523,105,-404.0,405,,mlp,,0,0,0,0,0,0,0,0,0.0,0.0,True,"[0.11720412969589233, 0.23321564495563507, 0.6495802402496338]","[0.11720412969589233, 0.23321564495563507, 0.6495802402496338]",,,,
45925,106,-401.0,402,,mlp,,0,0,0,0,0,0,0,0,0.0,0.0,True,"[0.179531529545784, 0.2916100323200226, 0.528858482837677]","[0.179531529545784, 0.2916100323200226, 0.528858482837677]",,,,
46405,107,-479.0,480,,mlp,,0,0,0,0,0,0,0,0,0.0,0.0,True,"[0.36318448185920715, 0.4210314154624939, 0.21578407287597656]","[0.36318448185920715, 0.4210314154624939, 0.21578407287597656]",,,,
46807,108,-401.0,402,244.1271209716797,mlp,,0,0,0,0,0,0,0,0,0.0,0.0,True,"[0.3882855772972107, 0.36067888140678406, 0.25103557109832764]","[0.3882855772972107, 0.36067888140678406, 0.25103557109832764]",,,,
47147,109,-339.0,340,,mlp,,0,0,0,0,0,0,0,0,0.0,0.0,True,"[0.20705266296863556, 0.3224489688873291, 0.47049838304519653]","[0.20705266296863556, 0.3224489688873291, 0.47049838304519653]",,,,
47591,110,-443.0,444,,mlp,,0,0,0,0,0,0,0,0,0.0,0.0,True,"[0.3468489944934845, 0.40369680523872375, 0.24945420026779175]","[0.3468489944934845, 0.40369680523872375, 0.24945420026779175]",,,,
47964,111,-372.0,373,,mlp,,0,0,0,0,0,0,0,0,0.0,0.0,True,"[0.35743623971939087, 0.3934307396411896, 0.24913302063941956]","[0.35743623971939087, 0.3934307396411896, 0.24913302063941956]",,,,
48332,112,-367.0,368,243.1849822998047,mlp,,0,0,0,0,0,0,0,0,0.0,0.0,True,"[0.17006398737430573, 0.2944776713848114, 0.5354583263397217]","[0.17006398737430573, 0.2944776713848114, 0.5354583263397217]",,,,
48635,113,-302.0,303,,mlp,,0,0,0,0,0,0,0,0,0.0,0.0,True,"[0.33666113018989563, 0.3805099129676819, 0.2828289270401001]","[0.33666113018989563, 0.3805099129676819, 0.2828289270401001]",,,,
48984,114,-348.0,349,,mlp,,0,0,0,0,0,0,0,0,0.0,0.0,True,"[0.1923574060201645, 0.3073289692401886, 0.5003135800361633]","[0.1923574060201645, 0.3073289692401886, 0.5003135800361633]",,,,
49412,115,-427.0,428,,mlp,,0,0,0,0,0,0,0,0,0.0,0.0,True,"[0.2902558445930481, 0.35240185260772705, 0.35734230279922485]","[0.2902558445930481, 0.35240185260772705, 0.35734230279922485]",,,,
49753,116,-340.0,341,241.0903778076172,mlp,,0,0,0,0,0,0,0,0,0.0,0.0,True,"[0.1970423012971878, 0.3084850609302521, 0.49447259306907654]","[0.1970423012971878, 0.3084850609302521, 0.49447259306907654]",,,,
50253,117,-500.0,500,,mlp,,0,0,0,0,0,0,0,0,0.0,0.0,True,"[0.25158247351646423, 0.2856185734272003, 0.46279892325401306]","[0.25158247351646423, 0.2856185734272003, 0.46279892325401306]",,,,
50454,118,-200.0,201,,mlp,,0,0,0,0,0,0,0,0,0.0,0.0,True,"[0.24252356588840485, 0.33363234996795654, 0.4238440692424774]","[0.24252356588840485, 0.33363234996795654, 0.4238440692424774]",,,,
50890,119,-435.0,436,,mlp,,0,0,0,0,0,0,0,0,0.0,0.0,True,"[0.3429665267467499, 0.3992616534233093, 0.2577718198299408]","[0.3429665267467499, 0.3992616534233093, 0.2577718198299408]",,,,
51175,120,-284.0,285,242.90518188476562,mlp,,0,0,0,0,0,0,0,0,0.0,0.0,True,"[0.34398630261421204, 0.39030885696411133, 0.265704870223999]","[0.34398630261421204, 0.39030885696411133, 0.265704870223999]",,,,
51599,121,-423.0,424,,mlp,,0,0,0,0,0,0,0,0,0.0,0.0,True,"[0.21150800585746765, 0.33692169189453125, 0.4515703320503235]","[0.21150800585746765, 0.33692169189453125, 0.4515703320503235]",,,,
51909,122,-309.0,310,,mlp,,0,0,0,0,0,0,0,0,0.0,0.0,True,"[0.35333698987960815, 0.42559340596199036, 0.22106963396072388]","[0.35333698987960815, 0.42559340596199036, 0.22106963396072388]",,,,
52135,123,-225.0,226,,mlp,,0,0,0,0,0,0,0,0,0.0,0.0,True,"[0.34700238704681396, 0.40549570322036743, 0.247501939535141]","[0.34700238704681396, 0.40549570322036743, 0.247501939535141]",,,,
52544,124,-408.0,409,242.53494262695312,mlp,,0,0,0,0,0,0,0,0,0.0,0.0,True,"[0.11822720617055893, 0.16027739644050598, 0.7214953899383545]","[0.11822720617055893, 0.16027739644050598, 0.7214953899383545]",,,,
52977,125,-432.0,433,,mlp,,0,0,0,0,0,0,0,0,0.0,0.0,True,"[0.34547334909439087, 0.42735201120376587, 0.22717462480068207]","[0.34547334909439087, 0.42735201120376587, 0.22717462480068207]",,,,
53202,126,-224.0,225,,mlp,,0,0,0,0,0,0,0,0,0.0,0.0,True,"[0.299199640750885, 0.36689749360084534, 0.33390292525291443]","[0.299199640750885, 0.36689749360084534, 0.33390292525291443]",,,,
53702,127,-500.0,500,,mlp,,0,0,0,0,0,0,0,0,0.0,0.0,True,"[0.32934167981147766, 0.41346561908721924, 0.2571927309036255]","[0.32934167981147766, 0.41346561908721924, 0.2571927309036255]",,,,
53985,128,-282.0,283,242.40109252929688,mlp,,0,0,0,0,0,0,0,0,0.0,0.0,True,"[0.2547886371612549, 0.362038791179657, 0.38317257165908813]","[0.2547886371612549, 0.362038791179657, 0.38317257165908813]",,,,
54298,129,-312.0,313,,mlp,,0,0,0,0,0,0,0,0,0.0,0.0,True,"[0.24831141531467438, 0.3241216242313385, 0.4275670051574707]","[0.24831141531467438, 0.3241216242313385, 0.4275670051574707]",,,,
54580,130,-281.0,282,,mlp,,0,0,0,0,0,0,0,0,0.0,0.0,True,"[0.3842642903327942, 0.4080454111099243, 0.2076902985572815]","[0.3842642903327942, 0.4080454111099243, 0.2076902985572815]",,,,
54898,131,-317.0,318,,mlp,,0,0,0,0,0,0,0,0,0.0,0.0,True,"[0.35900768637657166, 0.43677568435668945, 0.20421665906906128]","[0.35900768637657166, 0.43677568435668945, 0.20421665906906128]",,,,
55232,132,-333.0,334,241.6234893798828,mlp,,0,0,0,0,0,0,0,0,0.0,0.0,True,"[0.22098545730113983, 0.28519850969314575, 0.49381598830223083]","[0.22098545730113983, 0.28519850969314575, 0.49381598830223083]",,,,
55549,133,-316.0,317,,mlp,,0,0,0,0,0,0,0,0,0.0,0.0,True,"[0.16086530685424805, 0.2180768847465515, 0.6210578083992004]","[0.16086530685424805, 0.2180768847465515, 0.6210578083992004]",,,,
56049,134,-500.0,500,,mlp,,0,0,0,0,0,0,0,0,0.0,0.0,True,"[0.20085881650447845, 0.2585091292858124, 0.5406320691108704]","[0.20085881650447845, 0.2585091292858124, 0.5406320691108704]",,,,
56429,135,-379.0,380,,mlp,,0,0,0,0,0,0,0,0,0.0,0.0,True,"[0.37304434180259705, 0.3491435945034027, 0.27781203389167786]","[0.37304434180259705, 0.3491435945034027, 0.27781203389167786]",,,,
56918,136,-488.0,489,246.44627380371094,mlp,,0,0,0,0,0,0,0,0,0.0,0.0,True,"[0.37217000126838684, 0.4460380971431732, 0.18179193139076233]","[0.37217000126838684, 0.4460380971431732, 0.18179193139076233]",,,,
57168,137,-249.0,250,,mlp,,0,0,0,0,0,0,0,0,0.0,0.0,True,"[0.36614489555358887, 0.3638870120048523, 0.26996809244155884]","[0.36614489555358887, 0.3638870120048523, 0.26996809244155884]",,,,
57378,138,-209.0,210,,mlp,,0,0,0,0,0,0,0,0,0.0,0.0,True,"[0.191509410738945, 0.26039958000183105, 0.5480909943580627]","[0.191509410738945, 0.26039958000183105, 0.5480909943580627]",,,,
57652,139,-273.0,274,,mlp,,0,0,0,0,0,0,0,0,0.0,0.0,True,"[0.2117076963186264, 0.26438477635383606, 0.523907482624054]","[0.2117076963186264, 0.26438477635383606, 0.523907482624054]",,,,
57957,140,-304.0,305,240.3688201904297,mlp,,0,0,0,0,0,0,0,0,0.0,0.0,True,"[0.17698955535888672, 0.24525541067123413, 0.5777549743652344]","[0.17698955535888672, 0.24525541067123413, 0.5777549743652344]",,,,
58457,141,-500.0,500,,mlp,,0,0,0,0,0,0,0,0,0.0,0.0,True,"[0.15258310735225677, 0.24766917526721954, 0.5997477173805237]","[0.15258310735225677, 0.24766917526721954, 0.5997477173805237]",,,,
58747,142,-289.0,290,,mlp,,0,0,0,0,0,0,0,0,0.0,0.0,True,"[0.36413127183914185, 0.4026499092578888, 0.23321883380413055]","[0.36413127183914185, 0.4026499092578888, 0.23321883380413055]",,,,
59117,143,-369.0,370,,mlp,,0,0,0,0,0,0,0,0,0.0,0.0,True,"[0.37965327501296997, 0.3672206401824951, 0.2531261146068573]","[0.37965327501296997, 0.3672206401824951, 0.2531261146068573]",,,,
59357,144,-239.0,240,244.24949645996094,mlp,,0,0,0,0,0,0,0,0,0.0,0.0,True,"[0.3685447573661804, 0.3948739469051361, 0.23658131062984467]","[0.3685447573661804, 0.3948739469051361, 0.23658131062984467]",,,,
59576,145,-218.0,219,,mlp,,0,0,0,0,0,0,0,0,0.0,0.0,True,"[0.12967613339424133, 0.15260927379131317, 0.7177145481109619]","[0.12967613339424133, 0.15260927379131317, 0.7177145481109619]",,,,
59991,146,-414.0,415,,mlp,,0,0,0,0,0,0,0,0,0.0,0.0,True,"[0.265616774559021, 0.3264181315898895, 0.40796512365341187]","[0.265616774559021, 0.3264181315898895, 0.40796512365341187]",,,,
60301,147,-309.0,310,,mlp,,0,0,0,0,0,0,0,0,0.0,0.0,True,"[0.21702136099338531, 0.27095234394073486, 0.512026309967041]","[0.21702136099338531, 0.27095234394073486, 0.512026309967041]",,,,
60679,148,-377.0,378,247.37940979003906,mlp,,0,0,0,0,0,0,0,0,0.0,0.0,True,"[0.1515243798494339, 0.16910195350646973, 0.6793737411499023]","[0.1515243798494339, 0.16910195350646973, 0.6793737411499023]",,,,
60937,149,-257.0,258,,mlp,,0,0,0,0,0,0,0,0,0.0,0.0,True,"[0.23160403966903687, 0.26279667019844055, 0.5055992007255554]","[0.23160403966903687, 0.26279667019844055, 0.5055992007255554]",,,,
61266,150,-328.0,329,,mlp,,0,0,0,0,0,0,0,0,0.0,0.0,True,"[0.24153994023799896, 0.2946344017982483, 0.46382570266723633]","[0.24153994023799896, 0.2946344017982483, 0.46382570266723633]",,,,
61546,151,-279.0,280,,mlp,,0,0,0,0,0,0,0,0,0.0,0.0,True,"[0.27506011724472046, 0.3238599896430969, 0.40107986330986023]","[0.27506011724472046, 0.3238599896430969, 0.40107986330986023]",,,,
61893,152,-346.0,347,239.9459228515625,mlp,,0,0,0,0,0,0,0,0,0.0,0.0,True,"[0.33879271149635315, 0.3784303367137909, 0.28277692198753357]","[0.33879271149635315, 0.3784303367137909, 0.28277692198753357]",,,,
62191,153,-297.0,298,,mlp,,0,0,0,0,0,0,0,0,0.0,0.0,True,"[0.25663068890571594, 0.301903635263443, 0.44146570563316345]","[0.25663068890571594, 0.301903635263443, 0.44146570563316345]",,,,
62469,154,-277.0,278,,mlp,,0,0,0,0,0,0,0,0,0.0,0.0,True,"[0.17330951988697052, 0.16010993719100952, 0.6665805578231812]","[0.17330951988697052, 0.16010993719100952, 0.6665805578231812]",,,,
62769,155,-299.0,300,,mlp,,0,0,0,0,0,0,0,0,0.0,0.0,True,"[0.18634122610092163, 0.19501711428165436, 0.6186416745185852]","[0.18634122610092163, 0.19501711428165436, 0.6186416745185852]",,,,
63040,156,-270.0,271,242.0735626220703,mlp,,0,0,0,0,0,0,0,0,0.0,0.0,True,"[0.38195544481277466, 0.3860740661621094, 0.23197054862976074]","[0.38195544481277466, 0.3860740661621094, 0.23197054862976074]",,,,
63335,157,-294.0,295,,mlp,,0,0,0,0,0,0,0,0,0.0,0.0,True,"[0.41800442337989807, 0.37584635615348816, 0.20614919066429138]","[0.41800442337989807, 0.37584635615348816, 0.20614919066429138]",,,,
63585,158,-249.0,250,,mlp,,0,0,0,0,0,0,0,0,0.0,0.0,True,"[0.3876355290412903, 0.3736080825328827, 0.23875637352466583]","[0.3876355290412903, 0.3736080825328827, 0.23875637352466583]",,,,
63797,159,-211.0,212,,mlp,,0,0,0,0,0,0,0,0,0.0,0.0,True,"[0.23322659730911255, 0.24048565328121185, 0.5262877345085144]","[0.23322659730911255, 0.24048565328121185, 0.5262877345085144]",,,,
64297,160,-500.0,500,240.6529998779297,mlp,,0,0,0,0,0,0,0,0,0.0,0.0,True,"[0.3184916079044342, 0.31176939606666565, 0.36973899602890015]","[0.3184916079044342, 0.31176939606666565, 0.36973899602890015]",,,,
64537,161,-239.0,240,,mlp,,0,0,0,0,0,0,0,0,0.0,0.0,True,"[0.34596121311187744, 0.37318184971809387, 0.2808569371700287]","[0.34596121311187744, 0.37318184971809387, 0.2808569371700287]",,,,
64771,162,-233.0,234,,mlp,,0,0,0,0,0,0,0,0,0.0,0.0,True,"[0.4035712480545044, 0.4017159938812256, 0.1947127729654312]","[0.4035712480545044, 0.4017159938812256, 0.1947127729654312]",,,,
65037,163,-265.0,266,,mlp,,0,0,0,0,0,0,0,0,0.0,0.0,True,"[0.2192901223897934, 0.2397157996892929, 0.5409941077232361]","[0.2192901223897934, 0.2397157996892929, 0.5409941077232361]",,,,
65284,164,-246.0,247,248.6579132080078,mlp,,0,0,0,0,0,0,0,0,0.0,0.0,True,"[0.4032869040966034, 0.37533971667289734, 0.22137340903282166]","[0.4032869040966034, 0.37533971667289734, 0.22137340903282166]",,,,
65476,165,-191.0,192,,mlp,,0,0,0,0,0,0,0,0,0.0,0.0,True,"[0.19976027309894562, 0.1578623205423355, 0.6423773765563965]","[0.19976027309894562, 0.1578623205423355, 0.6423773765563965]",,,,
65890,166,-413.0,414,,mlp,,0,0,0,0,0,0,0,0,0.0,0.0,True,"[0.267385333776474, 0.2761458158493042, 0.4564688205718994]","[0.267385333776474, 0.2761458158493042, 0.4564688205718994]",,,,
66235,167,-344.0,345,,mlp,,0,0,0,0,0,0,0,0,0.0,0.0,True,"[0.21161651611328125, 0.17708489298820496, 0.6112986207008362]","[0.21161651611328125, 0.17708489298820496, 0.6112986207008362]",,,,
66626,168,-390.0,391,254.83404541015625,mlp,,0,0,0,0,0,0,0,0,0.0,0.0,True,"[0.3900122344493866, 0.34871330857276917, 0.261274516582489]","[0.3900122344493866, 0.34871330857276917, 0.261274516582489]",,,,
66973,169,-346.0,347,,mlp,,0,0,0,0,0,0,0,0,0.0,0.0,True,"[0.13077636063098907, 0.0758037343621254, 0.7934198975563049]","[0.13077636063098907, 0.0758037343621254, 0.7934198975563049]",,,,
67407,170,-433.0,434,,mlp,,0,0,0,0,0,0,0,0,0.0,0.0,True,"[0.20292451977729797, 0.14620739221572876, 0.6508681178092957]","[0.20292451977729797, 0.14620739221572876, 0.6508681178092957]",,,,
67695,171,-287.0,288,,mlp,,0,0,0,0,0,0,0,0,0.0,0.0,True,"[0.4102481007575989, 0.38186222314834595, 0.20788970589637756]","[0.4102481007575989, 0.38186222314834595, 0.20788970589637756]",,,,
68034,172,-338.0,339,256.60382080078125,mlp,,0,0,0,0,0,0,0,0,0.0,0.0,True,"[0.3291012644767761, 0.33680811524391174, 0.33409062027931213]","[0.3291012644767761, 0.33680811524391174, 0.33409062027931213]",,,,
68453,173,-418.0,419,,mlp,,0,0,0,0,0,0,0,0,0.0,0.0,True,"[0.39640676975250244, 0.3888743817806244, 0.2147188037633896]","[0.39640676975250244, 0.3888743817806244, 0.2147188037633896]",,,,
68841,174,-387.0,388,,mlp,,0,0,0,0,0,0,0,0,0.0,0.0,True,"[0.41450071334838867, 0.36868736147880554, 0.2168119102716446]","[0.41450071334838867, 0.36868736147880554, 0.2168119102716446]",,,,
69103,175,-261.0,262,,mlp,,0,0,0,0,0,0,0,0,0.0,0.0,True,"[0.2616389989852905, 0.2352362722158432, 0.5031247138977051]","[0.2616389989852905, 0.2352362722158432, 0.5031247138977051]",,,,
69328,176,-224.0,225,245.31016540527344,mlp,,0,0,0,0,0,0,0,0,0.0,0.0,True,"[0.38320162892341614, 0.34367963671684265, 0.2731187343597412]","[0.38320162892341614, 0.34367963671684265, 0.2731187343597412]",,,,
69625,177,-296.0,297,,mlp,,0,0,0,0,0,0,0,0,0.0,0.0,True,"[0.4403257966041565, 0.34449663758277893, 0.21517759561538696]","[0.4403257966041565, 0.34449663758277893, 0.21517759561538696]",,,,
70094,178,-468.0,469,,mlp,,0,0,0,0,0,0,0,0,0.0,0.0,True,"[0.28227975964546204, 0.25773823261260986, 0.4599819481372833]","[0.28227975964546204, 0.25773823261260986, 0.4599819481372833]",,,,
70384,179,-289.0,290,,mlp,,0,0,0,0,0,0,0,0,0.0,0.0,True,"[0.30400514602661133, 0.3205004930496216, 0.3754943311214447]","[0.30400514602661133, 0.3205004930496216, 0.3754943311214447]",,,,
70694,180,-309.0,310,245.68882751464844,mlp,,0,0,0,0,0,0,0,0,0.0,0.0,True,"[0.24941067397594452, 0.20049341022968292, 0.5500959157943726]","[0.24941067397594452, 0.20049341022968292, 0.5500959157943726]",,,,
71042,181,-347.0,348,,mlp,,0,0,0,0,0,0,0,0,0.0,0.0,True,"[0.34037038683891296, 0.33486208319664, 0.32476750016212463]","[0.34037038683891296, 0.33486208319664, 0.32476750016212463]",,,,
71337,182,-294.0,295,,mlp,,0,0,0,0,0,0,0,0,0.0,0.0,True,"[0.5032768249511719, 0.3266894519329071, 0.17003366351127625]","[0.5032768249511719, 0.3266894519329071, 0.17003366351127625]",,,,
71661,183,-323.0,324,,mlp,,0,0,0,0,0,0,0,0,0.0,0.0,True,"[0.2682953178882599, 0.23457413911819458, 0.4971305727958679]","[0.2682953178882599, 0.23457413911819458, 0.4971305727958679]",,,,
72010,184,-348.0,349,251.32073974609375,mlp,,0,0,0,0,0,0,0,0,0.0,0.0,True,"[0.4138084948062897, 0.3712512254714966, 0.21494023501873016]","[0.4138084948062897, 0.3712512254714966, 0.21494023501873016]",,,,
72412,185,-401.0,402,,mlp,,0,0,0,0,0,0,0,0,0.0,0.0,True,"[0.1760793924331665, 0.10550285130739212, 0.718417763710022]","[0.1760793924331665, 0.10550285130739212, 0.718417763710022]",,,,
72912,186,-500.0,500,,mlp,,0,0,0,0,0,0,0,0,0.0,0.0,True,"[0.12716008722782135, 0.07008826732635498, 0.8027516007423401]","[0.12716008722782135, 0.07008826732635498, 0.8027516007423401]",,,,
73222,187,-309.0,310,,mlp,,0,0,0,0,0,0,0,0,0.0,0.0,True,"[0.4137176275253296, 0.3654119074344635, 0.22087055444717407]","[0.4137176275253296, 0.3654119074344635, 0.22087055444717407]",,,,
73481,188,-258.0,259,259.84197998046875,mlp,,0,0,0,0,0,0,0,0,0.0,0.0,True,"[0.2430737167596817, 0.19352997839450836, 0.5633962750434875]","[0.2430737167596817, 0.19352997839450836, 0.5633962750434875]",,,,
73869,189,-387.0,388,,mlp,,0,0,0,0,0,0,0,0,0.0,0.0,True,"[0.4251214265823364, 0.38084113597869873, 0.19403739273548126]","[0.4251214265823364, 0.38084113597869873, 0.19403739273548126]",,,,
74229,190,-359.0,360,,mlp,,0,0,0,0,0,0,0,0,0.0,0.0,True,"[0.3136254847049713, 0.281881719827652, 0.4044927954673767]","[0.3136254847049713, 0.281881719827652, 0.4044927954673767]",,,,
74729,191,-500.0,500,,mlp,,0,0,0,0,0,0,0,0,0.0,0.0,True,"[0.3785807192325592, 0.3378855884075165, 0.28353363275527954]","[0.3785807192325592, 0.3378855884075165, 0.28353363275527954]",,,,
75109,192,-379.0,380,249.1467742919922,mlp,,0,0,0,0,0,0,0,0,0.0,0.0,True,"[0.39627718925476074, 0.36836978793144226, 0.23535309731960297]","[0.39627718925476074, 0.36836978793144226, 0.23535309731960297]",,,,
75410,193,-300.0,301,,mlp,,0,0,0,0,0,0,0,0,0.0,0.0,True,"[0.3236202895641327, 0.2561049461364746, 0.4202747344970703]","[0.3236202895641327, 0.2561049461364746, 0.4202747344970703]",,,,
75910,194,-500.0,500,,mlp,,0,0,0,0,0,0,0,0,0.0,0.0,True,"[0.32196566462516785, 0.34810200333595276, 0.32993239164352417]","[0.32196566462516785, 0.34810200333595276, 0.32993239164352417]",,,,
76222,195,-311.0,312,,mlp,,0,0,0,0,0,0,0,0,0.0,0.0,True,"[0.23933632671833038, 0.15180888772010803, 0.6088548302650452]","[0.23933632671833038, 0.15180888772010803, 0.6088548302650452]",,,,
76530,196,-307.0,308,256.27581787109375,mlp,,0,0,0,0,0,0,0,0,0.0,0.0,True,"[0.32400667667388916, 0.298576682806015, 0.3774166703224182]","[0.32400667667388916, 0.298576682806015, 0.3774166703224182]",,,,
76905,197,-374.0,375,,mlp,,0,0,0,0,0,0,0,0,0.0,0.0,True,"[0.27862051129341125, 0.19817772507667542, 0.5232017636299133]","[0.27862051129341125, 0.19817772507667542, 0.5232017636299133]",,,,
77074,198,-168.0,169,,mlp,,0,0,0,0,0,0,0,0,0.0,0.0,True,"[0.237850621342659, 0.1845596581697464, 0.5775896906852722]","[0.237850621342659, 0.1845596581697464, 0.5775896906852722]",,,,
77292,199,-217.0,218,,mlp,,0,0,0,0,0,0,0,0,0.0,0.0,True,"[0.17277082800865173, 0.10173588991165161, 0.7254932522773743]","[0.17277082800865173, 0.10173588991165161, 0.7254932522773743]",,,,
77489,200,-196.0,197,275.2005920410156,mlp,,0,0,0,0,0,0,0,0,0.0,0.0,True,"[0.21183831989765167, 0.1523134857416153, 0.6358481645584106]","[0.21183831989765167, 0.1523134857416153, 0.6358481645584106]",,,,
77821,201,-331.0,332,,mlp,,0,0,0,0,0,0,0,0,0.0,0.0,True,"[0.4494921565055847, 0.34278014302253723, 0.20772774517536163]","[0.4494921565055847, 0.34278014302253723, 0.20772774517536163]",,,,
78321,202,-500.0,500,,mlp,,0,0,0,0,0,0,0,0,0.0,0.0,True,"[0.3021269738674164, 0.2902316451072693, 0.4076414108276367]","[0.3021269738674164, 0.2902316451072693, 0.4076414108276367]",,,,
78807,203,-485.0,486,,mlp,,0,0,0,0,0,0,0,0,0.0,0.0,True,"[0.41371190547943115, 0.3616134822368622, 0.2246745377779007]","[0.41371190547943115, 0.3616134822368622, 0.2246745377779007]",,,,
79276,204,-468.0,469,242.99481201171875,mlp,,0,0,0,0,0,0,0,0,0.0,0.0,True,"[0.22481504082679749, 0.19022755324840546, 0.5849574208259583]","[0.22481504082679749, 0.19022755324840546, 0.5849574208259583]",,,,
79607,205,-330.0,331,,mlp,,0,0,0,0,0,0,0,0,0.0,0.0,True,"[0.16771601140499115, 0.11019355803728104, 0.722090482711792]","[0.16771601140499115, 0.11019355803728104, 0.722090482711792]",,,,
80107,206,-500.0,500,,mlp,,0,0,0,0,0,0,0,0,0.0,0.0,True,"[0.6661643981933594, 0.2161206156015396, 0.11771494895219803]","[0.6661643981933594, 0.2161206156015396, 0.11771494895219803]",,,,
80411,207,-303.0,304,,mlp,,0,0,0,0,0,0,0,0,0.0,0.0,True,"[0.20507597923278809, 0.14860540628433228, 0.6463186740875244]","[0.20507597923278809, 0.14860540628433228, 0.6463186740875244]",,,,
80772,208,-360.0,361,270.4085388183594,mlp,,0,0,0,0,0,0,0,0,0.0,0.0,True,"[0.3496282398700714, 0.32458171248435974, 0.32579007744789124]","[0.3496282398700714, 0.32458171248435974, 0.32579007744789124]",,,,
81000,209,-227.0,228,,mlp,,0,0,0,0,0,0,0,0,0.0,0.0,True,"[0.42451000213623047, 0.35827934741973877, 0.2172105759382248]","[0.42451000213623047, 0.35827934741973877, 0.2172105759382248]",,,,
81355,210,-354.0,355,,mlp,,0,0,0,0,0,0,0,0,0.0,0.0,True,"[0.33242034912109375, 0.28511619567871094, 0.3824634253978729]","[0.33242034912109375, 0.28511619567871094, 0.3824634253978729]",,,,
81679,211,-323.0,324,,mlp,,0,0,0,0,0,0,0,0,0.0,0.0,True,"[0.4284738600254059, 0.29317140579223633, 0.2783547043800354]","[0.4284738600254059, 0.29317140579223633, 0.2783547043800354]",,,,
82033,212,-353.0,354,297.02789306640625,mlp,,0,0,0,0,0,0,0,0,0.0,0.0,True,"[0.2524094879627228, 0.2407459169626236, 0.5068446397781372]","[0.2524094879627228, 0.2407459169626236, 0.5068446397781372]",,,,
82278,213,-244.0,245,,mlp,,0,0,0,0,0,0,0,0,0.0,0.0,True,"[0.207131490111351, 0.1504361480474472, 0.6424323916435242]","[0.207131490111351, 0.1504361480474472, 0.6424323916435242]",,,,
82757,214,-478.0,479,,mlp,,0,0,0,0,0,0,0,0,0.0,0.0,True,"[0.17861352860927582, 0.1213262528181076, 0.700060248374939]","[0.17861352860927582, 0.1213262528181076, 0.700060248374939]",,,,
83218,215,-460.0,461,,mlp,,0,0,0,0,0,0,0,0,0.0,0.0,True,"[0.441422700881958, 0.338378369808197, 0.22019892930984497]","[0.441422700881958, 0.338378369808197, 0.22019892930984497]",,,,
83571,216,-352.0,353,268.9626770019531,mlp,,0,0,0,0,0,0,0,0,0.0,0.0,True,"[0.18040144443511963, 0.12197135388851166, 0.6976271867752075]","[0.18040144443511963, 0.12197135388851166, 0.6976271867752075]",,,,
83876,217,-304.0,305,,mlp,,0,0,0,0,0,0,0,0,0.0,0.0,True,"[0.22521086037158966, 0.17842207849025726, 0.5963670611381531]","[0.22521086037158966, 0.17842207849025726, 0.5963670611381531]",,,,
84084,218,-207.0,208,,mlp,,0,0,0,0,0,0,0,0,0.0,0.0,True,"[0.4209945499897003, 0.3585636019706726, 0.2204417735338211]","[0.4209945499897003, 0.3585636019706726, 0.2204417735338211]",,,,
84537,219,-452.0,453,,mlp,,0,0,0,0,0,0,0,0,0.0,0.0,True,"[0.39362040162086487, 0.3336423933506012, 0.2727372646331787]","[0.39362040162086487, 0.3336423933506012, 0.2727372646331787]",,,,
84917,220,-379.0,380,282.3022155761719,mlp,,0,0,0,0,0,0,0,0,0.0,0.0,True,"[0.5476179122924805, 0.2633487582206726, 0.18903334438800812]","[0.5476179122924805, 0.2633487582206726, 0.18903334438800812]",,,,
85230,221,-312.0,313,,mlp,,0,0,0,0,0,0,0,0,0.0,0.0,True,"[0.45487260818481445, 0.326251745223999, 0.2188757061958313]","[0.45487260818481445, 0.326251745223999, 0.2188757061958313]",,,,
85464,222,-233.0,234,,mlp,,0,0,0,0,0,0,0,0,0.0,0.0,True,"[0.20529289543628693, 0.14790020883083344, 0.6468068361282349]","[0.20529289543628693, 0.14790020883083344, 0.6468068361282349]",,,,
85805,223,-340.0,341,,mlp,,0,0,0,0,0,0,0,0,0.0,0.0,True,"[0.3445133864879608, 0.2966155409812927, 0.35887110233306885]","[0.3445133864879608, 0.2966155409812927, 0.35887110233306885]",,,,
86159,224,-353.0,354,288.8075256347656,mlp,,0,0,0,0,0,0,0,0,0.0,0.0,True,"[0.39864206314086914, 0.32890021800994873, 0.27245768904685974]","[0.39864206314086914, 0.32890021800994873, 0.27245768904685974]",,,,
86585,225,-425.0,426,,mlp,,0,0,0,0,0,0,0,0,0.0,0.0,True,"[0.41346240043640137, 0.3616173565387726, 0.22492025792598724]","[0.41346240043640137, 0.3616173565387726, 0.22492025792598724]",,,,
87085,226,-500.0,500,,mlp,,0,0,0,0,0,0,0,0,0.0,0.0,True,"[0.3562212288379669, 0.3367466926574707, 0.30703213810920715]","[0.3562212288379669, 0.3367466926574707, 0.30703213810920715]",,,,
87344,227,-258.0,259,,mlp,,0,0,0,0,0,0,0,0,0.0,0.0,True,"[0.11260106414556503, 0.07616649568080902, 0.8112325072288513]","[0.11260106414556503, 0.07616649568080902, 0.8112325072288513]",,,,
87666,228,-321.0,322,283.7147216796875,mlp,,0,0,0,0,0,0,0,0,0.0,0.0,True,"[0.11994024366140366, 0.061791323125362396, 0.8182684183120728]","[0.11994024366140366, 0.061791323125362396, 0.8182684183120728]",,,,
87928,229,-261.0,262,,mlp,,0,0,0,0,0,0,0,0,0.0,0.0,True,"[0.26859667897224426, 0.2780764400959015, 0.45332691073417664]","[0.26859667897224426, 0.2780764400959015, 0.45332691073417664]",,,,
88147,230,-218.0,219,,mlp,,0,0,0,0,0,0,0,0,0.0,0.0,True,"[0.197715625166893, 0.16303780674934387, 0.6392465829849243]","[0.197715625166893, 0.16303780674934387, 0.6392465829849243]",,,,
88474,231,-326.0,327,,mlp,,0,0,0,0,0,0,0,0,0.0,0.0,True,"[0.37920477986335754, 0.32794490456581116, 0.2928503453731537]","[0.37920477986335754, 0.32794490456581116, 0.2928503453731537]",,,,
88922,232,-447.0,448,316.1096496582031,mlp,,0,0,0,0,0,0,0,0,0.0,0.0,True,"[0.16019950807094574, 0.09118608385324478, 0.7486143708229065]","[0.16019950807094574, 0.09118608385324478, 0.7486143708229065]",,,,
89335,233,-412.0,413,,mlp,,0,0,0,0,0,0,0,0,0.0,0.0,True,"[0.3127121329307556, 0.230931356549263, 0.4563564360141754]","[0.3127121329307556, 0.230931356549263, 0.4563564360141754]",,,,
89569,234,-233.0,234,,mlp,,0,0,0,0,0,0,0,0,0.0,0.0,True,"[0.22621603310108185, 0.1754542887210846, 0.5983296632766724]","[0.22621603310108185, 0.1754542887210846, 0.5983296632766724]",,,,
89913,235,-343.0,344,,mlp,,0,0,0,0,0,0,0,0,0.0,0.0,True,"[0.24334752559661865, 0.20509196817874908, 0.5515605211257935]","[0.24334752559661865, 0.20509196817874908, 0.5515605211257935]",,,,
90413,236,-500.0,500,277.6255187988281,mlp,,0,0,0,0,0,0,0,0,0.0,0.0,True,"[0.36324137449264526, 0.3483272194862366, 0.28843140602111816]","[0.36324137449264526, 0.3483272194862366, 0.28843140602111816]",,,,
90862,237,-448.0,449,,mlp,,0,0,0,0,0,0,0,0,0.0,0.0,True,"[0.26177680492401123, 0.23427489399909973, 0.5039482116699219]","[0.26177680492401123, 0.23427489399909973, 0.5039482116699219]",,,,
91098,238,-235.0,236,,mlp,,0,0,0,0,0,0,0,0,0.0,0.0,True,"[0.39570197463035583, 0.3183985948562622, 0.28589940071105957]","[0.39570197463035583, 0.3183985948562622, 0.28589940071105957]",,,,
91367,239,-268.0,269,,mlp,,0,0,0,0,0,0,0,0,0.0,0.0,True,"[0.41226163506507874, 0.29924577474594116, 0.2884926199913025]","[0.41226163506507874, 0.29924577474594116, 0.2884926199913025]",,,,
91801,240,-433.0,434,291.9794616699219,mlp,,0,0,0,0,0,0,0,0,0.0,0.0,True,"[0.2832133173942566, 0.20795798301696777, 0.5088287591934204]","[0.2832133173942566, 0.20795798301696777, 0.5088287591934204]",,,,
92101,241,-299.0,300,,mlp,,0,0,0,0,0,0,0,0,0.0,0.0,True,"[0.3581498861312866, 0.3524307906627655, 0.28941935300827026]","[0.3581498861312866, 0.3524307906627655, 0.28941935300827026]",,,,
92601,242,-500.0,500,,mlp,,0,0,0,0,0,0,0,0,0.0,0.0,True,"[0.26973772048950195, 0.2265464961528778, 0.5037157535552979]","[0.26973772048950195, 0.2265464961528778, 0.5037157535552979]",,,,
92943,243,-341.0,342,,mlp,,0,0,0,0,0,0,0,0,0.0,0.0,True,"[0.20515497028827667, 0.14555758237838745, 0.6492874622344971]","[0.20515497028827667, 0.14555758237838745, 0.6492874622344971]",,,,
93275,244,-331.0,332,291.0290832519531,mlp,,0,0,0,0,0,0,0,0,0.0,0.0,True,"[0.38483914732933044, 0.35895541310310364, 0.2562054395675659]","[0.38483914732933044, 0.35895541310310364, 0.2562054395675659]",,,,
93775,245,-500.0,500,,mlp,,0,0,0,0,0,0,0,0,0.0,0.0,True,"[0.16702128946781158, 0.09644342213869095, 0.736535370349884]","[0.16702128946781158, 0.09644342213869095, 0.736535370349884]",,,,
94129,246,-353.0,354,,mlp,,0,0,0,0,0,0,0,0,0.0,0.0,True,"[0.1951615810394287, 0.12452439963817596, 0.6803140044212341]","[0.1951615810394287, 0.12452439963817596, 0.6803140044212341]",,,,
94470,247,-340.0,341,,mlp,,0,0,0,0,0,0,0,0,0.0,0.0,True,"[0.2354065328836441, 0.18823151290416718, 0.576361894607544]","[0.2354065328836441, 0.18823151290416718, 0.576361894607544]",,,,
94880,248,-409.0,410,273.4228210449219,mlp,,0,0,0,0,0,0,0,0,0.0,0.0,True,"[0.17633867263793945, 0.10677088797092438, 0.7168904542922974]","[0.17633867263793945, 0.10677088797092438, 0.7168904542922974]",,,,
95380,249,-500.0,500,,mlp,,0,0,0,0,0,0,0,0,0.0,0.0,True,"[0.25686144828796387, 0.22527539730072021, 0.5178631544113159]","[0.25686144828796387, 0.22527539730072021, 0.5178631544113159]",,,,
95619,250,-238.0,239,,mlp,,0,0,0,0,0,0,0,0,0.0,0.0,True,"[0.3789360821247101, 0.3409595787525177, 0.2801043391227722]","[0.3789360821247101, 0.3409595787525177, 0.2801043391227722]",,,,
96119,251,-500.0,500,,mlp,,0,0,0,0,0,0,0,0,0.0,0.0,True,"[0.41705453395843506, 0.3083689212799072, 0.27457648515701294]","[0.41705453395843506, 0.3083689212799072, 0.27457648515701294]",,,,
96473,252,-353.0,354,295.72711181640625,mlp,,0,0,0,0,0,0,0,0,0.0,0.0,True,"[0.4296855628490448, 0.31736356019973755, 0.2529509365558624]","[0.4296855628490448, 0.31736356019973755, 0.2529509365558624]",,,,
96973,253,-500.0,500,,mlp,,0,0,0,0,0,0,0,0,0.0,0.0,True,"[0.44415223598480225, 0.2939032316207886, 0.26194456219673157]","[0.44415223598480225, 0.2939032316207886, 0.26194456219673157]",,,,
97258,254,-284.0,285,,mlp,,0,0,0,0,0,0,0,0,0.0,0.0,True,"[0.22564993798732758, 0.14852577447891235, 0.6258242130279541]","[0.22564993798732758, 0.14852577447891235, 0.6258242130279541]",,,,
97744,255,-485.0,486,,mlp,,0,0,0,0,0,0,0,0,0.0,0.0,True,"[0.37206581234931946, 0.34703049063682556, 0.2809036672115326]","[0.37206581234931946, 0.34703049063682556, 0.2809036672115326]",,,,
98154,256,-409.0,410,290.06060791015625,mlp,,0,0,0,0,0,0,0,0,0.0,0.0,True,"[0.19922871887683868, 0.11389999091625214, 0.6868712902069092]","[0.19922871887683868, 0.11389999091625214, 0.6868712902069092]",,,,
98546,257,-391.0,392,,mlp,,0,0,0,0,0,0,0,0,0.0,0.0,True,"[0.360706090927124, 0.35270509123802185, 0.2865888178348541]","[0.360706090927124, 0.35270509123802185, 0.2865888178348541]",,,,
99046,258,-500.0,500,,mlp,,0,0,0,0,0,0,0,0,0.0,0.0,True,"[0.31824642419815063, 0.3478403389453888, 0.33391326665878296]","[0.31824642419815063, 0.3478403389453888, 0.33391326665878296]",,,,
99546,259,-500.0,500,,mlp,,0,0,0,0,0,0,0,0,0.0,0.0,True,"[0.3056028485298157, 0.3727906346321106, 0.32160648703575134]","[0.3056028485298157, 0.3727906346321106, 0.32160648703575134]",,,,
100046,260,-500.0,500,208.2176055908203,mlp,,0,0,0,0,0,0,0,0,0.0,0.0,True,"[0.2584076225757599, 0.18695805966854095, 0.5546343326568604]","[0.2584076225757599, 0.18695805966854095, 0.5546343326568604]",,,,
100546,261,-500.0,500,,mlp,,0,0,0,0,0,0,0,0,0.0,0.0,True,"[0.29158416390419006, 0.21221576631069183, 0.4962000846862793]","[0.29158416390419006, 0.21221576631069183, 0.4962000846862793]",,,,
100825,262,-278.0,279,,mlp,,0,0,0,0,0,0,0,0,0.0,0.0,True,"[0.16164055466651917, 0.060568634420633316, 0.7777908444404602]","[0.16164055466651917, 0.060568634420633316, 0.7777908444404602]",,,,
101271,263,-445.0,446,,mlp,,0,0,0,0,0,0,0,0,0.0,0.0,True,"[0.09026500582695007, 0.02042492665350437, 0.8893101215362549]","[0.09026500582695007, 0.02042492665350437, 0.8893101215362549]",,,,
101547,264,-275.0,276,351.99774169921875,mlp,,0,0,0,0,0,0,0,0,0.0,0.0,True,"[0.29346024990081787, 0.14934870600700378, 0.557191014289856]","[0.29346024990081787, 0.14934870600700378, 0.557191014289856]",,,,
101884,265,-336.0,337,,mlp,,0,0,0,0,0,0,0,0,0.0,0.0,True,"[0.33347225189208984, 0.3365238308906555, 0.33000391721725464]","[0.33347225189208984, 0.3365238308906555, 0.33000391721725464]",,,,
102384,266,-500.0,500,,mlp,,0,0,0,0,0,0,0,0,0.0,0.0,True,"[0.2791478931903839, 0.18621300160884857, 0.5346390604972839]","[0.2791478931903839, 0.18621300160884857, 0.5346390604972839]",,,,
102878,267,-493.0,494,,mlp,,0,0,0,0,0,0,0,0,0.0,0.0,True,"[0.31245455145835876, 0.15654660761356354, 0.5309988260269165]","[0.31245455145835876, 0.15654660761356354, 0.5309988260269165]",,,,
103191,268,-312.0,313,287.3817138671875,mlp,,0,0,0,0,0,0,0,0,0.0,0.0,True,"[0.2105514258146286, 0.09692956507205963, 0.692518949508667]","[0.2105514258146286, 0.09692956507205963, 0.692518949508667]",,,,
103495,269,-303.0,304,,mlp,,0,0,0,0,0,0,0,0,0.0,0.0,True,"[0.33335554599761963, 0.3431646227836609, 0.3234798014163971]","[0.33335554599761963, 0.3431646227836609, 0.3234798014163971]",,,,
103995,270,-500.0,500,,mlp,,0,0,0,0,0,0,0,0,0.0,0.0,True,"[0.3060832917690277, 0.25816625356674194, 0.43575042486190796]","[0.3060832917690277, 0.25816625356674194, 0.43575042486190796]",,,,
104384,271,-388.0,389,,mlp,,0,0,0,0,0,0,0,0,0.0,0.0,True,"[0.25783875584602356, 0.15408803522586823, 0.588073194026947]","[0.25783875584602356, 0.15408803522586823, 0.588073194026947]",,,,
104884,272,-500.0,500,290.76568603515625,mlp,,0,0,0,0,0,0,0,0,0.0,0.0,True,"[0.4127713143825531, 0.2771427035331726, 0.3100860118865967]","[0.4127713143825531, 0.2771427035331726, 0.3100860118865967]",,,,
105384,273,-500.0,500,,mlp,,0,0,0,0,0,0,0,0,0.0,0.0,True,"[0.3241838216781616, 0.34967365860939026, 0.3261425495147705]","[0.3241838216781616, 0.34967365860939026, 0.3261425495147705]",,,,
105884,274,-500.0,500,,mlp,,0,0,0,0,0,0,0,0,0.0,0.0,True,"[0.21091972291469574, 0.08610314130783081, 0.7029770612716675]","[0.21091972291469574, 0.08610314130783081, 0.7029770612716675]",,,,
106384,275,-500.0,500,,mlp,,0,0,0,0,0,0,0,0,0.0,0.0,True,"[0.36134231090545654, 0.3227483034133911, 0.31590935587882996]","[0.36134231090545654, 0.3227483034133911, 0.31590935587882996]",,,,
106884,276,-500.0,500,260.76239013671875,mlp,,0,0,0,0,0,0,0,0,0.0,0.0,True,"[0.30809351801872253, 0.33712488412857056, 0.3547816276550293]","[0.30809351801872253, 0.33712488412857056, 0.3547816276550293]",,,,
107384,277,-500.0,500,,mlp,,0,0,0,0,0,0,0,0,0.0,0.0,True,"[0.32664212584495544, 0.3292098343372345, 0.34414806962013245]","[0.32664212584495544, 0.3292098343372345, 0.34414806962013245]",,,,
107870,278,-485.0,486,,mlp,,0,0,0,0,0,0,0,0,0.0,0.0,True,"[0.35662466287612915, 0.3417127728462219, 0.3016625642776489]","[0.35662466287612915, 0.3417127728462219, 0.3016625642776489]",,,,
108370,279,-500.0,500,,mlp,,0,0,0,0,0,0,0,0,0.0,0.0,True,"[0.31952929496765137, 0.3594473898410797, 0.32102328538894653]","[0.31952929496765137, 0.3594473898410797, 0.32102328538894653]",,,,
108870,280,-500.0,500,275.072265625,mlp,,0,0,0,0,0,0,0,0,0.0,0.0,True,"[0.315279483795166, 0.35145696997642517, 0.3332635462284088]","[0.315279483795166, 0.35145696997642517, 0.3332635462284088]",,,,
109370,281,-500.0,500,,mlp,,0,0,0,0,0,0,0,0,0.0,0.0,True,"[0.2844336926937103, 0.32887932658195496, 0.3866869807243347]","[0.2844336926937103, 0.32887932658195496, 0.3866869807243347]",,,,
109870,282,-500.0,500,,mlp,,0,0,0,0,0,0,0,0,0.0,0.0,True,"[0.29363977909088135, 0.36630862951278687, 0.3400516211986542]","[0.29363977909088135, 0.36630862951278687, 0.3400516211986542]",,,,
110370,283,-500.0,500,,mlp,,0,0,0,0,0,0,0,0,0.0,0.0,True,"[0.31781116127967834, 0.3582616150379181, 0.32392728328704834]","[0.31781116127967834, 0.3582616150379181, 0.32392728328704834]",,,,
110821,284,-450.0,451,272.59051513671875,mlp,,0,0,0,0,0,0,0,0,0.0,0.0,True,"[0.3406752049922943, 0.348808228969574, 0.3105165958404541]","[0.3406752049922943, 0.348808228969574, 0.3105165958404541]",,,,
111321,285,-500.0,500,,mlp,,0,0,0,0,0,0,0,0,0.0,0.0,True,"[0.28330108523368835, 0.36182424426078796, 0.3548746407032013]","[0.28330108523368835, 0.36182424426078796, 0.3548746407032013]",,,,
111726,286,-404.0,405,,mlp,,0,0,0,0,0,0,0,0,0.0,0.0,True,"[0.31955647468566895, 0.34539690613746643, 0.335046648979187]","[0.31955647468566895, 0.34539690613746643, 0.335046648979187]",,,,
112226,287,-500.0,500,,mlp,,0,0,0,0,0,0,0,0,0.0,0.0,True,"[0.3127669394016266, 0.3395320475101471, 0.3477010130882263]","[0.3127669394016266, 0.3395320475101471, 0.3477010130882263]",,,,
112685,288,-458.0,459,246.2028045654297,mlp,,0,0,0,0,0,0,0,0,0.0,0.0,True,"[0.3323376476764679, 0.23465147614479065, 0.43301084637641907]","[0.3323376476764679, 0.23465147614479065, 0.43301084637641907]",,,,
113185,289,-500.0,500,,mlp,,0,0,0,0,0,0,0,0,0.0,0.0,True,"[0.3039780557155609, 0.29985538125038147, 0.3961666226387024]","[0.3039780557155609, 0.29985538125038147, 0.3961666226387024]",,,,
113606,290,-420.0,421,,mlp,,0,0,0,0,0,0,0,0,0.0,0.0,True,"[0.3237684667110443, 0.35459670424461365, 0.32163476943969727]","[0.3237684667110443, 0.35459670424461365, 0.32163476943969727]",,,,
114106,291,-500.0,500,,mlp,,0,0,0,0,0,0,0,0,0.0,0.0,True,"[0.29510748386383057, 0.3323896527290344, 0.3725028336048126]","[0.29510748386383057, 0.3323896527290344, 0.3725028336048126]",,,,
114606,292,-500.0,500,224.40151977539062,mlp,,0,0,0,0,0,0,0,0,0.0,0.0,True,"[0.2731480896472931, 0.36829110980033875, 0.35856080055236816]","[0.2731480896472931, 0.36829110980033875, 0.35856080055236816]",,,,
115106,293,-500.0,500,,mlp,,0,0,0,0,0,0,0,0,0.0,0.0,True,"[0.33317235112190247, 0.32062917947769165, 0.3461984395980835]","[0.33317235112190247, 0.32062917947769165, 0.3461984395980835]",,,,
115606,294,-500.0,500,,mlp,,0,0,0,0,0,0,0,0,0.0,0.0,True,"[0.2743379473686218, 0.37505874037742615, 0.35060328245162964]","[0.2743379473686218, 0.37505874037742615, 0.35060328245162964]",,,,
116106,295,-500.0,500,,mlp,,0,0,0,0,0,0,0,0,0.0,0.0,True,"[0.2964209020137787, 0.373484343290329, 0.33009475469589233]","[0.2964209020137787, 0.373484343290329, 0.33009475469589233]",,,,
116606,296,-500.0,500,199.30862426757812,mlp,,0,0,0,0,0,0,0,0,0.0,0.0,True,"[0.3216979205608368, 0.2960135042667389, 0.38228854537010193]","[0.3216979205608368, 0.2960135042667389, 0.38228854537010193]",,,,
117106,297,-500.0,500,,mlp,,0,0,0,0,0,0,0,0,0.0,0.0,True,"[0.28564393520355225, 0.3298158049583435, 0.38454025983810425]","[0.28564393520355225, 0.3298158049583435, 0.38454025983810425]",,,,
117606,298,-500.0,500,,mlp,,0,0,0,0,0,0,0,0,0.0,0.0,True,"[0.3365870416164398, 0.3032693862915039, 0.36014363169670105]","[0.3365870416164398, 0.3032693862915039, 0.36014363169670105]",,,,
118106,299,-500.0,500,,mlp,,0,0,0,0,0,0,0,0,0.0,0.0,True,"[0.2901539206504822, 0.2969542145729065, 0.41289183497428894]","[0.2901539206504822, 0.2969542145729065, 0.41289183497428894]",,,,
118606,300,-500.0,500,229.2979278564453,mlp,,0,0,0,0,0,0,0,0,0.0,0.0,True,"[0.2666832506656647, 0.3530670702457428, 0.38024961948394775]","[0.2666832506656647, 0.3530670702457428, 0.38024961948394775]",,,,
119106,301,-500.0,500,,mlp,,0,0,0,0,0,0,0,0,0.0,0.0,True,"[0.34630924463272095, 0.27592146396636963, 0.37776926159858704]","[0.34630924463272095, 0.27592146396636963, 0.37776926159858704]",,,,
119606,302,-500.0,500,,mlp,,0,0,0,0,0,0,0,0,0.0,0.0,True,"[0.35091930627822876, 0.20938079059123993, 0.43969985842704773]","[0.35091930627822876, 0.20938079059123993, 0.43969985842704773]",,,,
120106,303,-500.0,500,,mlp,,0,0,0,0,0,0,0,0,0.0,0.0,True,"[0.34193381667137146, 0.2587529122829437, 0.3993132412433624]","[0.34193381667137146, 0.2587529122829437, 0.3993132412433624]",,,,
120606,304,-500.0,500,197.78501892089844,mlp,,0,0,0,0,0,0,0,0,0.0,0.0,True,"[0.3062073588371277, 0.364982932806015, 0.3288097083568573]","[0.3062073588371277, 0.364982932806015, 0.3288097083568573]",,,,
121106,305,-500.0,500,,mlp,,0,0,0,0,0,0,0,0,0.0,0.0,True,"[0.32414713501930237, 0.34052130579948425, 0.3353315591812134]","[0.32414713501930237, 0.34052130579948425, 0.3353315591812134]",,,,
121606,306,-500.0,500,,mlp,,0,0,0,0,0,0,0,0,0.0,0.0,True,"[0.2692871391773224, 0.37690943479537964, 0.35380348563194275]","[0.2692871391773224, 0.37690943479537964, 0.35380348563194275]",,,,
122106,307,-500.0,500,,mlp,,0,0,0,0,0,0,0,0,0.0,0.0,True,"[0.2804146707057953, 0.35183393955230713, 0.3677513897418976]","[0.2804146707057953, 0.35183393955230713, 0.3677513897418976]",,,,
122606,308,-500.0,500,171.30044555664062,mlp,,0,0,0,0,0,0,0,0,0.0,0.0,True,"[0.3101266324520111, 0.3432357907295227, 0.3466375470161438]","[0.3101266324520111, 0.3432357907295227, 0.3466375470161438]",,,,
123106,309,-500.0,500,,mlp,,0,0,0,0,0,0,0,0,0.0,0.0,True,"[0.3246992528438568, 0.34191325306892395, 0.3333875238895416]","[0.3246992528438568, 0.34191325306892395, 0.3333875238895416]",,,,
123606,310,-500.0,500,,mlp,,0,0,0,0,0,0,0,0,0.0,0.0,True,"[0.25231361389160156, 0.38049888610839844, 0.3671875298023224]","[0.25231361389160156, 0.38049888610839844, 0.3671875298023224]",,,,
124106,311,-500.0,500,,mlp,,0,0,0,0,0,0,0,0,0.0,0.0,True,"[0.37462812662124634, 0.2394682765007019, 0.38590359687805176]","[0.37462812662124634, 0.2394682765007019, 0.38590359687805176]",,,,
124606,312,-500.0,500,176.46278381347656,mlp,,0,0,0,0,0,0,0,0,0.0,0.0,True,"[0.32479211688041687, 0.36346006393432617, 0.31174784898757935]","[0.32479211688041687, 0.36346006393432617, 0.31174784898757935]",,,,
125106,313,-500.0,500,,mlp,,0,0,0,0,0,0,0,0,0.0,0.0,True,"[0.3911767899990082, 0.2548931837081909, 0.35392996668815613]","[0.3911767899990082, 0.2548931837081909, 0.35392996668815613]",,,,
125606,314,-500.0,500,,mlp,,0,0,0,0,0,0,0,0,0.0,0.0,True,"[0.3688448667526245, 0.2922099232673645, 0.3389451503753662]","[0.3688448667526245, 0.2922099232673645, 0.3389451503753662]",,,,
126106,315,-500.0,500,,mlp,,0,0,0,0,0,0,0,0,0.0,0.0,True,"[0.2652420401573181, 0.3690638244152069, 0.36569416522979736]","[0.2652420401573181, 0.3690638244152069, 0.36569416522979736]",,,,
126606,316,-500.0,500,168.33274841308594,mlp,,0,0,0,0,0,0,0,0,0.0,0.0,True,"[0.2514035403728485, 0.37226659059524536, 0.37632980942726135]","[0.2514035403728485, 0.37226659059524536, 0.37632980942726135]",,,,
127106,317,-500.0,500,,mlp,,0,0,0,0,0,0,0,0,0.0,0.0,True,"[0.32441356778144836, 0.3514571785926819, 0.32412922382354736]","[0.32441356778144836, 0.3514571785926819, 0.32412922382354736]",,,,
127606,318,-500.0,500,,mlp,,0,0,0,0,0,0,0,0,0.0,0.0,True,"[0.2725411355495453, 0.3834717273712158, 0.3439871370792389]","[0.2725411355495453, 0.3834717273712158, 0.3439871370792389]",,,,
128106,319,-500.0,500,,mlp,,0,0,0,0,0,0,0,0,0.0,0.0,True,"[0.3352336883544922, 0.3357408046722412, 0.329025536775589]","[0.3352336883544922, 0.3357408046722412, 0.329025536775589]",,,,
128606,320,-500.0,500,149.2135009765625,mlp,,0,0,0,0,0,0,0,0,0.0,0.0,True,"[0.3616738021373749, 0.3101048469543457, 0.3282213509082794]","[0.3616738021373749, 0.3101048469543457, 0.3282213509082794]",,,,
129106,321,-500.0,500,,mlp,,0,0,0,0,0,0,0,0,0.0,0.0,True,"[0.3000299632549286, 0.3662610650062561, 0.3337090015411377]","[0.3000299632549286, 0.3662610650062561, 0.3337090015411377]",,,,
129606,322,-500.0,500,,mlp,,0,0,0,0,0,0,0,0,0.0,0.0,True,"[0.3102065324783325, 0.3759653568267822, 0.3138280510902405]","[0.3102065324783325, 0.3759653568267822, 0.3138280510902405]",,,,
130106,323,-500.0,500,,mlp,,0,0,0,0,0,0,0,0,0.0,0.0,True,"[0.27681127190589905, 0.38364773988723755, 0.3395410180091858]","[0.27681127190589905, 0.38364773988723755, 0.3395410180091858]",,,,
130606,324,-500.0,500,153.23870849609375,mlp,,0,0,0,0,0,0,0,0,0.0,0.0,True,"[0.3660205900669098, 0.3064473569393158, 0.327532023191452]","[0.3660205900669098, 0.3064473569393158, 0.327532023191452]",,,,
131106,325,-500.0,500,,mlp,,0,0,0,0,0,0,0,0,0.0,0.0,True,"[0.27830302715301514, 0.3510417342185974, 0.37065523862838745]","[0.27830302715301514, 0.3510417342185974, 0.37065523862838745]",,,,
131606,326,-500.0,500,,mlp,,0,0,0,0,0,0,0,0,0.0,0.0,True,"[0.34875866770744324, 0.3228033781051636, 0.3284378945827484]","[0.34875866770744324, 0.3228033781051636, 0.3284378945827484]",,,,
132106,327,-500.0,500,,mlp,,0,0,0,0,0,0,0,0,0.0,0.0,True,"[0.2654610872268677, 0.3744078576564789, 0.3601311147212982]","[0.2654610872268677, 0.3744078576564789, 0.3601311147212982]",,,,
132606,328,-500.0,500,151.55177307128906,mlp,,0,0,0,0,0,0,0,0,0.0,0.0,True,"[0.280086487531662, 0.3814360797405243, 0.33847737312316895]","[0.280086487531662, 0.3814360797405243, 0.33847737312316895]",,,,
133106,329,-500.0,500,,mlp,,0,0,0,0,0,0,0,0,0.0,0.0,True,"[0.36725515127182007, 0.33246222138404846, 0.30028262734413147]","[0.36725515127182007, 0.33246222138404846, 0.30028262734413147]",,,,
133606,330,-500.0,500,,mlp,,0,0,0,0,0,0,0,0,0.0,0.0,True,"[0.24545574188232422, 0.38084784150123596, 0.37369638681411743]","[0.24545574188232422, 0.38084784150123596, 0.37369638681411743]",,,,
134106,331,-500.0,500,,mlp,,0,0,0,0,0,0,0,0,0.0,0.0,True,"[0.38729384541511536, 0.3124353289604187, 0.30027085542678833]","[0.38729384541511536, 0.3124353289604187, 0.30027085542678833]",,,,
134606,332,-500.0,500,160.19802856445312,mlp,,0,0,0,0,0,0,0,0,0.0,0.0,True,"[0.22866295278072357, 0.37569499015808105, 0.39564210176467896]","[0.22866295278072357, 0.37569499015808105, 0.39564210176467896]",,,,
135106,333,-500.0,500,,mlp,,0,0,0,0,0,0,0,0,0.0,0.0,True,"[0.24172373116016388, 0.3794817626476288, 0.3787945508956909]","[0.24172373116016388, 0.3794817626476288, 0.3787945508956909]",,,,
135606,334,-500.0,500,,mlp,,0,0,0,0,0,0,0,0,0.0,0.0,True,"[0.26763036847114563, 0.37559500336647034, 0.35677456855773926]","[0.26763036847114563, 0.37559500336647034, 0.35677456855773926]",,,,
136106,335,-500.0,500,,mlp,,0,0,0,0,0,0,0,0,0.0,0.0,True,"[0.27899694442749023, 0.3732547461986542, 0.347748339176178]","[0.27899694442749023, 0.3732547461986542, 0.347748339176178]",,,,
136606,336,-500.0,500,142.65260314941406,mlp,,0,0,0,0,0,0,0,0,0.0,0.0,True,"[0.33586496114730835, 0.36500459909439087, 0.2991304099559784]","[0.33586496114730835, 0.36500459909439087, 0.2991304099559784]",,,,
137106,337,-500.0,500,,mlp,,0,0,0,0,0,0,0,0,0.0,0.0,True,"[0.3816971182823181, 0.30864864587783813, 0.30965420603752136]","[0.3816971182823181, 0.30864864587783813, 0.30965420603752136]",,,,
137606,338,-500.0,500,,mlp,,0,0,0,0,0,0,0,0,0.0,0.0,True,"[0.30706268548965454, 0.36201485991477966, 0.33092251420021057]","[0.30706268548965454, 0.36201485991477966, 0.33092251420021057]",,,,
138106,339,-500.0,500,,mlp,,0,0,0,0,0,0,0,0,0.0,0.0,True,"[0.2610349655151367, 0.37234267592430115, 0.36662232875823975]","[0.2610349655151367, 0.37234267592430115, 0.36662232875823975]",,,,
138606,340,-500.0,500,134.21873474121094,mlp,,0,0,0,0,0,0,0,0,0.0,0.0,True,"[0.36983123421669006, 0.3233649730682373, 0.3068038523197174]","[0.36983123421669006, 0.3233649730682373, 0.3068038523197174]",,,,
139106,341,-500.0,500,,mlp,,0,0,0,0,0,0,0,0,0.0,0.0,True,"[0.25729459524154663, 0.36664554476737976, 0.3760598599910736]","[0.25729459524154663, 0.36664554476737976, 0.3760598599910736]",,,,
139606,342,-500.0,500,,mlp,,0,0,0,0,0,0,0,0,0.0,0.0,True,"[0.3521502614021301, 0.33760562539100647, 0.31024402379989624]","[0.3521502614021301, 0.33760562539100647, 0.31024402379989624]",,,,
140106,343,-500.0,500,,mlp,,0,0,0,0,0,0,0,0,0.0,0.0,True,"[0.23796048760414124, 0.3763660788536072, 0.3856733739376068]","[0.23796048760414124, 0.3763660788536072, 0.3856733739376068]",,,,
140606,344,-500.0,500,131.51828002929688,mlp,,0,0,0,0,0,0,0,0,0.0,0.0,True,"[0.27069464325904846, 0.37345921993255615, 0.3558461666107178]","[0.27069464325904846, 0.37345921993255615, 0.3558461666107178]",,,,
141106,345,-500.0,500,,mlp,,0,0,0,0,0,0,0,0,0.0,0.0,True,"[0.28210964798927307, 0.3779558539390564, 0.33993446826934814]","[0.28210964798927307, 0.3779558539390564, 0.33993446826934814]",,,,
141606,346,-500.0,500,,mlp,,0,0,0,0,0,0,0,0,0.0,0.0,True,"[0.3753136694431305, 0.3254813551902771, 0.29920494556427]","[0.3753136694431305, 0.3254813551902771, 0.29920494556427]",,,,
142106,347,-500.0,500,,mlp,,0,0,0,0,0,0,0,0,0.0,0.0,True,"[0.3778497278690338, 0.32888272404670715, 0.29326754808425903]","[0.3778497278690338, 0.32888272404670715, 0.29326754808425903]",,,,
142606,348,-500.0,500,131.59205627441406,mlp,,0,0,0,0,0,0,0,0,0.0,0.0,True,"[0.3672228157520294, 0.32760757207870483, 0.30516958236694336]","[0.3672228157520294, 0.32760757207870483, 0.30516958236694336]",,,,
143106,349,-500.0,500,,mlp,,0,0,0,0,0,0,0,0,0.0,0.0,True,"[0.25842753052711487, 0.3788211941719055, 0.3627512753009796]","[0.25842753052711487, 0.3788211941719055, 0.3627512753009796]",,,,
143606,350,-500.0,500,,mlp,,0,0,0,0,0,0,0,0,0.0,0.0,True,"[0.35309624671936035, 0.35379940271377563, 0.2931043207645416]","[0.35309624671936035, 0.35379940271377563, 0.2931043207645416]",,,,
144106,351,-500.0,500,,mlp,,0,0,0,0,0,0,0,0,0.0,0.0,True,"[0.3177269995212555, 0.3556455671787262, 0.3266274333000183]","[0.3177269995212555, 0.3556455671787262, 0.3266274333000183]",,,,
144606,352,-500.0,500,123.40864562988281,mlp,,0,0,0,0,0,0,0,0,0.0,0.0,True,"[0.30726978182792664, 0.3640534281730652, 0.3286767899990082]","[0.30726978182792664, 0.3640534281730652, 0.3286767899990082]",,,,
145106,353,-500.0,500,,mlp,,0,0,0,0,0,0,0,0,0.0,0.0,True,"[0.20206372439861298, 0.3668597340583801, 0.4310765266418457]","[0.20206372439861298, 0.3668597340583801, 0.4310765266418457]",,,,
145606,354,-500.0,500,,mlp,,0,0,0,0,0,0,0,0,0.0,0.0,True,"[0.2782951295375824, 0.3756597340106964, 0.34604519605636597]","[0.2782951295375824, 0.3756597340106964, 0.34604519605636597]",,,,
146106,355,-500.0,500,,mlp,,0,0,0,0,0,0,0,0,0.0,0.0,True,"[0.3229403793811798, 0.35994040966033936, 0.31711921095848083]","[0.3229403793811798, 0.35994040966033936, 0.31711921095848083]",,,,
146606,356,-500.0,500,124.13700866699219,mlp,,0,0,0,0,0,0,0,0,0.0,0.0,True,"[0.30657944083213806, 0.37505775690078735, 0.3183628022670746]","[0.30657944083213806, 0.37505775690078735, 0.3183628022670746]",,,,
147106,357,-500.0,500,,mlp,,0,0,0,0,0,0,0,0,0.0,0.0,True,"[0.2606167793273926, 0.373811811208725, 0.36557140946388245]","[0.2606167793273926, 0.373811811208725, 0.36557140946388245]",,,,
147606,358,-500.0,500,,mlp,,0,0,0,0,0,0,0,0,0.0,0.0,True,"[0.36123475432395935, 0.35381871461868286, 0.2849465310573578]","[0.36123475432395935, 0.35381871461868286, 0.2849465310573578]",,,,
148106,359,-500.0,500,,mlp,,0,0,0,0,0,0,0,0,0.0,0.0,True,"[0.20191757380962372, 0.36468181014060974, 0.43340060114860535]","[0.20191757380962372, 0.36468181014060974, 0.43340060114860535]",,,,
148606,360,-500.0,500,120.70655059814453,mlp,,0,0,0,0,0,0,0,0,0.0,0.0,True,"[0.26771727204322815, 0.36466649174690247, 0.3676162362098694]","[0.26771727204322815, 0.36466649174690247, 0.3676162362098694]",,,,
149106,361,-500.0,500,,mlp,,0,0,0,0,0,0,0,0,0.0,0.0,True,"[0.2899259626865387, 0.3753485381603241, 0.3347255289554596]","[0.2899259626865387, 0.3753485381603241, 0.3347255289554596]",,,,
149606,362,-500.0,500,,mlp,,0,0,0,0,0,0,0,0,0.0,0.0,True,"[0.427668958902359, 0.3065226376056671, 0.26580843329429626]","[0.427668958902359, 0.3065226376056671, 0.26580843329429626]",,,,
