dataset,policy,adapter_mode,seed,device,initial_cases,retained_cases,target_capacity,pre_maint_acc,post_retrieval_acc,post_adapted_acc,acc_delta,total_flips,correct_flips,harmful_flips,net_flip_benefit,adapter_train_loss
synthetic,provenance_bias_coverage,none,42,cpu,420,210,210,0.8333333134651184,0.8222222328186035,0.8222222328186035,0.0,0,0,0,0,0.0
synthetic,provenance_bias_coverage,none,43,cpu,420,210,210,0.8333333134651184,0.8055555820465088,0.8055555820465088,0.0,0,0,0,0,0.0
synthetic,provenance_bias_coverage,none,44,cpu,420,210,210,0.9111111164093018,0.8500000238418579,0.8500000238418579,0.0,0,0,0,0,0.0
synthetic,provenance_bias_coverage,nominal_residual_scores,42,cpu,420,210,210,0.8333333134651184,0.8222222328186035,0.8055555820465088,-0.016666650772094727,11,4,7,-3,0.8042719960212708
synthetic,provenance_bias_coverage,nominal_residual_scores,43,cpu,420,210,210,0.8333333134651184,0.8055555820465088,0.8277778029441833,0.02222222089767456,16,10,6,4,0.7260414361953735
synthetic,provenance_bias_coverage,nominal_residual_scores,44,cpu,420,210,210,0.9111111164093018,0.8500000238418579,0.8611111044883728,0.011111080646514893,15,8,6,2,0.7999808490276337
synthetic,provenance_bias_coverage,logit_residual,42,cpu,420,210,210,0.8333333134651184,0.8222222328186035,0.8166666626930237,-0.005555570125579834,3,1,2,-1,0.916704535484314
synthetic,provenance_bias_coverage,logit_residual,43,cpu,420,210,210,0.8333333134651184,0.8055555820465088,0.8333333134651184,0.02777773141860962,7,6,1,5,0.8482845425605774
synthetic,provenance_bias_coverage,logit_residual,44,cpu,420,210,210,0.9111111164093018,0.8500000238418579,0.8666666746139526,0.016666650772094727,9,6,3,3,0.9067021608352661
synthetic,bias_only,none,42,cpu,420,210,210,0.8333333134651184,0.8111110925674438,0.8111110925674438,0.0,0,0,0,0,0.0
synthetic,bias_only,none,43,cpu,420,210,210,0.8333333134651184,0.7888888716697693,0.7888888716697693,0.0,0,0,0,0,0.0
synthetic,bias_only,none,44,cpu,420,210,210,0.9111111164093018,0.8611111044883728,0.8611111044883728,0.0,0,0,0,0,0.0
synthetic,bias_only,nominal_residual_scores,42,cpu,420,210,210,0.8333333134651184,0.8111110925674438,0.800000011920929,-0.011111080646514893,10,3,5,-2,0.8206770122051239
synthetic,bias_only,nominal_residual_scores,43,cpu,420,210,210,0.8333333134651184,0.7888888716697693,0.7777777910232544,-0.011111080646514893,12,5,7,-2,0.7130805253982544
synthetic,bias_only,nominal_residual_scores,44,cpu,420,210,210,0.9111111164093018,0.8611111044883728,0.8277778029441833,-0.03333330154418945,17,4,10,-6,0.8076829314231873
synthetic,bias_only,logit_residual,42,cpu,420,210,210,0.8333333134651184,0.8111110925674438,0.8055555820465088,-0.005555510520935059,6,2,3,-1,0.9309971630573273
synthetic,bias_only,logit_residual,43,cpu,420,210,210,0.8333333134651184,0.7888888716697693,0.800000011920929,0.011111140251159668,6,4,2,2,0.8442669808864594
synthetic,bias_only,logit_residual,44,cpu,420,210,210,0.9111111164093018,0.8611111044883728,0.855555534362793,-0.005555570125579834,8,3,4,-1,0.9191006422042847
synthetic,provenance_only,none,42,cpu,420,210,210,0.8333333134651184,0.8277778029441833,0.8277778029441833,0.0,0,0,0,0,0.0
synthetic,provenance_only,none,43,cpu,420,210,210,0.8333333134651184,0.7888888716697693,0.7888888716697693,0.0,0,0,0,0,0.0
synthetic,provenance_only,none,44,cpu,420,210,210,0.9111111164093018,0.8277778029441833,0.8277778029441833,0.0,0,0,0,0,0.0
synthetic,provenance_only,nominal_residual_scores,42,cpu,420,210,210,0.8333333134651184,0.8277778029441833,0.8277778029441833,0.0,9,4,4,0,0.5587348341941833
synthetic,provenance_only,nominal_residual_scores,43,cpu,420,210,210,0.8333333134651184,0.7888888716697693,0.7777777910232544,-0.011111080646514893,6,1,3,-2,0.5375778079032898
synthetic,provenance_only,nominal_residual_scores,44,cpu,420,210,210,0.9111111164093018,0.8277778029441833,0.8222222328186035,-0.005555570125579834,4,1,2,-1,0.55526003241539
synthetic,provenance_only,logit_residual,42,cpu,420,210,210,0.8333333134651184,0.8277778029441833,0.8277778029441833,0.0,2,1,1,0,0.687822550535202
synthetic,provenance_only,logit_residual,43,cpu,420,210,210,0.8333333134651184,0.7888888716697693,0.7944444417953491,0.005555570125579834,2,1,0,1,0.6522184014320374
synthetic,provenance_only,logit_residual,44,cpu,420,210,210,0.9111111164093018,0.8277778029441833,0.8222222328186035,-0.005555570125579834,2,0,1,-1,0.6810645461082458
synthetic,trustworthiness_only,none,42,cpu,420,210,210,0.8333333134651184,0.8111110925674438,0.8111110925674438,0.0,0,0,0,0,0.0
synthetic,trustworthiness_only,none,43,cpu,420,210,210,0.8333333134651184,0.7722222208976746,0.7722222208976746,0.0,0,0,0,0,0.0
synthetic,trustworthiness_only,none,44,cpu,420,210,210,0.9111111164093018,0.8500000238418579,0.8500000238418579,0.0,0,0,0,0,0.0
synthetic,trustworthiness_only,nominal_residual_scores,42,cpu,420,210,210,0.8333333134651184,0.8111110925674438,0.7944444417953491,-0.016666650772094727,9,3,6,-3,0.7956634163856506
synthetic,trustworthiness_only,nominal_residual_scores,43,cpu,420,210,210,0.8333333134651184,0.7722222208976746,0.7944444417953491,0.02222222089767456,15,9,5,4,0.7204650640487671
synthetic,trustworthiness_only,nominal_residual_scores,44,cpu,420,210,210,0.9111111164093018,0.8500000238418579,0.8444444537162781,-0.005555570125579834,14,6,7,-1,0.7850793600082397
synthetic,trustworthiness_only,logit_residual,42,cpu,420,210,210,0.8333333134651184,0.8111110925674438,0.800000011920929,-0.011111080646514893,6,2,4,-2,0.9102154672145844
synthetic,trustworthiness_only,logit_residual,43,cpu,420,210,210,0.8333333134651184,0.7722222208976746,0.7944444417953491,0.02222222089767456,8,6,2,4,0.8417231738567352
synthetic,trustworthiness_only,logit_residual,44,cpu,420,210,210,0.9111111164093018,0.8500000238418579,0.8666666746139526,0.016666650772094727,7,5,2,3,0.8947879374027252
synthetic,stratified,none,42,cpu,420,210,210,0.8333333134651184,0.7833333611488342,0.7833333611488342,0.0,0,0,0,0,0.0
synthetic,stratified,none,43,cpu,420,210,210,0.8333333134651184,0.8611111044883728,0.8611111044883728,0.0,0,0,0,0,0.0
synthetic,stratified,none,44,cpu,420,210,210,0.9111111164093018,0.8444444537162781,0.8444444537162781,0.0,0,0,0,0,0.0
synthetic,stratified,nominal_residual_scores,42,cpu,420,210,210,0.8333333134651184,0.7833333611488342,0.7833333611488342,0.0,22,8,8,0,0.796604722738266
synthetic,stratified,nominal_residual_scores,43,cpu,420,210,210,0.8333333134651184,0.8611111044883728,0.8500000238418579,-0.011111080646514893,13,5,7,-2,0.7557626366615295
synthetic,stratified,nominal_residual_scores,44,cpu,420,210,210,0.9111111164093018,0.8444444537162781,0.8722222447395325,0.027777791023254395,13,9,4,5,0.7685180604457855
synthetic,stratified,logit_residual,42,cpu,420,210,210,0.8333333134651184,0.7833333611488342,0.7777777910232544,-0.005555570125579834,11,4,5,-1,0.9111878871917725
synthetic,stratified,logit_residual,43,cpu,420,210,210,0.8333333134651184,0.8611111044883728,0.8611111044883728,0.0,4,2,2,0,0.8738693594932556
synthetic,stratified,logit_residual,44,cpu,420,210,210,0.9111111164093018,0.8444444537162781,0.855555534362793,0.011111080646514893,8,5,3,2,0.8740019202232361
wine,provenance_bias_coverage,none,42,cpu,124,62,62,0.9629629850387573,0.9629629850387573,0.9629629850387573,0.0,0,0,0,0,0.0
wine,provenance_bias_coverage,none,43,cpu,124,62,62,0.9259259104728699,0.9259259104728699,0.9259259104728699,0.0,0,0,0,0,0.0
wine,provenance_bias_coverage,none,44,cpu,124,62,62,0.9629629850387573,0.9444444179534912,0.9444444179534912,0.0,0,0,0,0,0.0
wine,provenance_bias_coverage,nominal_residual_scores,42,cpu,124,62,62,0.9629629850387573,0.9629629850387573,0.9629629850387573,0.0,0,0,0,0,0.5096763968467712
wine,provenance_bias_coverage,nominal_residual_scores,43,cpu,124,62,62,0.9259259104728699,0.9259259104728699,0.9444444179534912,0.018518507480621338,1,1,0,1,0.5380157232284546
wine,provenance_bias_coverage,nominal_residual_scores,44,cpu,124,62,62,0.9629629850387573,0.9444444179534912,0.9814814925193787,0.03703707456588745,2,2,0,2,0.5226120948791504
wine,provenance_bias_coverage,logit_residual,42,cpu,124,62,62,0.9629629850387573,0.9629629850387573,0.9629629850387573,0.0,0,0,0,0,0.6157761812210083
wine,provenance_bias_coverage,logit_residual,43,cpu,124,62,62,0.9259259104728699,0.9259259104728699,0.9259259104728699,0.0,0,0,0,0,0.631293773651123
wine,provenance_bias_coverage,logit_residual,44,cpu,124,62,62,0.9629629850387573,0.9444444179534912,1.0,0.05555558204650879,3,3,0,3,0.6309608221054077
wine,bias_only,none,42,cpu,124,62,62,0.9629629850387573,0.9629629850387573,0.9629629850387573,0.0,0,0,0,0,0.0
wine,bias_only,none,43,cpu,124,62,62,0.9259259104728699,0.8888888955116272,0.8888888955116272,0.0,0,0,0,0,0.0
wine,bias_only,none,44,cpu,124,62,62,0.9629629850387573,0.9444444179534912,0.9444444179534912,0.0,0,0,0,0,0.0
wine,bias_only,nominal_residual_scores,42,cpu,124,62,62,0.9629629850387573,0.9629629850387573,0.9444444179534912,-0.018518567085266113,1,0,1,-1,0.521416962146759
wine,bias_only,nominal_residual_scores,43,cpu,124,62,62,0.9259259104728699,0.8888888955116272,0.8888888955116272,0.0,0,0,0,0,0.5147693157196045
wine,bias_only,nominal_residual_scores,44,cpu,124,62,62,0.9629629850387573,0.9444444179534912,0.9814814925193787,0.03703707456588745,2,2,0,2,0.5228481292724609
wine,bias_only,logit_residual,42,cpu,124,62,62,0.9629629850387573,0.9629629850387573,0.9444444179534912,-0.018518567085266113,1,0,1,-1,0.6171537041664124
wine,bias_only,logit_residual,43,cpu,124,62,62,0.9259259104728699,0.8888888955116272,0.8888888955116272,0.0,0,0,0,0,0.6114884614944458
wine,bias_only,logit_residual,44,cpu,124,62,62,0.9629629850387573,0.9444444179534912,0.9814814925193787,0.03703707456588745,2,2,0,2,0.6346696019172668
wine,provenance_only,none,42,cpu,124,62,62,0.9629629850387573,0.9444444179534912,0.9444444179534912,0.0,0,0,0,0,0.0
wine,provenance_only,none,43,cpu,124,62,62,0.9259259104728699,0.9259259104728699,0.9259259104728699,0.0,0,0,0,0,0.0
wine,provenance_only,none,44,cpu,124,62,62,0.9629629850387573,0.9814814925193787,0.9814814925193787,0.0,0,0,0,0,0.0
wine,provenance_only,nominal_residual_scores,42,cpu,124,62,62,0.9629629850387573,0.9444444179534912,0.9444444179534912,0.0,0,0,0,0,0.47968369722366333
wine,provenance_only,nominal_residual_scores,43,cpu,124,62,62,0.9259259104728699,0.9259259104728699,0.9259259104728699,0.0,0,0,0,0,0.4861990511417389
wine,provenance_only,nominal_residual_scores,44,cpu,124,62,62,0.9629629850387573,0.9814814925193787,0.9814814925193787,0.0,2,1,1,0,0.46512898802757263
wine,provenance_only,logit_residual,42,cpu,124,62,62,0.9629629850387573,0.9444444179534912,0.9444444179534912,0.0,0,0,0,0,0.5779076814651489
wine,provenance_only,logit_residual,43,cpu,124,62,62,0.9259259104728699,0.9259259104728699,0.9259259104728699,0.0,0,0,0,0,0.581499457359314
wine,provenance_only,logit_residual,44,cpu,124,62,62,0.9629629850387573,0.9814814925193787,0.9629629850387573,-0.018518507480621338,1,0,1,-1,0.5804184675216675
wine,trustworthiness_only,none,42,cpu,124,62,62,0.9629629850387573,0.9629629850387573,0.9629629850387573,0.0,0,0,0,0,0.0
wine,trustworthiness_only,none,43,cpu,124,62,62,0.9259259104728699,0.9259259104728699,0.9259259104728699,0.0,0,0,0,0,0.0
wine,trustworthiness_only,none,44,cpu,124,62,62,0.9629629850387573,0.9444444179534912,0.9444444179534912,0.0,0,0,0,0,0.0
wine,trustworthiness_only,nominal_residual_scores,42,cpu,124,62,62,0.9629629850387573,0.9629629850387573,0.9629629850387573,0.0,0,0,0,0,0.5108916163444519
wine,trustworthiness_only,nominal_residual_scores,43,cpu,124,62,62,0.9259259104728699,0.9259259104728699,0.9444444179534912,0.018518507480621338,1,1,0,1,0.5349034070968628
wine,trustworthiness_only,nominal_residual_scores,44,cpu,124,62,62,0.9629629850387573,0.9444444179534912,1.0,0.05555558204650879,3,3,0,3,0.5208017826080322
wine,trustworthiness_only,logit_residual,42,cpu,124,62,62,0.9629629850387573,0.9629629850387573,0.9629629850387573,0.0,0,0,0,0,0.6151418685913086
wine,trustworthiness_only,logit_residual,43,cpu,124,62,62,0.9259259104728699,0.9259259104728699,0.9259259104728699,0.0,0,0,0,0,0.629280686378479
wine,trustworthiness_only,logit_residual,44,cpu,124,62,62,0.9629629850387573,0.9444444179534912,0.9629629850387573,0.018518567085266113,1,1,0,1,0.6335074305534363
wine,stratified,none,42,cpu,124,62,62,0.9629629850387573,0.9444444179534912,0.9444444179534912,0.0,0,0,0,0,0.0
wine,stratified,none,43,cpu,124,62,62,0.9259259104728699,0.9259259104728699,0.9259259104728699,0.0,0,0,0,0,0.0
wine,stratified,none,44,cpu,124,62,62,0.9629629850387573,0.9814814925193787,0.9814814925193787,0.0,0,0,0,0,0.0
wine,stratified,nominal_residual_scores,42,cpu,124,62,62,0.9629629850387573,0.9444444179534912,0.9444444179534912,0.0,2,1,1,0,0.5566110610961914
wine,stratified,nominal_residual_scores,43,cpu,124,62,62,0.9259259104728699,0.9259259104728699,0.9259259104728699,0.0,2,1,1,0,0.5943654179573059
wine,stratified,nominal_residual_scores,44,cpu,124,62,62,0.9629629850387573,0.9814814925193787,1.0,0.018518507480621338,1,1,0,1,0.5316392183303833
wine,stratified,logit_residual,42,cpu,124,62,62,0.9629629850387573,0.9444444179534912,0.9444444179534912,0.0,2,1,1,0,0.6652416586875916
wine,stratified,logit_residual,43,cpu,124,62,62,0.9259259104728699,0.9259259104728699,0.9259259104728699,0.0,0,0,0,0,0.6865112781524658
wine,stratified,logit_residual,44,cpu,124,62,62,0.9629629850387573,0.9814814925193787,1.0,0.018518507480621338,1,1,0,1,0.6480090618133545
breast_cancer,provenance_bias_coverage,none,42,cpu,398,199,199,0.9707602262496948,0.9707602262496948,0.9707602262496948,0.0,0,0,0,0,0.0
breast_cancer,provenance_bias_coverage,none,43,cpu,398,199,199,0.9473684430122375,0.9473684430122375,0.9473684430122375,0.0,0,0,0,0,0.0
breast_cancer,provenance_bias_coverage,none,44,cpu,398,199,199,0.9766082167625427,0.9824561476707458,0.9824561476707458,0.0,0,0,0,0,0.0
breast_cancer,provenance_bias_coverage,nominal_residual_scores,42,cpu,398,199,199,0.9707602262496948,0.9707602262496948,0.9590643048286438,-0.011695921421051025,4,1,3,-2,0.3205353617668152
breast_cancer,provenance_bias_coverage,nominal_residual_scores,43,cpu,398,199,199,0.9473684430122375,0.9473684430122375,0.9649122953414917,0.01754385232925415,3,3,0,3,0.3229731321334839
breast_cancer,provenance_bias_coverage,nominal_residual_scores,44,cpu,398,199,199,0.9766082167625427,0.9824561476707458,0.9766082167625427,-0.005847930908203125,3,1,2,-1,0.3081003278493881
breast_cancer,provenance_bias_coverage,logit_residual,42,cpu,398,199,199,0.9707602262496948,0.9707602262496948,0.9590643048286438,-0.011695921421051025,2,0,2,-2,0.38324418663978577
breast_cancer,provenance_bias_coverage,logit_residual,43,cpu,398,199,199,0.9473684430122375,0.9473684430122375,0.9473684430122375,0.0,0,0,0,0,0.39508116245269775
breast_cancer,provenance_bias_coverage,logit_residual,44,cpu,398,199,199,0.9766082167625427,0.9824561476707458,0.9766082167625427,-0.005847930908203125,3,1,2,-1,0.3760283887386322
breast_cancer,bias_only,none,42,cpu,398,199,199,0.9707602262496948,0.9707602262496948,0.9707602262496948,0.0,0,0,0,0,0.0
breast_cancer,bias_only,none,43,cpu,398,199,199,0.9473684430122375,0.9473684430122375,0.9473684430122375,0.0,0,0,0,0,0.0
breast_cancer,bias_only,none,44,cpu,398,199,199,0.9766082167625427,0.9707602262496948,0.9707602262496948,0.0,0,0,0,0,0.0
breast_cancer,bias_only,nominal_residual_scores,42,cpu,398,199,199,0.9707602262496948,0.9707602262496948,0.9590643048286438,-0.011695921421051025,2,0,2,-2,0.30929121375083923
breast_cancer,bias_only,nominal_residual_scores,43,cpu,398,199,199,0.9473684430122375,0.9473684430122375,0.9707602262496948,0.023391783237457275,4,4,0,4,0.3236265778541565
breast_cancer,bias_only,nominal_residual_scores,44,cpu,398,199,199,0.9766082167625427,0.9707602262496948,0.9649122953414917,-0.005847930908203125,3,1,2,-1,0.3143993765115738
breast_cancer,bias_only,logit_residual,42,cpu,398,199,199,0.9707602262496948,0.9707602262496948,0.9649122953414917,-0.005847930908203125,1,0,1,-1,0.370840847492218
breast_cancer,bias_only,logit_residual,43,cpu,398,199,199,0.9473684430122375,0.9473684430122375,0.9473684430122375,0.0,0,0,0,0,0.39363230764865875
breast_cancer,bias_only,logit_residual,44,cpu,398,199,199,0.9766082167625427,0.9707602262496948,0.9649122953414917,-0.005847930908203125,3,1,2,-1,0.38292263448238373
breast_cancer,provenance_only,none,42,cpu,398,199,199,0.9707602262496948,0.9473684430122375,0.9473684430122375,0.0,0,0,0,0,0.0
breast_cancer,provenance_only,none,43,cpu,398,199,199,0.9473684430122375,0.9298245906829834,0.9298245906829834,0.0,0,0,0,0,0.0
breast_cancer,provenance_only,none,44,cpu,398,199,199,0.9766082167625427,0.9649122953414917,0.9649122953414917,0.0,0,0,0,0,0.0
breast_cancer,provenance_only,nominal_residual_scores,42,cpu,398,199,199,0.9707602262496948,0.9473684430122375,0.9532163739204407,0.005847930908203125,1,1,0,1,0.2727738916873932
breast_cancer,provenance_only,nominal_residual_scores,43,cpu,398,199,199,0.9473684430122375,0.9298245906829834,0.9181286692619324,-0.011695921421051025,2,0,2,-2,0.27231577038764954
breast_cancer,provenance_only,nominal_residual_scores,44,cpu,398,199,199,0.9766082167625427,0.9649122953414917,0.9590643048286438,-0.0058479905128479,1,0,1,-1,0.27223148941993713
breast_cancer,provenance_only,logit_residual,42,cpu,398,199,199,0.9707602262496948,0.9473684430122375,0.9532163739204407,0.005847930908203125,1,1,0,1,0.32359008491039276
breast_cancer,provenance_only,logit_residual,43,cpu,398,199,199,0.9473684430122375,0.9298245906829834,0.9239766001701355,-0.0058479905128479,1,0,1,-1,0.3228495419025421
breast_cancer,provenance_only,logit_residual,44,cpu,398,199,199,0.9766082167625427,0.9649122953414917,0.9590643048286438,-0.0058479905128479,1,0,1,-1,0.32465289533138275
breast_cancer,trustworthiness_only,none,42,cpu,398,199,199,0.9707602262496948,0.9649122953414917,0.9649122953414917,0.0,0,0,0,0,0.0
breast_cancer,trustworthiness_only,none,43,cpu,398,199,199,0.9473684430122375,0.9473684430122375,0.9473684430122375,0.0,0,0,0,0,0.0
breast_cancer,trustworthiness_only,none,44,cpu,398,199,199,0.9766082167625427,0.9824561476707458,0.9824561476707458,0.0,0,0,0,0,0.0
breast_cancer,trustworthiness_only,nominal_residual_scores,42,cpu,398,199,199,0.9707602262496948,0.9649122953414917,0.9532163739204407,-0.011695921421051025,2,0,2,-2,0.3093723654747009
breast_cancer,trustworthiness_only,nominal_residual_scores,43,cpu,398,199,199,0.9473684430122375,0.9473684430122375,0.9473684430122375,0.0,2,1,1,0,0.31538474559783936
breast_cancer,trustworthiness_only,nominal_residual_scores,44,cpu,398,199,199,0.9766082167625427,0.9824561476707458,0.9766082167625427,-0.005847930908203125,3,1,2,-1,0.31150077283382416
breast_cancer,trustworthiness_only,logit_residual,42,cpu,398,199,199,0.9707602262496948,0.9649122953414917,0.9590643048286438,-0.0058479905128479,1,0,1,-1,0.3693896383047104
breast_cancer,trustworthiness_only,logit_residual,43,cpu,398,199,199,0.9473684430122375,0.9473684430122375,0.9473684430122375,0.0,0,0,0,0,0.38213394582271576
breast_cancer,trustworthiness_only,logit_residual,44,cpu,398,199,199,0.9766082167625427,0.9824561476707458,0.9824561476707458,0.0,2,1,1,0,0.3792878985404968
breast_cancer,stratified,none,42,cpu,398,199,199,0.9707602262496948,0.9649122953414917,0.9649122953414917,0.0,0,0,0,0,0.0
breast_cancer,stratified,none,43,cpu,398,199,199,0.9473684430122375,0.9532163739204407,0.9532163739204407,0.0,0,0,0,0,0.0
breast_cancer,stratified,none,44,cpu,398,199,199,0.9766082167625427,0.9707602262496948,0.9707602262496948,0.0,0,0,0,0,0.0
breast_cancer,stratified,nominal_residual_scores,42,cpu,398,199,199,0.9707602262496948,0.9649122953414917,0.9707602262496948,0.005847930908203125,5,3,2,1,0.3214791864156723
breast_cancer,stratified,nominal_residual_scores,43,cpu,398,199,199,0.9473684430122375,0.9532163739204407,0.9473684430122375,-0.005847930908203125,3,1,2,-1,0.3245416432619095
breast_cancer,stratified,nominal_residual_scores,44,cpu,398,199,199,0.9766082167625427,0.9707602262496948,0.9766082167625427,0.0058479905128479,3,2,1,1,0.3141433894634247
breast_cancer,stratified,logit_residual,42,cpu,398,199,199,0.9707602262496948,0.9649122953414917,0.9649122953414917,0.0,4,2,2,0,0.38135917484760284
breast_cancer,stratified,logit_residual,43,cpu,398,199,199,0.9473684430122375,0.9532163739204407,0.9415204524993896,-0.011695921421051025,2,0,2,-2,0.38866543769836426
breast_cancer,stratified,logit_residual,44,cpu,398,199,199,0.9766082167625427,0.9707602262496948,0.9766082167625427,0.0058479905128479,1,1,0,1,0.38136376440525055
iris,provenance_bias_coverage,none,42,cpu,105,52,52,0.9555555582046509,0.9111111164093018,0.9111111164093018,0.0,0,0,0,0,0.0
iris,provenance_bias_coverage,none,43,cpu,105,52,52,0.9777777791023254,0.9111111164093018,0.9111111164093018,0.0,0,0,0,0,0.0
iris,provenance_bias_coverage,none,44,cpu,105,52,52,0.9555555582046509,0.9333333373069763,0.9333333373069763,0.0,0,0,0,0,0.0
iris,provenance_bias_coverage,nominal_residual_scores,42,cpu,105,52,52,0.9555555582046509,0.9111111164093018,0.9111111164093018,0.0,0,0,0,0,0.4911370873451233
iris,provenance_bias_coverage,nominal_residual_scores,43,cpu,105,52,52,0.9777777791023254,0.9111111164093018,0.9555555582046509,0.04444444179534912,2,2,0,2,0.5314502120018005
iris,provenance_bias_coverage,nominal_residual_scores,44,cpu,105,52,52,0.9555555582046509,0.9333333373069763,0.9555555582046509,0.02222222089767456,1,1,0,1,0.5954242944717407
iris,provenance_bias_coverage,logit_residual,42,cpu,105,52,52,0.9555555582046509,0.9111111164093018,0.9111111164093018,0.0,0,0,0,0,0.6568720936775208
iris,provenance_bias_coverage,logit_residual,43,cpu,105,52,52,0.9777777791023254,0.9111111164093018,0.9555555582046509,0.04444444179534912,2,2,0,2,0.6810310482978821
iris,provenance_bias_coverage,logit_residual,44,cpu,105,52,52,0.9555555582046509,0.9333333373069763,0.9555555582046509,0.02222222089767456,1,1,0,1,0.7044343948364258
iris,bias_only,none,42,cpu,105,52,52,0.9555555582046509,0.8888888955116272,0.8888888955116272,0.0,0,0,0,0,0.0
iris,bias_only,none,43,cpu,105,52,52,0.9777777791023254,0.9333333373069763,0.9333333373069763,0.0,0,0,0,0,0.0
iris,bias_only,none,44,cpu,105,52,52,0.9555555582046509,0.9333333373069763,0.9333333373069763,0.0,0,0,0,0,0.0
iris,bias_only,nominal_residual_scores,42,cpu,105,52,52,0.9555555582046509,0.8888888955116272,0.9111111164093018,0.02222222089767456,1,1,0,1,0.4853903651237488
iris,bias_only,nominal_residual_scores,43,cpu,105,52,52,0.9777777791023254,0.9333333373069763,0.9777777791023254,0.04444444179534912,2,2,0,2,0.5659366846084595
iris,bias_only,nominal_residual_scores,44,cpu,105,52,52,0.9555555582046509,0.9333333373069763,0.9555555582046509,0.02222222089767456,1,1,0,1,0.6083213686943054
iris,bias_only,logit_residual,42,cpu,105,52,52,0.9555555582046509,0.8888888955116272,0.9111111164093018,0.02222222089767456,1,1,0,1,0.6576585173606873
iris,bias_only,logit_residual,43,cpu,105,52,52,0.9777777791023254,0.9333333373069763,0.9777777791023254,0.04444444179534912,2,2,0,2,0.7068222761154175
iris,bias_only,logit_residual,44,cpu,105,52,52,0.9555555582046509,0.9333333373069763,0.9555555582046509,0.02222222089767456,1,1,0,1,0.7137436866760254
iris,provenance_only,none,42,cpu,105,52,52,0.9555555582046509,0.8666666746139526,0.8666666746139526,0.0,0,0,0,0,0.0
iris,provenance_only,none,43,cpu,105,52,52,0.9777777791023254,0.9333333373069763,0.9333333373069763,0.0,0,0,0,0,0.0
iris,provenance_only,none,44,cpu,105,52,52,0.9555555582046509,0.9111111164093018,0.9111111164093018,0.0,0,0,0,0,0.0
iris,provenance_only,nominal_residual_scores,42,cpu,105,52,52,0.9555555582046509,0.8666666746139526,0.8888888955116272,0.02222222089767456,1,1,0,1,0.4487188160419464
iris,provenance_only,nominal_residual_scores,43,cpu,105,52,52,0.9777777791023254,0.9333333373069763,0.8888888955116272,-0.04444444179534912,2,0,2,-2,0.43444469571113586
iris,provenance_only,nominal_residual_scores,44,cpu,105,52,52,0.9555555582046509,0.9111111164093018,0.9333333373069763,0.02222222089767456,1,1,0,1,0.4731559157371521
iris,provenance_only,logit_residual,42,cpu,105,52,52,0.9555555582046509,0.8666666746139526,0.8666666746139526,0.0,0,0,0,0,0.5899364352226257
iris,provenance_only,logit_residual,43,cpu,105,52,52,0.9777777791023254,0.9333333373069763,0.9111111164093018,-0.02222222089767456,1,0,1,-1,0.574068009853363
iris,provenance_only,logit_residual,44,cpu,105,52,52,0.9555555582046509,0.9111111164093018,0.9111111164093018,0.0,2,1,1,0,0.5858176946640015
iris,trustworthiness_only,none,42,cpu,105,52,52,0.9555555582046509,0.8888888955116272,0.8888888955116272,0.0,0,0,0,0,0.0
iris,trustworthiness_only,none,43,cpu,105,52,52,0.9777777791023254,0.9111111164093018,0.9111111164093018,0.0,0,0,0,0,0.0
iris,trustworthiness_only,none,44,cpu,105,52,52,0.9555555582046509,0.9333333373069763,0.9333333373069763,0.0,0,0,0,0,0.0
iris,trustworthiness_only,nominal_residual_scores,42,cpu,105,52,52,0.9555555582046509,0.8888888955116272,0.9111111164093018,0.02222222089767456,1,1,0,1,0.4826803505420685
iris,trustworthiness_only,nominal_residual_scores,43,cpu,105,52,52,0.9777777791023254,0.9111111164093018,0.9555555582046509,0.04444444179534912,2,2,0,2,0.543817937374115
iris,trustworthiness_only,nominal_residual_scores,44,cpu,105,52,52,0.9555555582046509,0.9333333373069763,0.9555555582046509,0.02222222089767456,1,1,0,1,0.5781533718109131
iris,trustworthiness_only,logit_residual,42,cpu,105,52,52,0.9555555582046509,0.8888888955116272,0.9111111164093018,0.02222222089767456,1,1,0,1,0.656727135181427
iris,trustworthiness_only,logit_residual,43,cpu,105,52,52,0.9777777791023254,0.9111111164093018,0.9555555582046509,0.04444444179534912,2,2,0,2,0.6887323260307312
iris,trustworthiness_only,logit_residual,44,cpu,105,52,52,0.9555555582046509,0.9333333373069763,0.9555555582046509,0.02222222089767456,1,1,0,1,0.6925182342529297
iris,stratified,none,42,cpu,105,52,52,0.9555555582046509,0.8888888955116272,0.8888888955116272,0.0,0,0,0,0,0.0
iris,stratified,none,43,cpu,105,52,52,0.9777777791023254,0.9111111164093018,0.9111111164093018,0.0,0,0,0,0,0.0
iris,stratified,none,44,cpu,105,52,52,0.9555555582046509,0.9333333373069763,0.9333333373069763,0.0,0,0,0,0,0.0
iris,stratified,nominal_residual_scores,42,cpu,105,52,52,0.9555555582046509,0.8888888955116272,0.9111111164093018,0.02222222089767456,1,1,0,1,0.5106188654899597
iris,stratified,nominal_residual_scores,43,cpu,105,52,52,0.9777777791023254,0.9111111164093018,0.9555555582046509,0.04444444179534912,2,2,0,2,0.5453242063522339
iris,stratified,nominal_residual_scores,44,cpu,105,52,52,0.9555555582046509,0.9333333373069763,0.9333333373069763,0.0,0,0,0,0,0.5820727348327637
iris,stratified,logit_residual,42,cpu,105,52,52,0.9555555582046509,0.8888888955116272,0.8888888955116272,0.0,0,0,0,0,0.650554895401001
iris,stratified,logit_residual,43,cpu,105,52,52,0.9777777791023254,0.9111111164093018,0.9333333373069763,0.02222222089767456,1,1,0,1,0.6914580464363098
iris,stratified,logit_residual,44,cpu,105,52,52,0.9555555582046509,0.9333333373069763,0.9333333373069763,0.0,0,0,0,0,0.6916986107826233
