dataset,condition,reference,metric,n_paired,mean_diff,ci95_lo,ci95_hi,paired_t_p,seeds_better,seeds_worse
breast_cancer,mcb0_trust_utility_coverage_K0.5,mcb0_random_K0.5,test_accuracy_pre,5,-0.008771932125091553,-0.05868436094447345,0.041140496694290346,0.6511236293417573,2,3
breast_cancer,mcb0_trust_utility_coverage_K0.5,mcb0_random_K0.5,mean_representation_drift,5,0.005263730860315263,-0.06462962824607353,0.07515708996670405,0.8445898237550726,3,2
breast_cancer,mcb0_trust_utility_coverage_K0.5,mcb0_random_K0.5,mean_neighborhood_churn,5,0.03063735728209418,-0.10638945468672154,0.1676641692509099,0.5683694932896368,3,2
breast_cancer,mcb0_trust_utility_coverage_K0.5,mcb0_random_K0.5,mean_selection_churn,5,-0.011111111111111094,-0.059576514610900105,0.03735429238867792,0.5590371712434267,2,2
breast_cancer,mcb1_random_K0.5,mcb0_random_K0.5,test_accuracy_pre,5,-0.019298255443572998,-0.03719528656149125,-0.0014012243256547492,0.04018612315727392,0,5
breast_cancer,mcb1_random_K0.5,mcb0_random_K0.5,mean_representation_drift,5,-0.12446156404912471,-0.19907110206237522,-0.0498520260358742,0.009795538959335257,0,5
breast_cancer,mcb1_random_K0.5,mcb0_random_K0.5,mean_neighborhood_churn,5,-0.059588206627680274,-0.1370415612425671,0.017865147987206564,0.09952981741604083,1,4
breast_cancer,mcb1_random_K0.5,mcb0_random_K0.5,mean_selection_churn,5,0.0,0.0,0.0,,0,0
breast_cancer,mcb1_trust_utility_coverage_K0.5,mcb0_random_K0.5,test_accuracy_pre,5,-0.015789484977722167,-0.0553613087919976,0.023782338836553264,0.33006521240743886,1,4
breast_cancer,mcb1_trust_utility_coverage_K0.5,mcb0_random_K0.5,mean_representation_drift,5,-0.15007961336523296,-0.2485801000763852,-0.05157912665408071,0.013366714090898922,0,5
breast_cancer,mcb1_trust_utility_coverage_K0.5,mcb0_random_K0.5,mean_neighborhood_churn,5,-0.01843149540517961,-0.08909696994873761,0.052233979138378385,0.5090475770541103,2,3
breast_cancer,mcb1_trust_utility_coverage_K0.5,mcb0_random_K0.5,mean_selection_churn,5,0.008771929824561408,-0.01690026412529482,0.03444412377441764,0.3965014577259473,3,2
digits,mcb0_trust_utility_coverage_K0.5,mcb0_random_K0.5,test_accuracy_pre,5,-0.12444445192813873,-0.6147302324782161,0.36584132862193863,0.5198544154634891,2,3
digits,mcb0_trust_utility_coverage_K0.5,mcb0_random_K0.5,mean_representation_drift,5,0.020785289257764815,-0.35621493845797036,0.39778551697349995,0.8857509557690598,2,3
digits,mcb0_trust_utility_coverage_K0.5,mcb0_random_K0.5,mean_neighborhood_churn,5,0.04241732804232802,-0.07019312928868295,0.155027785373339,0.3546803119285713,3,2
digits,mcb0_trust_utility_coverage_K0.5,mcb0_random_K0.5,mean_selection_churn,5,0.004081632653061229,-0.01001583915787406,0.018179104463996516,0.46653159006798295,4,1
digits,mcb1_random_K0.5,mcb0_random_K0.5,test_accuracy_pre,5,0.31055553555488585,-0.09310610415773501,0.7142171752675067,0.09952887540661272,4,1
digits,mcb1_random_K0.5,mcb0_random_K0.5,mean_representation_drift,5,-0.7014913022518158,-0.9331364792008876,-0.46984612530274394,0.0010952513911023226,0,5
digits,mcb1_random_K0.5,mcb0_random_K0.5,mean_neighborhood_churn,5,0.08765321869488538,0.012868868550549292,0.16243756883922145,0.03125102667462839,4,1
digits,mcb1_random_K0.5,mcb0_random_K0.5,mean_selection_churn,5,0.0,0.0,0.0,,0,0
digits,mcb1_trust_utility_coverage_K0.5,mcb0_random_K0.5,test_accuracy_pre,5,0.29999999403953553,-0.09113845716499414,0.6911384452440652,0.10026307708640551,4,1
digits,mcb1_trust_utility_coverage_K0.5,mcb0_random_K0.5,mean_representation_drift,5,-0.7633895248174667,-0.986017593212997,-0.5407614564219364,0.0006795836060196926,0,5
digits,mcb1_trust_utility_coverage_K0.5,mcb0_random_K0.5,mean_neighborhood_churn,5,0.023968805114638447,-0.03235558552477179,0.08029319575404868,0.3028448279578959,4,1
digits,mcb1_trust_utility_coverage_K0.5,mcb0_random_K0.5,mean_selection_churn,5,0.003710575139146577,-0.013700613881951734,0.021121764160244888,0.5858736836608682,3,2
synthetic_diag,mcb0_trust_utility_coverage_K0.5,mcb0_random_K0.5,test_accuracy_pre,5,0.09461539387702941,-0.20453126856540396,0.3937620563194628,0.42944797085528225,2,3
synthetic_diag,mcb0_trust_utility_coverage_K0.5,mcb0_random_K0.5,mean_representation_drift,5,-0.021531631611287592,-0.12607413270254725,0.08301086947997208,0.5980326972231,2,3
synthetic_diag,mcb0_trust_utility_coverage_K0.5,mcb0_random_K0.5,mean_neighborhood_churn,5,-0.02213624338624338,-0.10990511081702221,0.06563262404453545,0.522360267707413,1,4
synthetic_diag,mcb0_trust_utility_coverage_K0.5,mcb0_random_K0.5,mean_selection_churn,5,0.010599078341013812,-0.0018058221305894146,0.023003978812617037,0.07663134200485872,4,1
synthetic_diag,mcb1_random_K0.5,mcb0_random_K0.5,test_accuracy_pre,5,0.09615384936332702,-0.23372783005583633,0.4260355287824904,0.46374506642937396,2,3
synthetic_diag,mcb1_random_K0.5,mcb0_random_K0.5,mean_representation_drift,5,-0.9442638985347003,-1.3183444107920737,-0.5701833862773269,0.0021823268432265416,0,5
synthetic_diag,mcb1_random_K0.5,mcb0_random_K0.5,mean_neighborhood_churn,5,0.04181878306878308,0.004513674539584414,0.07912389159798175,0.03578947278206143,5,0
synthetic_diag,mcb1_random_K0.5,mcb0_random_K0.5,mean_selection_churn,5,0.0,0.0,0.0,,0,0
synthetic_diag,mcb1_trust_utility_coverage_K0.5,mcb0_random_K0.5,test_accuracy_pre,5,0.08000001311302185,-0.23471006611833228,0.394710092344376,0.519260952539914,2,3
synthetic_diag,mcb1_trust_utility_coverage_K0.5,mcb0_random_K0.5,mean_representation_drift,5,-0.9703248966485262,-1.342260669261509,-0.5983891240355432,0.0019281214494371302,0,5
synthetic_diag,mcb1_trust_utility_coverage_K0.5,mcb0_random_K0.5,mean_neighborhood_churn,5,-0.02526234567901233,-0.05975092717245811,0.00922623581443345,0.1117409669954936,1,4
synthetic_diag,mcb1_trust_utility_coverage_K0.5,mcb0_random_K0.5,mean_selection_churn,5,-0.005990783410138256,-0.031306792360118366,0.019325225539841857,0.5470504219855836,1,4
wine,mcb0_trust_utility_coverage_K0.5,mcb0_random_K0.5,test_accuracy_pre,5,0.005555558204650879,-0.09015215645679585,0.10126327286609761,0.8797761456732321,3,2
wine,mcb0_trust_utility_coverage_K0.5,mcb0_random_K0.5,mean_representation_drift,5,-0.01701471438864246,-0.06701080927124652,0.0329813804939616,0.39822105951297276,2,3
wine,mcb0_trust_utility_coverage_K0.5,mcb0_random_K0.5,mean_neighborhood_churn,5,-0.03147597001763669,-0.10900900446220693,0.04605706442693355,0.3227169757110391,2,3
wine,mcb0_trust_utility_coverage_K0.5,mcb0_random_K0.5,mean_selection_churn,5,0.005555555555555547,-0.05284139733171881,0.0639525084428299,0.8047261622231067,2,3
wine,mcb1_random_K0.5,mcb0_random_K0.5,test_accuracy_pre,5,-0.02222222089767456,-0.0510791701672376,0.006634728371888478,0.0993005918027253,0,3
wine,mcb1_random_K0.5,mcb0_random_K0.5,mean_representation_drift,5,-0.036649312160443516,-0.057987515212060026,-0.01531110910882701,0.00884871758505089,0,5
wine,mcb1_random_K0.5,mcb0_random_K0.5,mean_neighborhood_churn,5,-0.05051256613756616,-0.11607525999077571,0.015050127715643388,0.09918769873714638,2,3
wine,mcb1_random_K0.5,mcb0_random_K0.5,mean_selection_churn,5,0.0,0.0,0.0,,0,0
wine,mcb1_trust_utility_coverage_K0.5,mcb0_random_K0.5,test_accuracy_pre,5,0.016666662693023682,-0.035641018756652904,0.06897434414270028,0.4263172739375147,2,1
wine,mcb1_trust_utility_coverage_K0.5,mcb0_random_K0.5,mean_representation_drift,5,-0.054470919969026,-0.09953447970561713,-0.009407360232434867,0.02840880271170589,0,5
wine,mcb1_trust_utility_coverage_K0.5,mcb0_random_K0.5,mean_neighborhood_churn,5,-0.06299052028218693,-0.1090681278300448,-0.01691291273432908,0.01917702347753273,0,5
wine,mcb1_trust_utility_coverage_K0.5,mcb0_random_K0.5,mean_selection_churn,5,-0.0037037037037036978,-0.03876450260777274,0.03135709520036535,0.7838844433882813,2,2
