global_step,episodes,samples,loss,actor_loss,policy_loss,critic_optimization_mse,critic_train_mse,critic_train_explained_variance,critic_train_value_mean,critic_train_diagnostics_computed,entropy,behavior_entropy,mean_behavior_epsilon,min_behavior_epsilon,max_behavior_epsilon,bias_loss,mean_reward,mean_advantage,mean_normalized_advantage,value_target_mean,bootstrap_value_source,partial_rollout_segments,partial_rollout_samples,actor_cases_added,actor_cases_pruned,actor_cases_replaced,actor_positive_advantage_samples,critic_cases_added,critic_cases_pruned,critic_cases_replaced,critic_label_updates,critic_label_update_samples,mean_episode_return,reward_varying_episodes,reward_checked_episodes,actor_type,case_entries,critic_type,critic_case_entries,action_counts,bias_min,bias_mean,bias_max
130,4,130,122.69733428955078,-0.01254708506166935,-0.005620056763291359,122.70988464355469,121.57759857177734,-0.0032166242599487305,0.04947781562805176,True,0.6927028894424438,0.6927028894424438,0.0,0.0,0.0,0.0,1.0,10.167388916015625,-7.152557657263969e-08,10.155718803405762,online_value_model,0,0,0,0,0,130,0,0,0,0,0,32.5,0,4,mlp,,mlp,,,,,
206,4,76,78.92676544189453,-0.008028325624763966,-0.001102712587453425,78.9347915649414,78.05110168457031,-0.013222336769104004,0.1331588327884674,True,0.6925612688064575,0.6925612688064575,0.0,0.0,0.0,0.0,1.0,7.885251522064209,1.4116889879289829e-08,7.956338405609131,online_value_model,0,0,0,0,0,76,0,0,0,0,0,19.0,0,4,mlp,,mlp,,,,,
335,4,129,113.71441650390625,-0.011356287635862827,-0.004435292445123196,113.72576904296875,112.65221405029297,-0.0066225528717041016,0.16153156757354736,True,0.6920995116233826,0.6920995116233826,0.0,0.0,0.0,0.0,1.0,9.823650360107422,6.283900688686117e-08,9.925114631652832,online_value_model,0,0,0,0,0,129,0,0,0,0,0,32.25,0,4,mlp,,mlp,,,,,
427,4,92,83.74116516113281,-0.012729529291391373,-0.005816890392452478,83.75389099121094,82.87660217285156,-0.027750611305236816,0.24158975481987,True,0.6912639141082764,0.6912639141082764,0.0,0.0,0.0,0.0,1.0,8.256223678588867,-3.757684297056585e-08,8.438531875610352,online_value_model,0,0,0,0,0,92,0,0,0,0,0,23.0,0,4,mlp,,mlp,,,,,
541,4,114,108.65042877197266,-0.016579490154981613,-0.009669364430010319,108.66700744628906,107.67556762695312,-0.015943169593811035,0.28001147508621216,True,0.6910126805305481,0.6910126805305481,0.0,0.0,0.0,0.0,1.0,9.459908485412598,6.274173358633561e-08,9.683897018432617,online_value_model,0,0,0,0,0,114,0,0,0,0,0,28.5,0,4,mlp,,mlp,,,,,
683,4,142,140.4056854248047,-0.008277486078441143,-0.001363695482723415,140.41395568847656,139.30694580078125,-0.010327935218811035,0.3106437027454376,True,0.6913790702819824,0.6913790702819824,0.0,0.0,0.0,0.0,1.0,10.855856895446777,-2.0315948745519563e-07,11.113510131835938,online_value_model,0,0,0,0,0,142,0,0,0,0,0,35.5,0,4,mlp,,mlp,,,,,
784,4,101,89.91156768798828,-0.013754799030721188,-0.006858358159661293,89.92532348632812,88.96061706542969,-0.042984962463378906,0.416407972574234,True,0.6896440982818604,0.6896440982818604,0.0,0.0,0.0,0.0,1.0,8.578327178955078,3.776927925969176e-08,8.931248664855957,online_value_model,0,0,0,0,0,101,0,0,0,0,0,25.25,0,4,mlp,,mlp,,,,,
926,4,142,119.43671417236328,-0.02869446761906147,-0.021809803321957588,119.46540832519531,118.27323150634766,-0.04238331317901611,0.48240065574645996,True,0.6884664297103882,0.6884664297103882,0.0,0.0,0.0,0.0,1.0,10.06067943572998,-2.6276413223058626e-07,10.478168487548828,online_value_model,0,0,0,0,0,142,0,0,0,0,0,35.5,0,4,mlp,,mlp,,,,,
986,4,60,44.68505096435547,-0.041623860597610474,-0.034737519919872284,44.7266731262207,44.00931167602539,-0.053359150886535645,0.5548712611198425,True,0.6886340975761414,0.6886340975761414,0.0,0.0,0.0,0.0,1.0,5.92902135848999,-7.152557657263969e-08,6.417489051818848,online_value_model,0,0,0,0,0,60,0,0,0,0,0,15.0,0,4,mlp,,mlp,,,,,
1065,4,79,70.0147705078125,-0.007237895391881466,-0.0003829334455076605,70.02201080322266,69.130615234375,-0.028920769691467285,0.5715094208717346,True,0.6854962110519409,0.6854962110519409,0.0,0.0,0.0,0.0,1.0,7.406693458557129,-9.053869653996571e-09,7.914615631103516,online_value_model,0,0,0,0,0,79,0,0,0,0,0,19.75,0,4,mlp,,mlp,,,,,
1147,4,82,66.7005844116211,-0.009661930613219738,-0.002778695896267891,66.71024322509766,65.80870056152344,-0.044428110122680664,0.6426459550857544,True,0.6883234977722168,0.6883234977722168,0.0,0.0,0.0,0.0,1.0,7.2961015701293945,8.504564874556308e-08,7.872718811035156,online_value_model,0,0,0,0,0,82,0,0,0,0,0,20.5,0,4,mlp,,mlp,,,,,
1256,4,109,98.42935943603516,0.004252806305885315,0.011104288510978222,98.42510986328125,97.26610565185547,-0.01808905601501465,0.6876708269119263,True,0.6851482391357422,0.6851482391357422,0.0,0.0,0.0,0.0,1.0,8.924844741821289,6.671345431641384e-08,9.545465469360352,online_value_model,0,0,0,0,0,109,0,0,0,0,0,27.25,0,4,mlp,,mlp,,,,,
1334,4,78,76.4017333984375,-0.020333081483840942,-0.013494818471372128,76.42206573486328,75.3934097290039,-0.05867958068847656,0.8108015060424805,True,0.6838263273239136,0.6838263273239136,0.0,0.0,0.0,0.0,1.0,7.590361595153809,1.1768096186415278e-07,8.32647705078125,online_value_model,0,0,0,0,0,77,0,0,0,0,0,19.5,0,4,mlp,,mlp,,,,,
1470,4,136,126.95369720458984,-0.018797608092427254,-0.011925125494599342,126.97249603271484,125.550537109375,-0.062204957008361816,0.8699831366539001,True,0.6872482299804688,0.6872482299804688,0.0,0.0,0.0,0.0,1.0,10.170095443725586,6.135772423476737e-08,10.963944435119629,online_value_model,0,0,0,0,0,133,0,0,0,0,0,34.0,0,4,mlp,,mlp,,,,,
1548,4,78,57.51820373535156,-0.023054683580994606,-0.016208596527576447,57.541259765625,56.520294189453125,-0.05360424518585205,0.9586845636367798,True,0.6846087574958801,0.6846087574958801,0.0,0.0,0.0,0.0,1.0,6.738768577575684,8.482199120862788e-08,7.617070198059082,online_value_model,0,0,0,0,0,77,0,0,0,0,0,19.5,0,4,mlp,,mlp,,,,,
1668,4,120,112.09867095947266,-0.03297676146030426,-0.026125887408852577,112.13164520263672,110.71376037597656,-0.047995567321777344,0.9957981705665588,True,0.6850875616073608,0.6850875616073608,0.0,0.0,0.0,0.0,1.0,9.451690673828125,-1.8874804652568855e-07,10.367547035217285,online_value_model,0,0,0,0,0,117,0,0,0,0,0,30.0,0,4,mlp,,mlp,,,,,
1774,4,106,94.89464569091797,-0.00907973200082779,-0.0022896230220794678,94.90372467041016,93.58152770996094,-0.0210951566696167,1.0169059038162231,True,0.6790108680725098,0.6790108680725098,0.0,0.0,0.0,0.0,1.0,8.683863639831543,2.0805394740364136e-08,9.622373580932617,online_value_model,0,0,0,0,0,105,0,0,0,0,0,26.5,0,4,mlp,,mlp,,,,,
1869,4,95,75.47576904296875,-0.0021916422992944717,0.0046110753901302814,75.47795867919922,74.26457214355469,-0.12008333206176758,1.2033591270446777,True,0.6802718043327332,0.6802718043327332,0.0,0.0,0.0,0.0,1.0,7.673055648803711,-2.7606361641119292e-08,8.787753105163574,online_value_model,0,0,0,0,0,92,0,0,0,0,0,23.75,0,4,mlp,,mlp,,,,,
1968,4,99,96.11942291259766,-0.020351532846689224,-0.013551479205489159,96.13977813720703,94.77291107177734,-0.12097060680389404,1.2976601123809814,True,0.6800053119659424,0.6800053119659424,0.0,0.0,0.0,0.0,1.0,8.525190353393555,-1.3847543556266828e-08,9.730977058410645,online_value_model,0,0,0,0,0,93,0,0,0,0,0,24.75,0,4,mlp,,mlp,,,,,
2058,4,90,81.6573715209961,-0.009648882783949375,-0.0028588976711034775,81.66702270507812,80.34420013427734,-0.11873519420623779,1.4051024913787842,True,0.6789985299110413,0.6789985299110413,0.0,0.0,0.0,0.0,1.0,7.776732921600342,-5.364417887676609e-08,9.08572769165039,online_value_model,0,0,0,0,0,84,0,0,0,0,0,22.5,0,4,mlp,,mlp,,,,,
2177,4,119,120.43492889404297,-0.02404407411813736,-0.017189281061291695,120.45897674560547,118.69032287597656,-0.08867013454437256,1.5184125900268555,True,0.6854793429374695,0.6854793429374695,0.0,0.0,0.0,0.0,1.0,9.641648292541504,1.0217939205858784e-07,11.059717178344727,online_value_model,0,0,0,0,0,114,0,0,0,0,0,29.75,0,4,mlp,,mlp,,,,,
2278,4,101,88.64232635498047,-0.03609055280685425,-0.029312346130609512,88.67841339111328,87.14959716796875,-0.10010230541229248,1.6018095016479492,True,0.67782062292099,0.67782062292099,0.0,0.0,0.0,0.0,1.0,8.174001693725586,-4.7211599962793116e-08,9.672956466674805,online_value_model,0,0,0,0,0,96,0,0,0,0,0,25.25,0,4,mlp,,mlp,,,,,
2433,4,155,130.0330810546875,-0.016999313607811928,-0.010171796195209026,130.05007934570312,127.96105194091797,-0.06140565872192383,1.7192261219024658,True,0.6827517747879028,0.6827517747879028,0.0,0.0,0.0,0.0,1.0,10.257735252380371,1.7766029714039178e-07,11.869828224182129,online_value_model,0,0,0,0,0,149,0,0,0,0,0,38.75,0,4,mlp,,mlp,,,,,
2548,4,115,99.38385772705078,-0.040624234825372696,-0.033849701285362244,99.42448425292969,97.75276947021484,-0.07155764102935791,1.6861705780029297,True,0.677453339099884,0.677453339099884,0.0,0.0,0.0,0.0,1.0,8.788346290588379,2.487846018084383e-08,10.37338638305664,online_value_model,0,0,0,0,0,110,0,0,0,0,0,28.75,0,4,mlp,,mlp,,,,,
2652,4,104,91.0546875,-0.03878019005060196,-0.03208110108971596,91.09346771240234,89.43997192382812,-0.11309695243835449,1.8967970609664917,True,0.6699090600013733,0.6699090600013733,0.0,0.0,0.0,0.0,1.0,8.191397666931152,-9.685754776000977e-08,9.977090835571289,online_value_model,0,0,0,0,0,98,0,0,0,0,0,26.0,0,4,mlp,,mlp,,,,,
2799,4,147,119.8650131225586,-0.0210052952170372,-0.01425004843622446,119.88601684570312,117.92078399658203,-0.07887077331542969,1.8673685789108276,True,0.6755247116088867,0.6755247116088867,0.0,0.0,0.0,0.0,1.0,9.809791564941406,-1.3948297805654875e-07,11.571349143981934,online_value_model,0,0,0,0,0,141,0,0,0,0,0,36.75,0,4,mlp,,mlp,,,,,
2929,4,130,106.98394012451172,0.013141734525561333,0.019830208271741867,106.97079467773438,104.75143432617188,0.0070896148681640625,2.207810401916504,True,0.668847382068634,0.668847382068634,0.0,0.0,0.0,0.0,1.0,9.10272216796875,8.023702235959718e-08,11.187567710876465,online_value_model,0,0,0,0,0,125,0,0,0,0,0,32.5,0,4,mlp,,mlp,,,,,
3049,4,120,92.64588165283203,-0.0059465644881129265,0.0007930527208372951,92.65182495117188,90.86743927001953,-0.07961666584014893,2.074873208999634,True,0.6739617586135864,0.6739617586135864,0.0,0.0,0.0,0.0,1.0,8.461404800415039,-1.2914340175029793e-07,10.424735069274902,online_value_model,0,0,0,0,0,114,0,0,0,0,0,30.0,0,4,mlp,,mlp,,,,,
3248,4,199,156.60491943359375,-0.012011868879199028,-0.005275474861264229,156.61692810058594,154.0334930419922,-0.03287005424499512,2.200084686279297,True,0.6736394166946411,0.6736394166946411,0.0,0.0,0.0,0.0,1.0,11.392823219299316,-8.386582983632707e-09,13.476438522338867,online_value_model,0,0,0,0,0,193,0,0,0,0,0,49.75,0,4,mlp,,mlp,,,,,
3343,4,95,72.03736877441406,-0.026631200686097145,-0.019942117854952812,72.06400299072266,70.44023132324219,-0.13477706909179688,2.4342551231384277,True,0.6689082384109497,0.6689082384109497,0.0,0.0,0.0,0.0,1.0,7.130733489990234,-5.019338544798302e-08,9.441285133361816,online_value_model,0,0,0,0,0,87,0,0,0,0,0,23.75,0,4,mlp,,mlp,,,,,
3529,4,186,135.39144897460938,-0.001959651242941618,0.004773537162691355,135.39340209960938,132.8223114013672,-0.041735291481018066,2.5166327953338623,True,0.6733188629150391,0.6733188629150391,0.0,0.0,0.0,0.0,1.0,10.532285690307617,8.588196465098008e-08,12.923506736755371,online_value_model,0,0,0,0,0,178,0,0,0,0,0,46.5,0,4,mlp,,mlp,,,,,
3732,4,203,151.18121337890625,-0.025305800139904022,-0.01859278976917267,151.20651245117188,148.34771728515625,-0.10883045196533203,2.769460678100586,True,0.6713009476661682,0.6713009476661682,0.0,0.0,0.0,0.0,1.0,11.090142250061035,4.345560356000533e-08,13.72299575805664,online_value_model,0,0,0,0,0,194,0,0,0,0,0,50.75,0,4,mlp,,mlp,,,,,
3848,4,116,93.44349670410156,-0.022517498582601547,-0.01583518087863922,93.46601104736328,91.41796875,-0.0906912088394165,2.7741479873657227,True,0.668231725692749,0.668231725692749,0.0,0.0,0.0,0.0,1.0,8.239748001098633,-3.9051318623251063e-08,10.882063865661621,online_value_model,0,0,0,0,0,107,0,0,0,0,0,29.0,0,4,mlp,,mlp,,,,,
4061,4,213,156.51138305664062,-0.022195890545845032,-0.015541348606348038,156.53358459472656,153.39968872070312,-0.03579437732696533,3.0164921283721924,True,0.6654542684555054,0.6654542684555054,0.0,0.0,0.0,0.0,1.0,11.360576629638672,-2.859903531771124e-07,14.235438346862793,online_value_model,0,0,0,0,0,204,0,0,0,0,0,53.25,0,4,mlp,,mlp,,,,,
4285,4,224,169.76869201660156,-0.01869283802807331,-0.011987208388745785,169.78738403320312,166.4676513671875,-0.11559140682220459,3.197112560272217,True,0.6705629229545593,0.6705629229545593,0.0,0.0,0.0,0.0,1.0,11.775930404663086,5.321843521421954e-10,14.823789596557617,online_value_model,0,0,0,0,0,212,0,0,0,0,0,56.0,0,4,mlp,,mlp,,,,,
4528,4,243,177.8080596923828,-0.018976988270878792,-0.012214740738272667,177.82704162597656,173.87741088867188,-0.10787749290466309,3.667301893234253,True,0.6762248277664185,0.6762248277664185,0.0,0.0,0.0,0.0,1.0,12.067290306091309,-1.3736050163970503e-07,15.56117057800293,online_value_model,0,0,0,0,0,231,0,0,0,0,0,60.75,0,4,mlp,,mlp,,,,,
4729,4,201,136.81982421875,-0.014255639165639877,-0.007606241386383772,136.83407592773438,133.90383911132812,-0.1608867645263672,3.4084761142730713,True,0.664939820766449,0.664939820766449,0.0,0.0,0.0,0.0,1.0,10.454643249511719,6.879739800069729e-08,13.711311340332031,online_value_model,0,0,0,0,0,188,0,0,0,0,0,50.25,0,4,mlp,,mlp,,,,,
4858,4,129,94.18128204345703,-0.014310387894511223,-0.007683626376092434,94.19559478759766,91.9792709350586,-0.1739710569381714,3.4673585891723633,True,0.662676215171814,0.662676215171814,0.0,0.0,0.0,0.0,1.0,8.19091510772705,-1.0072722744780549e-07,11.509699821472168,online_value_model,0,0,0,0,0,118,0,0,0,0,0,32.25,0,4,mlp,,mlp,,,,,
4985,4,127,94.63044738769531,-0.03776361048221588,-0.031228378415107727,94.668212890625,92.40355682373047,-0.23657739162445068,3.762394428253174,True,0.653523325920105,0.653523325920105,0.0,0.0,0.0,0.0,1.0,8.059820175170898,5.397270896878581e-08,11.663037300109863,online_value_model,0,0,0,0,0,112,0,0,0,0,0,31.75,0,4,mlp,,mlp,,,,,
5129,4,144,133.56027221679688,0.0007457076571881771,0.007274752017110586,133.5595245361328,130.60443115234375,-0.20324397087097168,4.205783367156982,True,0.6529044508934021,0.6529044508934021,0.0,0.0,0.0,0.0,1.0,9.581710815429688,3.063016507098837e-08,13.61447811126709,online_value_model,0,0,0,0,0,127,0,0,0,0,0,36.0,0,4,mlp,,mlp,,,,,
5413,4,284,171.20758056640625,-0.03111688792705536,-0.02446647733449936,171.2386932373047,167.66893005371094,-0.12904179096221924,3.8109939098358154,True,0.6650410890579224,0.6650410890579224,0.0,0.0,0.0,0.0,1.0,11.999337196350098,8.856746802621274e-08,15.654380798339844,online_value_model,0,0,0,0,0,269,0,0,0,0,0,71.0,0,4,mlp,,mlp,,,,,
5556,4,143,122.12429809570312,-0.012092838063836098,-0.005567600484937429,122.13639068603516,119.24400329589844,-0.06518137454986572,4.056495666503906,True,0.6525238156318665,0.6525238156318665,0.0,0.0,0.0,0.0,1.0,9.292004585266113,-1.400500764248136e-07,13.184700965881348,online_value_model,0,0,0,0,0,129,0,0,0,0,0,35.75,0,4,mlp,,mlp,,,,,
5704,4,148,113.83123779296875,-0.015719057992100716,-0.009212343953549862,113.84695434570312,110.96361541748047,-0.08140933513641357,4.260650634765625,True,0.6506714224815369,0.6506714224815369,0.0,0.0,0.0,0.0,1.0,8.990543365478516,1.6109363798477716e-07,13.083383560180664,online_value_model,0,0,0,0,0,135,0,0,0,0,0,37.0,0,4,mlp,,mlp,,,,,
5993,4,289,177.2519073486328,-0.020798085257411003,-0.014231099747121334,177.272705078125,173.2046661376953,-0.20305275917053223,4.679716110229492,True,0.6566985845565796,0.6566985845565796,0.0,0.0,0.0,0.0,1.0,12.063279151916504,-6.269831231975331e-08,16.56290626525879,online_value_model,0,0,0,0,0,270,0,0,0,0,0,72.25,0,4,mlp,,mlp,,,,,
6205,4,212,143.46292114257812,-0.006679369602352381,-0.00011208484647795558,143.4696044921875,139.9829864501953,-0.13666164875030518,4.6366376876831055,True,0.6567285060882568,0.6567285060882568,0.0,0.0,0.0,0.0,1.0,10.524928092956543,-8.434619225283768e-09,14.986289978027344,online_value_model,0,0,0,0,0,196,0,0,0,0,0,53.0,0,4,mlp,,mlp,,,,,
6403,4,198,131.35848999023438,-0.027001269161701202,-0.020334836095571518,131.385498046875,128.14993286132812,-0.07989168167114258,4.489683628082275,True,0.6666433811187744,0.6666433811187744,0.0,0.0,0.0,0.0,1.0,10.059775352478027,-5.1175703674744e-09,14.383401870727539,online_value_model,0,0,0,0,0,182,0,0,0,0,0,49.5,0,4,mlp,,mlp,,,,,
6649,4,246,154.10354614257812,-0.025437671691179276,-0.0188645888119936,154.1289825439453,150.3939971923828,-0.06802308559417725,4.725327014923096,True,0.6573083400726318,0.6573083400726318,0.0,0.0,0.0,0.0,1.0,11.116146087646484,1.4053127017632505e-07,15.667919158935547,online_value_model,0,0,0,0,0,229,0,0,0,0,0,61.5,0,4,mlp,,mlp,,,,,
6747,4,98,57.83794403076172,-0.009485977701842785,-0.003085119416937232,57.84743118286133,55.96868896484375,-0.1702648401260376,5.149681091308594,True,0.6400858163833618,0.6400858163833618,0.0,0.0,0.0,0.0,1.0,5.600380897521973,-3.4059798537100505e-08,10.56571102142334,online_value_model,0,0,0,0,0,82,0,0,0,0,0,24.5,0,4,mlp,,mlp,,,,,
7035,4,288,166.3044891357422,-0.03012344241142273,-0.023609764873981476,166.33460998535156,161.9564208984375,-0.2374182939529419,5.726380348205566,True,0.6513678431510925,0.6513678431510925,0.0,0.0,0.0,0.0,1.0,11.479397773742676,1.6722414386549644e-07,17.00070571899414,online_value_model,0,0,0,0,0,266,0,0,0,0,0,72.0,0,4,mlp,,mlp,,,,,
7360,4,325,176.09999084472656,-0.019159436225891113,-0.012620402500033379,176.11915588378906,171.5065460205078,-0.13753759860992432,5.688314914703369,True,0.6539034247398376,0.6539034247398376,0.0,0.0,0.0,0.0,1.0,12.047542572021484,-1.709277768213724e-07,17.536808013916016,online_value_model,0,0,0,0,0,305,0,0,0,0,0,81.25,0,4,mlp,,mlp,,,,,
7564,4,204,132.3355255126953,-0.026347093284130096,-0.01980477198958397,132.36187744140625,128.8142547607422,-0.18942523002624512,5.632807731628418,True,0.6542322039604187,0.6542322039604187,0.0,0.0,0.0,0.0,1.0,9.820978164672852,9.466619843578883e-08,15.260886192321777,online_value_model,0,0,0,0,0,183,0,0,0,0,0,51.0,0,4,mlp,,mlp,,,,,
7819,4,255,160.89361572265625,-0.027576886117458344,-0.02113160863518715,160.9211883544922,156.22813415527344,-0.2131727933883667,6.7684102058410645,True,0.6445276737213135,0.6445276737213135,0.0,0.0,0.0,0.0,1.0,10.924681663513184,8.601768541893762e-08,17.45825958251953,online_value_model,0,0,0,0,0,228,0,0,0,0,0,63.75,0,4,mlp,,mlp,,,,,
8000,4,181,116.54071044921875,-0.06467489898204803,-0.05824703350663185,116.60538482666016,113.35010528564453,-0.29328083992004395,6.178254127502441,True,0.64278644323349,0.64278644323349,0.0,0.0,0.0,0.0,1.0,8.826667785644531,-8.957162123124363e-08,14.798398971557617,online_value_model,0,0,0,0,0,158,0,0,0,0,0,45.25,0,4,mlp,,mlp,,,,,
8216,4,216,159.52035522460938,-0.020256273448467255,-0.013820372521877289,159.54061889648438,154.6234130859375,-0.21000826358795166,8.0519380569458,True,0.6435901522636414,0.6435901522636414,0.0,0.0,0.0,0.0,1.0,10.336836814880371,1.2417633854511223e-07,18.120256423950195,online_value_model,0,0,0,0,0,191,0,0,0,0,0,54.0,0,4,mlp,,mlp,,,,,
8519,4,303,167.05340576171875,-0.07578729093074799,-0.06932341307401657,167.1291961669922,162.3253631591797,-0.3320794105529785,7.173096656799316,True,0.6463879346847534,0.6463879346847534,0.0,0.0,0.0,0.0,1.0,11.253872871398926,4.72115990746147e-09,18.19204330444336,online_value_model,0,0,0,0,0,279,0,0,0,0,0,75.75,0,4,mlp,,mlp,,,,,
8898,4,379,181.65582275390625,-0.03590549901127815,-0.029488783329725266,181.6917266845703,176.56497192382812,-0.2698477506637573,7.034862041473389,True,0.6416714787483215,0.6416714787483215,0.0,0.0,0.0,0.0,1.0,12.141837120056152,2.0130329403400538e-08,18.95030403137207,online_value_model,0,0,0,0,0,354,0,0,0,0,0,94.75,0,4,mlp,,mlp,,,,,
9292,4,394,180.61012268066406,0.011427824385464191,0.017799818888306618,180.59869384765625,175.4178466796875,-0.18117713928222656,7.0555195808410645,True,0.6371994614601135,0.6371994614601135,0.0,0.0,0.0,0.0,1.0,12.19590950012207,2.7109524580737343e-07,19.02875518798828,online_value_model,0,0,0,0,0,366,0,0,0,0,0,98.5,0,4,mlp,,mlp,,,,,
9678,4,386,180.67935180664062,-0.038025349378585815,-0.03161482512950897,180.71737670898438,174.94381713867188,-0.39279377460479736,8.731694221496582,True,0.6410523653030396,0.6410523653030396,0.0,0.0,0.0,0.0,1.0,11.732343673706055,-1.5904866756955016e-07,20.18716812133789,online_value_model,0,0,0,0,0,357,0,0,0,0,0,96.5,0,4,mlp,,mlp,,,,,
10137,4,459,196.8228302001953,-0.00823157001286745,-0.0017749961698427796,196.8310546875,191.0984649658203,-0.8761357069015503,8.970773696899414,True,0.6456574201583862,0.6456574201583862,0.0,0.0,0.0,0.0,1.0,12.241196632385254,8.258944461658757e-08,20.930259704589844,online_value_model,0,0,0,0,0,422,0,0,0,0,0,114.75,0,4,mlp,,mlp,,,,,
10379,4,242,160.37020874023438,-0.09196995943784714,-0.08568160235881805,160.46217346191406,155.0296173095703,-0.35247230529785156,9.527727127075195,True,0.6288354992866516,0.6288354992866516,0.0,0.0,0.0,0.0,1.0,10.099595069885254,1.5073571546508902e-07,19.317546844482422,online_value_model,0,0,0,0,0,205,0,0,0,0,0,60.5,0,4,mlp,,mlp,,,,,
10643,4,264,145.90823364257812,-0.039493758231401443,-0.03316553309559822,145.94772338867188,141.31060791015625,-0.3090564012527466,8.243206977844238,True,0.632822573184967,0.632822573184967,0.0,0.0,0.0,0.0,1.0,10.096071243286133,-3.341472520901334e-08,18.084806442260742,online_value_model,0,0,0,0,0,235,0,0,0,0,0,66.0,0,4,mlp,,mlp,,,,,
10974,4,331,161.65939331054688,-0.03678029775619507,-0.03041360154747963,161.6961669921875,155.9643096923828,-0.09829425811767578,8.607129096984863,True,0.6366696953773499,0.6366696953773499,0.0,0.0,0.0,0.0,1.0,11.121209144592285,1.0084169943525012e-08,19.458454132080078,online_value_model,0,0,0,0,0,300,0,0,0,0,0,82.75,0,4,mlp,,mlp,,,,,
11247,4,273,151.79139709472656,-0.002631878014653921,0.003652936778962612,151.7940216064453,147.00201416015625,-0.33047187328338623,9.813608169555664,True,0.6284815073013306,0.6284815073013306,0.0,0.0,0.0,0.0,1.0,9.858429908752441,-4.050059132509887e-08,19.392040252685547,online_value_model,0,0,0,0,0,239,0,0,0,0,0,68.25,0,4,mlp,,mlp,,,,,
11580,4,333,159.30569458007812,-0.03215344622731209,-0.025856751948595047,159.3378448486328,153.66677856445312,-0.022055387496948242,8.849112510681152,True,0.6296693086624146,0.6296693086624146,0.0,0.0,0.0,0.0,1.0,11.04574966430664,-8.591660716206206e-09,19.630489349365234,online_value_model,0,0,0,0,0,307,0,0,0,0,0,83.25,0,4,mlp,,mlp,,,,,
11979,4,399,183.0101318359375,-0.010934748686850071,-0.004673812072724104,183.0210723876953,177.28005981445312,-0.7506115436553955,10.773138999938965,True,0.6260936856269836,0.6260936856269836,0.0,0.0,0.0,0.0,1.0,11.238320350646973,-1.2667854321080085e-07,21.69135284423828,online_value_model,0,0,0,0,0,363,0,0,0,0,0,99.75,0,4,mlp,,mlp,,,,,
12316,4,337,165.41127014160156,-0.00947115570306778,-0.003220310900360346,165.42074584960938,159.25042724609375,-0.3192840814590454,10.959220886230469,True,0.6250845193862915,0.6250845193862915,0.0,0.0,0.0,0.0,1.0,10.579142570495605,1.892491674482244e-08,21.202911376953125,online_value_model,0,0,0,0,0,297,0,0,0,0,0,84.25,0,4,mlp,,mlp,,,,,
12622,4,306,175.95225524902344,-0.044573456048965454,-0.03837566077709198,175.996826171875,170.7734832763672,-0.5370441675186157,9.934945106506348,True,0.6197793483734131,0.6197793483734131,0.0,0.0,0.0,0.0,1.0,10.865778923034668,-1.5543956521923974e-07,20.513198852539062,online_value_model,0,0,0,0,0,271,0,0,0,0,0,76.5,0,4,mlp,,mlp,,,,,
13034,4,412,180.47824096679688,-0.010803328827023506,-0.004580145701766014,180.48904418945312,174.45765686035156,-0.45718586444854736,10.759673118591309,True,0.6223183274269104,0.6223183274269104,0.0,0.0,0.0,0.0,1.0,11.457386016845703,-1.1284374323849988e-07,21.927942276000977,online_value_model,0,0,0,0,0,368,0,0,0,0,0,103.0,0,4,mlp,,mlp,,,,,
13539,4,505,185.6691131591797,-0.027659947052598,-0.021391715854406357,185.69677734375,178.8057403564453,-0.3097825050354004,11.099428176879883,True,0.6268231868743896,0.6268231868743896,0.0,0.0,0.0,0.0,1.0,11.969453811645508,-2.4550031341163958e-08,22.746591567993164,online_value_model,0,0,0,0,0,468,0,0,0,0,0,126.25,0,4,mlp,,mlp,,,,,
13944,4,405,185.9080047607422,-0.014669426716864109,-0.008458573371171951,185.92266845703125,179.16238403320312,-0.58623206615448,12.756643295288086,True,0.6210853457450867,0.6210853457450867,0.0,0.0,0.0,0.0,1.0,11.09117603302002,-8.182760780073295e-08,23.489660263061523,online_value_model,0,0,0,0,0,356,0,0,0,0,0,101.25,0,4,mlp,,mlp,,,,,
14360,4,416,196.33627319335938,-0.036803700029850006,-0.030546048656105995,196.37307739257812,190.14015197753906,-0.7735357284545898,13.25560474395752,True,0.6257650852203369,0.6257650852203369,0.0,0.0,0.0,0.0,1.0,11.010984420776367,8.25295103368262e-08,23.87886619567871,online_value_model,0,0,0,0,0,358,0,0,0,0,0,104.0,0,4,mlp,,mlp,,,,,
15257,4,897,202.2201690673828,0.0006178221665322781,0.006864231079816818,202.2195587158203,194.40444946289062,-0.4715101718902588,12.07776165008545,True,0.6246408820152283,0.6246408820152283,0.0,0.0,0.0,0.0,1.0,13.106393814086914,0.0035997729282826185,24.86652183532715,online_value_model,0,0,0,0,0,856,0,0,0,0,0,224.25,0,4,mlp,,mlp,,,,,
15576,4,319,173.26722717285156,-0.024922089651226997,-0.01888643391430378,173.29214477539062,167.6153564453125,-0.6475495100021362,12.82677936553955,True,0.6035656332969666,0.6035656332969666,0.0,0.0,0.0,0.0,1.0,10.017322540283203,7.47393646971517e-10,22.483972549438477,online_value_model,0,0,0,0,0,274,0,0,0,0,0,79.75,0,4,mlp,,mlp,,,,,
15956,4,380,166.49647521972656,-0.006949842907488346,-0.0007249863701872528,166.50341796875,160.36648559570312,-0.25396132469177246,11.150490760803223,True,0.6224856972694397,0.6224856972694397,0.0,0.0,0.0,0.0,1.0,11.00748062133789,2.9488614927686285e-07,21.85550308227539,online_value_model,0,0,0,0,0,342,0,0,0,0,0,95.0,0,4,mlp,,mlp,,,,,
16487,4,531,178.92413330078125,-0.007988408207893372,-0.0019371729576960206,178.93212890625,171.59400939941406,-0.2802006006240845,12.879266738891602,True,0.6051235198974609,0.6051235198974609,0.0,0.0,0.0,0.0,1.0,11.608081817626953,5.006341297075778e-08,24.139055252075195,online_value_model,0,0,0,0,0,489,0,0,0,0,0,132.75,0,4,mlp,,mlp,,,,,
16856,4,369,184.77220153808594,-0.011766058392822742,-0.005695578176528215,184.78396606445312,179.37045288085938,-0.7814868688583374,14.175995826721191,True,0.6070480346679688,0.6070480346679688,0.0,0.0,0.0,0.0,1.0,10.050357818603516,-2.97215567712783e-08,23.85235023498535,online_value_model,0,0,0,0,0,321,0,0,0,0,0,92.25,0,4,mlp,,mlp,,,,,
17522,4,666,212.8296661376953,-0.02097480371594429,-0.014793657697737217,212.85064697265625,205.6095428466797,-1.6104841232299805,15.316690444946289,True,0.6181146502494812,0.6181146502494812,0.0,0.0,0.0,0.0,1.0,11.787357330322266,4.864132918669384e-08,26.701488494873047,online_value_model,0,0,0,0,0,599,0,0,0,0,0,166.5,0,4,mlp,,mlp,,,,,
17852,4,330,160.9842071533203,-0.03569060191512108,-0.029728969559073448,161.0198974609375,154.1494140625,-0.15224730968475342,15.03171443939209,True,0.5961632132530212,0.5961632132530212,0.0,0.0,0.0,0.0,1.0,9.596023559570312,-1.1559688317674954e-08,24.224740982055664,online_value_model,0,0,0,0,0,285,0,0,0,0,0,82.5,0,4,mlp,,mlp,,,,,
18335,4,483,203.09593200683594,-0.020801404491066933,-0.014678479172289371,203.11672973632812,196.76397705078125,-1.4123167991638184,16.386730194091797,True,0.6122925281524658,0.6122925281524658,0.0,0.0,0.0,0.0,1.0,10.538455963134766,1.875756971969622e-08,26.51858901977539,online_value_model,0,0,0,0,0,417,0,0,0,0,0,120.75,0,4,mlp,,mlp,,,,,
18807,4,472,192.1374969482422,-0.01829403266310692,-0.012249062769114971,192.15579223632812,185.0552520751953,-0.8885694742202759,17.193086624145508,True,0.604496955871582,0.604496955871582,0.0,0.0,0.0,0.0,1.0,10.30428695678711,1.197144143816331e-07,27.05598258972168,online_value_model,0,0,0,0,0,405,0,0,0,0,0,118.0,0,4,mlp,,mlp,,,,,
19574,4,767,198.58993530273438,-0.010432809591293335,-0.0042523350566625595,198.60037231445312,191.00582885742188,-0.8266754150390625,15.335543632507324,True,0.6180474162101746,0.6180474162101746,0.0,0.0,0.0,0.0,1.0,12.014664649963379,0.002780510811135173,26.977291107177734,online_value_model,0,0,0,0,0,714,0,0,0,0,0,191.75,0,4,mlp,,mlp,,,,,
20319,4,745,206.8371124267578,0.008926667273044586,0.015033980831503868,206.82818603515625,199.28509521484375,-1.1733062267303467,15.908550262451172,True,0.6107313632965088,0.6107313632965088,0.0,0.0,0.0,0.0,1.0,11.84126091003418,0.0014274446293711662,27.345836639404297,online_value_model,0,0,0,0,0,682,0,0,0,0,0,186.25,0,4,mlp,,mlp,,,,,
21148,4,829,201.62437438964844,-0.016988443210721016,-0.01088620163500309,201.641357421875,193.28485107421875,-0.9547990560531616,16.70444107055664,True,0.6102241277694702,0.6102241277694702,0.0,0.0,0.0,0.0,1.0,11.938451766967773,0.005413701757788658,28.221294403076172,online_value_model,0,0,0,0,0,765,0,0,0,0,0,207.25,0,4,mlp,,mlp,,,,,
21900,4,752,192.63650512695312,0.005260528065264225,0.011347981169819832,192.63124084472656,184.69320678710938,-0.7965290546417236,16.460111618041992,True,0.6087453365325928,0.6087453365325928,0.0,0.0,0.0,0.0,1.0,11.707393646240234,-5.0727355649371475e-09,27.784629821777344,online_value_model,0,0,0,0,0,691,0,0,0,0,0,188.0,0,4,mlp,,mlp,,,,,
22454,4,554,190.94357299804688,-0.005111278500407934,0.0008257197332568467,190.9486846923828,183.98744201660156,-0.6868066787719727,16.786409378051758,True,0.5936998724937439,0.5936998724937439,0.0,0.0,0.0,0.0,1.0,10.803104400634766,0.0024830172769725323,27.189308166503906,online_value_model,0,0,0,0,0,498,0,0,0,0,0,138.5,0,4,mlp,,mlp,,,,,
23284,4,830,196.80101013183594,-0.02133156731724739,-0.015297388657927513,196.8223419189453,188.60157775878906,-1.012444019317627,17.514108657836914,True,0.6034179925918579,0.6034179925918579,0.0,0.0,0.0,0.0,1.0,11.724743843078613,0.0017321781488135457,28.83062171936035,online_value_model,0,0,0,0,0,763,0,0,0,0,0,207.5,0,4,mlp,,mlp,,,,,
23828,4,544,167.4210968017578,-0.003040602896362543,0.002926419023424387,167.42413330078125,159.2273712158203,-0.09036672115325928,17.82542610168457,True,0.5967022180557251,0.5967022180557251,0.0,0.0,0.0,0.0,1.0,10.466056823730469,4.77713690827386e-08,27.862382888793945,online_value_model,0,0,0,0,0,491,0,0,0,0,0,136.0,0,4,mlp,,mlp,,,,,
24520,4,692,190.7113037109375,0.0007082582451403141,0.006620288360863924,190.71060180664062,183.19691467285156,-0.7108111381530762,16.620634078979492,True,0.5912030339241028,0.5912030339241028,0.0,0.0,0.0,0.0,1.0,11.474238395690918,0.002587425522506237,27.71417236328125,online_value_model,0,0,0,0,0,635,0,0,0,0,0,173.0,0,4,mlp,,mlp,,,,,
25019,4,499,166.3756103515625,-0.015154901891946793,-0.009311960078775883,166.39076232910156,158.68716430664062,-0.36827516555786133,18.480669021606445,True,0.5842941999435425,0.5842941999435425,0.0,0.0,0.0,0.0,1.0,9.958606719970703,-1.2565949703002843e-07,28.000200271606445,online_value_model,0,0,0,0,0,443,0,0,0,0,0,124.75,0,4,mlp,,mlp,,,,,
25408,4,389,162.1486358642578,-0.03792635723948479,-0.03217277303338051,162.1865692138672,155.69578552246094,-0.4826565980911255,17.531478881835938,True,0.5753583908081055,0.5753583908081055,0.0,0.0,0.0,0.0,1.0,9.338332176208496,-5.883851983412569e-08,26.4725284576416,online_value_model,0,0,0,0,0,331,0,0,0,0,0,97.25,0,4,mlp,,mlp,,,,,
26021,4,613,219.03106689453125,-0.009687834419310093,-0.003710666671395302,219.04075622558594,212.02508544921875,-1.5104036331176758,21.619548797607422,True,0.5977168083190918,0.5977168083190918,0.0,0.0,0.0,0.0,1.0,10.13011646270752,0.00029431897564791143,31.263439178466797,online_value_model,0,0,0,0,0,543,0,0,0,0,0,153.25,0,4,mlp,,mlp,,,,,
26532,4,511,189.27537536621094,-0.008910778909921646,-0.0031143820378929377,189.28428649902344,182.3417510986328,-0.531774640083313,20.080345153808594,True,0.579639732837677,0.579639732837677,0.0,0.0,0.0,0.0,1.0,9.793692588806152,0.001808807603083551,29.433124542236328,online_value_model,0,0,0,0,0,446,0,0,0,0,0,127.75,0,4,mlp,,mlp,,,,,
27331,4,799,178.50772094726562,-0.00874689407646656,-0.002714196452870965,178.51646423339844,169.67523193359375,-0.2639511823654175,19.974239349365234,True,0.6032697558403015,0.6032697558403015,0.0,0.0,0.0,0.0,1.0,11.110828399658203,0.004381060600280762,30.646631240844727,online_value_model,0,0,0,0,0,738,0,0,0,0,0,199.75,0,4,mlp,,mlp,,,,,
28174,4,843,196.06283569335938,-0.026257015764713287,-0.02027716673910618,196.08909606933594,187.6958465576172,-1.2990052700042725,20.463302612304688,True,0.597985029220581,0.597985029220581,0.0,0.0,0.0,0.0,1.0,11.101758003234863,0.0014928847085684538,31.109691619873047,online_value_model,0,0,0,0,0,762,0,0,0,0,0,210.75,0,4,mlp,,mlp,,,,,
28931,4,757,198.2156982421875,0.003843648824840784,0.009773765690624714,198.21185302734375,189.9501190185547,-0.9816423654556274,21.526142120361328,True,0.5930116772651672,0.5930116772651672,0.0,0.0,0.0,0.0,1.0,10.604876518249512,0.004724785685539246,31.65877342224121,online_value_model,0,0,0,0,0,682,0,0,0,0,0,189.25,0,4,mlp,,mlp,,,,,
29588,4,657,221.92327880859375,0.006391949485987425,0.012412342242896557,221.91688537597656,214.7557830810547,-1.5061531066894531,25.511863708496094,True,0.6020392775535583,0.6020392775535583,0.0,0.0,0.0,0.0,1.0,9.488823890686035,0.0016023780917748809,34.47504425048828,online_value_model,0,0,0,0,0,567,0,0,0,0,0,164.25,0,4,mlp,,mlp,,,,,
30415,4,827,203.0049591064453,-0.0015947339124977589,0.004339062608778477,203.00656127929688,194.86058044433594,-1.1510543823242188,22.35274314880371,True,0.5933796763420105,0.5933796763420105,0.0,0.0,0.0,0.0,1.0,10.6322021484375,0.0035905756521970034,32.52000427246094,online_value_model,0,0,0,0,0,748,0,0,0,0,0,206.75,0,4,mlp,,mlp,,,,,
31234,4,819,182.46044921875,0.011957917362451553,0.01793629862368107,182.448486328125,173.4594268798828,-0.4547131061553955,24.260540008544922,True,0.5978381037712097,0.5978381037712097,0.0,0.0,0.0,0.0,1.0,10.278958320617676,0.0068388511426746845,34.03324890136719,online_value_model,0,0,0,0,0,739,0,0,0,0,0,204.75,0,4,mlp,,mlp,,,,,
31806,4,572,190.7645263671875,-0.03917746618390083,-0.033245496451854706,190.8037109375,183.44053649902344,-0.8108800649642944,24.101282119750977,True,0.5931969881057739,0.5931969881057739,0.0,0.0,0.0,0.0,1.0,9.173620223999023,5.5436487400584156e-08,32.773040771484375,online_value_model,0,0,0,0,0,490,0,0,0,0,0,143.0,0,4,mlp,,mlp,,,,,
32398,4,592,213.92059326171875,-0.022470220923423767,-0.016664184629917145,213.9430694580078,207.0264434814453,-0.9071179628372192,25.861181259155273,True,0.5806035995483398,0.5806035995483398,0.0,0.0,0.0,0.0,1.0,8.956376075744629,0.0015429354971274734,34.29873275756836,online_value_model,0,0,0,0,0,514,0,0,0,0,0,148.0,0,4,mlp,,mlp,,,,,
33023,4,625,200.32412719726562,0.0015284176915884018,0.007429640274494886,200.32260131835938,192.59390258789062,-0.5448011159896851,26.64417266845703,True,0.5901222825050354,0.5901222825050354,0.0,0.0,0.0,0.0,1.0,9.117926597595215,0.0008190441294573247,35.2305793762207,online_value_model,0,0,0,0,0,543,0,0,0,0,0,156.25,0,4,mlp,,mlp,,,,,
33802,4,779,173.19732666015625,0.0018061315640807152,0.007611138746142387,173.19552612304688,163.71998596191406,-0.21693265438079834,26.444976806640625,True,0.5805007219314575,0.5805007219314575,0.0,0.0,0.0,0.0,1.0,9.76613998413086,0.0010292526567354798,35.65780258178711,online_value_model,0,0,0,0,0,690,0,0,0,0,0,194.75,0,4,mlp,,mlp,,,,,
34618,4,816,184.0128631591797,0.008155342191457748,0.0140606090426445,184.0047149658203,175.22116088867188,-0.5824588537216187,25.48274803161621,True,0.5905267596244812,0.5905267596244812,0.0,0.0,0.0,0.0,1.0,9.914204597473145,0.004768859129399061,34.86328887939453,online_value_model,0,0,0,0,0,735,0,0,0,0,0,204.0,0,4,mlp,,mlp,,,,,
35166,4,548,171.58050537109375,-0.0014931932091712952,0.004219444002956152,171.58200073242188,163.47154235839844,-0.09646224975585938,28.047969818115234,True,0.5712637305259705,0.5712637305259705,0.0,0.0,0.0,0.0,1.0,8.122984886169434,-1.1920928955078125e-07,35.58412551879883,online_value_model,0,0,0,0,0,464,0,0,0,0,0,137.0,0,4,mlp,,mlp,,,,,
36084,4,918,192.01858520507812,-0.004177925176918507,0.0016755724791437387,192.02276611328125,183.4741668701172,-0.8495751619338989,26.513731002807617,True,0.5853497385978699,0.5853497385978699,0.0,0.0,0.0,0.0,1.0,10.011636734008789,0.005326784681528807,35.987918853759766,online_value_model,0,0,0,0,0,819,0,0,0,0,0,229.5,0,4,mlp,,mlp,,,,,
37215,4,1131,201.96951293945312,0.0015821075066924095,0.007407174911350012,201.96792602539062,192.8415985107422,-0.9048389196395874,29.037864685058594,True,0.5825067758560181,0.5825067758560181,0.0,0.0,0.0,0.0,1.0,10.011698722839355,0.004890094511210918,38.4525032043457,online_value_model,0,0,0,0,0,1024,0,0,0,0,0,282.75,0,4,mlp,,mlp,,,,,
37833,4,618,197.29127502441406,0.010354273021221161,0.016040554270148277,197.28091430664062,190.1636199951172,-1.2337009906768799,27.359407424926758,True,0.568628191947937,0.568628191947937,0.0,0.0,0.0,0.0,1.0,8.529672622680664,-5.2467520106347365e-08,35.38068389892578,online_value_model,0,0,0,0,0,533,0,0,0,0,0,154.5,0,4,mlp,,mlp,,,,,
38465,4,632,252.6178436279297,-0.0060773324221372604,-0.00015425153833348304,252.62391662597656,246.57281494140625,-1.1460645198822021,34.97553634643555,True,0.5923081040382385,0.5923081040382385,0.0,0.0,0.0,0.0,1.0,7.301496505737305,4.4892104256177845e-08,41.5991096496582,online_value_model,0,0,0,0,0,519,0,0,0,0,0,158.0,0,4,mlp,,mlp,,,,,
39311,4,846,202.21290588378906,0.00950562208890915,0.01534062810242176,202.20339965820312,194.26695251464844,-1.1684434413909912,26.459075927734375,True,0.5835006833076477,0.5835006833076477,0.0,0.0,0.0,0.0,1.0,9.722164154052734,0.008331641554832458,35.6751594543457,online_value_model,0,0,0,0,0,759,0,0,0,0,0,211.5,0,4,mlp,,mlp,,,,,
39964,4,653,158.94076538085938,0.0073871309868991375,0.013150295242667198,158.93338012695312,150.35264587402344,0.015007495880126953,29.447532653808594,True,0.5763164162635803,0.5763164162635803,0.0,0.0,0.0,0.0,1.0,8.4467134475708,6.10632705502212e-05,37.32955551147461,online_value_model,0,0,0,0,0,572,0,0,0,0,0,163.25,0,4,mlp,,mlp,,,,,
40323,4,359,175.02212524414062,-0.014340010471642017,-0.008838514797389507,175.03646850585938,170.28680419921875,-0.32283294200897217,29.504364013671875,True,0.5501495599746704,0.5501495599746704,0.0,0.0,0.0,0.0,1.0,5.4404706954956055,3.984711671733976e-09,34.38043212890625,online_value_model,0,0,0,0,0,279,0,0,0,0,0,89.75,0,4,mlp,,mlp,,,,,
41198,4,875,263.5599670410156,0.005408648867160082,0.011211510747671127,263.5545654296875,256.4200439453125,-2.365546703338623,31.217487335205078,True,0.5802862048149109,0.5802862048149109,0.0,0.0,0.0,0.0,1.0,8.901887893676758,0.005041227210313082,39.56864547729492,online_value_model,0,0,0,0,0,770,0,0,0,0,0,218.75,0,4,mlp,,mlp,,,,,
42107,4,909,217.676025390625,0.0026950142346322536,0.008552434854209423,217.67332458496094,209.47250366210938,-1.158409833908081,31.762205123901367,True,0.5857420563697815,0.5857420563697815,0.0,0.0,0.0,0.0,1.0,8.886250495910645,0.0038927472196519375,40.09501647949219,online_value_model,0,0,0,0,0,808,0,0,0,0,0,227.25,0,4,mlp,,mlp,,,,,
43023,4,916,165.2059326171875,0.008188527077436447,0.01387943234294653,165.19773864746094,156.15585327148438,-0.5297857522964478,28.529926300048828,True,0.5690906047821045,0.5690906047821045,0.0,0.0,0.0,0.0,1.0,9.425142288208008,0.0011544222943484783,37.430782318115234,online_value_model,0,0,0,0,0,824,0,0,0,0,0,229.0,0,4,mlp,,mlp,,,,,
44236,4,1213,216.1568603515625,0.007119976915419102,0.0128634637221694,216.1497344970703,207.3179168701172,-2.0506339073181152,31.642501831054688,True,0.5743486881256104,0.5743486881256104,0.0,0.0,0.0,0.0,1.0,9.52432632446289,0.0027930480428040028,40.6067008972168,online_value_model,0,0,0,0,0,1101,0,0,0,0,0,303.25,0,4,mlp,,mlp,,,,,
44881,4,645,185.15036010742188,0.006373567506670952,0.01217568013817072,185.14398193359375,177.79701232910156,-0.876376748085022,31.23347282409668,True,0.5802112817764282,0.5802112817764282,0.0,0.0,0.0,0.0,1.0,7.770036220550537,-2.6614166870331246e-08,38.448753356933594,online_value_model,0,0,0,0,0,546,0,0,0,0,0,161.25,0,4,mlp,,mlp,,,,,
45929,4,1048,192.39199829101562,0.010724583640694618,0.016467606648802757,192.3812713623047,183.6739044189453,-0.8640730381011963,33.35248565673828,True,0.5743022561073303,0.5743022561073303,0.0,0.0,0.0,0.0,1.0,8.801556587219238,0.010800656862556934,41.58021926879883,online_value_model,0,0,0,0,0,943,0,0,0,0,0,262.0,0,4,mlp,,mlp,,,,,
46591,4,662,186.7639617919922,-0.026621824130415916,-0.02095113694667816,186.79058837890625,179.38194274902344,-1.0731701850891113,30.81206703186035,True,0.5670686960220337,0.5670686960220337,0.0,0.0,0.0,0.0,1.0,7.854654312133789,-3.853593355529483e-08,38.126468658447266,online_value_model,0,0,0,0,0,575,0,0,0,0,0,165.5,0,4,mlp,,mlp,,,,,
47522,4,931,247.5298309326172,0.003839251585304737,0.009607772342860699,247.52598571777344,240.0631103515625,-1.328575611114502,36.98282241821289,True,0.5768520832061768,0.5768520832061768,0.0,0.0,0.0,0.0,1.0,7.9093337059021,0.0037521799094974995,44.301082611083984,online_value_model,0,0,0,0,0,820,0,0,0,0,0,232.75,0,4,mlp,,mlp,,,,,
48378,4,856,173.40310668945312,0.005243129096925259,0.010981922037899494,173.39785766601562,165.0828399658203,-0.4882833957672119,33.908931732177734,True,0.5738793015480042,0.5738793015480042,0.0,0.0,0.0,0.0,1.0,8.144979476928711,0.0021340942475944757,41.481422424316406,online_value_model,0,0,0,0,0,749,0,0,0,0,0,214.0,0,4,mlp,,mlp,,,,,
49361,4,983,208.69859313964844,0.005158536601811647,0.010909555479884148,208.6934356689453,199.38165283203125,-1.0702719688415527,35.155452728271484,True,0.575101912021637,0.575101912021637,0.0,0.0,0.0,0.0,1.0,9.076447486877441,0.013436814770102501,43.65785598754883,online_value_model,0,0,0,0,0,895,0,0,0,0,0,245.75,0,4,mlp,,mlp,,,,,
50366,4,1005,194.24427795410156,0.017680468037724495,0.023465117439627647,194.22659301757812,186.0135498046875,-0.95320725440979,37.304931640625,True,0.5784649848937988,0.5784649848937988,0.0,0.0,0.0,0.0,1.0,7.940394401550293,0.002329843817278743,44.645263671875,online_value_model,0,0,0,0,0,899,0,0,0,0,0,251.25,0,4,mlp,,mlp,,,,,
51081,4,715,207.17845153808594,-0.005060052033513784,0.0006357853417284787,207.1835174560547,200.01434326171875,-0.6234545707702637,39.05243682861328,True,0.5695837736129761,0.5695837736129761,0.0,0.0,0.0,0.0,1.0,6.532852649688721,0.0002752902510110289,44.97880172729492,online_value_model,0,0,0,0,0,596,0,0,0,0,0,178.75,0,4,mlp,,mlp,,,,,
52051,4,970,176.5744171142578,0.0036693327128887177,0.009424266405403614,176.5707550048828,168.3002471923828,-0.6988049745559692,36.426116943359375,True,0.5754933953285217,0.5754933953285217,0.0,0.0,0.0,0.0,1.0,7.928905010223389,0.0026935292407870293,43.7376594543457,online_value_model,0,0,0,0,0,858,0,0,0,0,0,242.5,0,4,mlp,,mlp,,,,,
53027,4,976,189.93048095703125,0.026376105844974518,0.0319635346531868,189.9040985107422,181.6353302001953,-1.2484426498413086,35.6762809753418,True,0.558742880821228,0.558742880821228,0.0,0.0,0.0,0.0,1.0,8.086941719055176,0.0059412275440990925,43.129180908203125,online_value_model,0,0,0,0,0,852,0,0,0,0,0,244.0,0,4,mlp,,mlp,,,,,
54102,4,1075,193.3277130126953,0.0033877743408083916,0.009094216860830784,193.32432556152344,184.87484741210938,-0.8642144203186035,37.55840301513672,True,0.5706442594528198,0.5706442594528198,0.0,0.0,0.0,0.0,1.0,7.987599849700928,0.004712695721536875,44.922760009765625,online_value_model,0,0,0,0,0,962,0,0,0,0,0,268.75,0,4,mlp,,mlp,,,,,
55000,4,898,206.7660369873047,0.0038769226521253586,0.009600458666682243,206.7621612548828,199.15081787109375,-1.4165806770324707,38.734737396240234,True,0.5723536014556885,0.5723536014556885,0.0,0.0,0.0,0.0,1.0,7.261335849761963,0.0017407548148185015,45.32011795043945,online_value_model,0,0,0,0,0,786,0,0,0,0,0,224.5,0,4,mlp,,mlp,,,,,
55832,4,832,194.25628662109375,-0.023828594014048576,-0.018069107085466385,194.28012084960938,186.99310302734375,-0.7893791198730469,39.387821197509766,True,0.5759486556053162,0.5759486556053162,0.0,0.0,0.0,0.0,1.0,6.8545613288879395,0.0012040475849062204,45.605342864990234,online_value_model,0,0,0,0,0,724,0,0,0,0,0,208.0,0,4,mlp,,mlp,,,,,
56624,4,792,254.18411254882812,-0.007047994062304497,-0.001502416329458356,254.191162109375,247.9445037841797,-1.5817534923553467,41.693580627441406,True,0.554557740688324,0.554557740688324,0.0,0.0,0.0,0.0,1.0,6.196535587310791,0.0026030829176306725,47.25355529785156,online_value_model,0,0,0,0,0,673,0,0,0,0,0,198.0,0,4,mlp,,mlp,,,,,
57632,4,1008,241.9669952392578,0.011379081755876541,0.016937674954533577,241.9556121826172,234.54847717285156,-1.8914573192596436,42.23910903930664,True,0.5558592677116394,0.5558592677116394,0.0,0.0,0.0,0.0,1.0,6.877501964569092,0.0035885153338313103,48.50310134887695,online_value_model,0,0,0,0,0,886,0,0,0,0,0,252.0,0,4,mlp,,mlp,,,,,
58872,4,1240,153.60134887695312,0.025303440168499947,0.030932119116187096,153.5760498046875,143.7154541015625,-0.927812933921814,38.111698150634766,True,0.5628678798675537,0.5628678798675537,0.0,0.0,0.0,0.0,1.0,8.607069969177246,0.011055601760745049,46.111385345458984,online_value_model,0,0,0,0,0,1144,0,0,0,0,0,310.0,0,4,mlp,,mlp,,,,,
59898,4,1026,227.44569396972656,0.01919238269329071,0.024843208491802216,227.42649841308594,219.75440979003906,-1.3481571674346924,43.81110763549805,True,0.5650824904441833,0.5650824904441833,0.0,0.0,0.0,0.0,1.0,6.63962459564209,0.002806570380926132,49.82892990112305,online_value_model,0,0,0,0,0,897,0,0,0,0,0,256.5,0,4,mlp,,mlp,,,,,
61209,4,1311,182.92625427246094,0.017645983025431633,0.023364832624793053,182.9086151123047,173.935546875,-1.1464769840240479,40.943931579589844,True,0.5718849301338196,0.5718849301338196,0.0,0.0,0.0,0.0,1.0,7.731944561004639,0.0076940953731536865,48.05271911621094,online_value_model,0,0,0,0,0,1181,0,0,0,0,0,327.75,0,4,mlp,,mlp,,,,,
62078,4,869,158.3570556640625,0.00905871856957674,0.014674526639282703,158.34799194335938,151.1880645751953,-0.13148832321166992,43.19150924682617,True,0.5615808367729187,0.5615808367729187,0.0,0.0,0.0,0.0,1.0,6.137744903564453,0.0005459063686430454,48.663455963134766,online_value_model,0,0,0,0,0,727,0,0,0,0,0,217.25,0,4,mlp,,mlp,,,,,
62902,4,824,243.65834045410156,0.001081971451640129,0.00677106436342001,243.65725708007812,237.3696746826172,-1.0492591857910156,46.58097839355469,True,0.5689092874526978,0.5689092874526978,0.0,0.0,0.0,0.0,1.0,5.3081560134887695,0.003208430716767907,51.23455047607422,online_value_model,0,0,0,0,0,688,0,0,0,0,0,206.0,0,4,mlp,,mlp,,,,,
63730,4,828,224.4546356201172,-0.011645117774605751,-0.006043442990630865,224.46627807617188,216.5720672607422,-1.409451961517334,43.32474136352539,True,0.5601674914360046,0.5601674914360046,0.0,0.0,0.0,0.0,1.0,5.830383777618408,0.0011670019011944532,48.55690002441406,online_value_model,0,0,0,0,0,705,0,0,0,0,0,207.0,0,4,mlp,,mlp,,,,,
64999,4,1269,173.3453826904297,0.018022477626800537,0.02362223155796528,173.32736206054688,165.27346801757812,-0.9622352123260498,44.67647933959961,True,0.5599754452705383,0.5599754452705383,0.0,0.0,0.0,0.0,1.0,6.908299446105957,0.007730885874480009,50.973270416259766,online_value_model,0,0,0,0,0,1134,0,0,0,0,0,317.25,0,4,mlp,,mlp,,,,,
65650,4,651,266.9143371582031,-0.023887867107987404,-0.018380049616098404,266.938232421875,262.337158203125,-0.969436526298523,48.54650115966797,True,0.550781786441803,0.550781786441803,0.0,0.0,0.0,0.0,1.0,3.836254358291626,-2.8200046742199447e-08,51.7478141784668,online_value_model,0,0,0,0,0,525,0,0,0,0,0,162.75,0,4,mlp,,mlp,,,,,
66622,4,972,214.27200317382812,0.002708735875785351,0.008413213305175304,214.269287109375,206.99267578125,-0.908912181854248,48.75843048095703,True,0.5704477429389954,0.5704477429389954,0.0,0.0,0.0,0.0,1.0,5.38685941696167,0.003244382794946432,53.54996109008789,online_value_model,0,0,0,0,0,827,0,0,0,0,0,243.0,0,4,mlp,,mlp,,,,,
67870,4,1248,166.0986785888672,0.000850604847073555,0.006475960370153189,166.0978240966797,157.15635681152344,-1.129547357559204,46.70551300048828,True,0.5625355839729309,0.5625355839729309,0.0,0.0,0.0,0.0,1.0,6.979248046875,0.00949328113347292,53.098819732666016,online_value_model,0,0,0,0,0,1105,0,0,0,0,0,312.0,0,4,mlp,,mlp,,,,,
68925,4,1055,188.4661407470703,0.009942002594470978,0.015593262389302254,188.45619201660156,179.61990356445312,-1.7314436435699463,44.8670768737793,True,0.5651259422302246,0.5651259422302246,0.0,0.0,0.0,0.0,1.0,6.855445384979248,0.00873205903917551,51.11948013305664,online_value_model,0,0,0,0,0,950,0,0,0,0,0,263.75,0,4,mlp,,mlp,,,,,
70256,4,1331,192.01138305664062,0.011111178435385227,0.01664457656443119,192.00027465820312,182.7583465576172,-1.3809702396392822,46.612815856933594,True,0.5533398389816284,0.5533398389816284,0.0,0.0,0.0,0.0,1.0,6.55498743057251,0.007245513144880533,52.584136962890625,online_value_model,0,0,0,0,0,1172,0,0,0,0,0,332.75,0,4,mlp,,mlp,,,,,
71123,4,867,252.09706115722656,0.009553134441375732,0.015184142626821995,252.08750915527344,242.43893432617188,-1.4521892070770264,47.826683044433594,True,0.5631008744239807,0.5631008744239807,0.0,0.0,0.0,0.0,1.0,4.944342613220215,0.0007698030094616115,52.28334426879883,online_value_model,0,0,0,0,0,721,0,0,0,0,0,216.75,0,4,mlp,,mlp,,,,,
71981,4,858,207.14199829101562,0.014262271113693714,0.01968737319111824,207.1277313232422,199.5343475341797,-0.9086341857910156,47.228397369384766,True,0.5425102114677429,0.5425102114677429,0.0,0.0,0.0,0.0,1.0,4.97113037109375,0.006645351182669401,51.691429138183594,online_value_model,0,0,0,0,0,722,0,0,0,0,0,214.5,0,4,mlp,,mlp,,,,,
73423,4,1442,128.37757873535156,0.04220912232995033,0.047782592475414276,128.3353729248047,117.9729995727539,-1.0439331531524658,46.860679626464844,True,0.5573469400405884,0.5573469400405884,0.0,0.0,0.0,0.0,1.0,7.802984714508057,0.021602442488074303,54.0482177734375,online_value_model,0,0,0,0,0,1342,0,0,0,0,0,360.5,0,4,mlp,,mlp,,,,,
74417,4,994,195.47642517089844,0.007542524021118879,0.013108761981129646,195.46888732910156,190.7152862548828,-0.6997194290161133,51.69877624511719,True,0.5566238164901733,0.5566238164901733,0.0,0.0,0.0,0.0,1.0,4.7321672439575195,0.0046157026663422585,55.8510856628418,online_value_model,0,0,0,0,0,851,0,0,0,0,0,248.5,0,4,mlp,,mlp,,,,,
75607,4,1190,199.33010864257812,0.021086320281028748,0.02671051025390625,199.30902099609375,191.85595703125,-1.0482521057128906,51.28775405883789,True,0.5624191164970398,0.5624191164970398,0.0,0.0,0.0,0.0,1.0,5.339418888092041,0.004867451265454292,56.020103454589844,online_value_model,0,0,0,0,0,1029,0,0,0,0,0,297.5,0,4,mlp,,mlp,,,,,
76461,4,854,229.99046325683594,0.010379929095506668,0.01580873131752014,229.98008728027344,224.4191131591797,-0.8908023834228516,51.56837844848633,True,0.5428802967071533,0.5428802967071533,0.0,0.0,0.0,0.0,1.0,3.9846465587615967,0.004033987410366535,54.95767593383789,online_value_model,0,0,0,0,0,689,0,0,0,0,0,213.5,0,4,mlp,,mlp,,,,,
77631,4,1170,155.3468475341797,0.007317989598959684,0.012879505753517151,155.3395233154297,147.649169921875,-0.5695353746414185,50.89723587036133,True,0.5561516284942627,0.5561516284942627,0.0,0.0,0.0,0.0,1.0,5.920712471008301,0.006534104701131582,56.16416931152344,online_value_model,0,0,0,0,0,1031,0,0,0,0,0,292.5,0,4,mlp,,mlp,,,,,
78656,4,1025,262.402587890625,0.002848130650818348,0.008384879678487778,262.3997497558594,253.8252410888672,-1.1703062057495117,54.999752044677734,True,0.5536749362945557,0.5536749362945557,0.0,0.0,0.0,0.0,1.0,4.108097553253174,0.0027508020866662264,58.51308822631836,online_value_model,0,0,0,0,0,850,0,0,0,0,0,256.25,0,4,mlp,,mlp,,,,,
79703,4,1047,195.8436737060547,0.016440553590655327,0.022006768733263016,195.82723999023438,190.6737060546875,-0.30367839336395264,55.73897171020508,True,0.5566214919090271,0.5566214919090271,0.0,0.0,0.0,0.0,1.0,4.049459457397461,0.002858293941244483,59.18502426147461,online_value_model,0,0,0,0,0,859,0,0,0,0,0,261.75,0,4,mlp,,mlp,,,,,
80665,4,962,243.1097412109375,0.007730511482805014,0.013214008882641792,243.1020050048828,235.60540771484375,-1.1558303833007812,53.86751174926758,True,0.5483497381210327,0.5483497381210327,0.0,0.0,0.0,0.0,1.0,3.974728584289551,0.0034263147972524166,57.30154800415039,online_value_model,0,0,0,0,0,809,0,0,0,0,0,240.5,0,4,mlp,,mlp,,,,,
81780,4,1115,145.01734924316406,0.006688079796731472,0.012218170799314976,145.0106658935547,137.96087646484375,-0.6291141510009766,52.18775939941406,True,0.5530090928077698,0.5530090928077698,0.0,0.0,0.0,0.0,1.0,5.501990795135498,0.0064849574118852615,57.064300537109375,online_value_model,0,0,0,0,0,981,0,0,0,0,0,278.75,0,4,mlp,,mlp,,,,,
83039,4,1259,170.28756713867188,-0.022368770092725754,-0.016902590170502663,170.3099365234375,163.33154296875,-0.811131477355957,53.69612503051758,True,0.5466179847717285,0.5466179847717285,0.0,0.0,0.0,0.0,1.0,4.889840126037598,0.0039268252439796925,57.983619689941406,online_value_model,0,0,0,0,0,1099,0,0,0,0,0,314.75,0,4,mlp,,mlp,,,,,
83688,4,649,271.73358154296875,-0.026031797751784325,-0.02051488682627678,271.7596130371094,267.0354309082031,-0.45105624198913574,56.10165786743164,True,0.5516911149024963,0.5516911149024963,0.0,0.0,0.0,0.0,1.0,1.7547470331192017,0.00017954646318685263,57.316802978515625,online_value_model,0,0,0,0,0,501,0,0,0,0,0,162.25,0,4,mlp,,mlp,,,,,
84783,4,1095,210.65953063964844,0.018962213769555092,0.02441233955323696,210.64056396484375,203.42572021484375,-0.8916212320327759,58.71255874633789,True,0.5450125932693481,0.5450125932693481,0.0,0.0,0.0,0.0,1.0,4.419187545776367,0.011520016007125378,62.61117172241211,online_value_model,0,0,0,0,0,930,0,0,0,0,0,273.75,0,4,mlp,,mlp,,,,,
85892,4,1109,239.32321166992188,-0.027753930538892746,-0.02218261919915676,239.35096740722656,231.66671752929688,-0.8926907777786255,57.78882598876953,True,0.5571311116218567,0.5571311116218567,0.0,0.0,0.0,0.0,1.0,3.6990907192230225,0.007125998381525278,60.969905853271484,online_value_model,0,0,0,0,0,932,0,0,0,0,0,277.25,0,4,mlp,,mlp,,,,,
87600,4,1708,128.18783569335938,0.03388899937272072,0.03941560536623001,128.15394592285156,119.93217468261719,-0.39059293270111084,58.21417999267578,True,0.5526604652404785,0.5526604652404785,0.0,0.0,0.0,0.0,1.0,6.0929179191589355,0.024834521114826202,63.751041412353516,online_value_model,0,0,0,0,0,1546,0,0,0,0,0,427.0,0,4,mlp,,mlp,,,,,
88710,4,1110,240.93240356445312,0.014331914484500885,0.019877851009368896,240.91807556152344,234.0369873046875,-0.6718628406524658,63.01580810546875,True,0.5545936822891235,0.5545936822891235,0.0,0.0,0.0,0.0,1.0,2.699265956878662,0.003367142053321004,65.34093475341797,online_value_model,0,0,0,0,0,900,0,0,0,0,0,277.5,0,4,mlp,,mlp,,,,,
90236,4,1526,117.66110229492188,0.03352326154708862,0.03904881328344345,117.62757873535156,109.28787231445312,-0.5982319116592407,57.599449157714844,True,0.5525551438331604,0.5525551438331604,0.0,0.0,0.0,0.0,1.0,5.755370616912842,0.020329831168055534,62.75075149536133,online_value_model,0,0,0,0,0,1363,0,0,0,0,0,381.5,0,4,mlp,,mlp,,,,,
91443,4,1207,205.48776245117188,0.01496114581823349,0.020512470975518227,205.47280883789062,195.44839477539062,-1.1458182334899902,58.318973541259766,True,0.5551325082778931,0.5551325082778931,0.0,0.0,0.0,0.0,1.0,4.500462532043457,0.015540176071226597,62.26736068725586,online_value_model,0,0,0,0,0,1063,0,0,0,0,0,301.75,0,4,mlp,,mlp,,,,,
92469,4,1026,268.59088134765625,0.005784412380307913,0.011272139847278595,268.5850830078125,259.53887939453125,-1.1550841331481934,61.05387496948242,True,0.5487727522850037,0.5487727522850037,0.0,0.0,0.0,0.0,1.0,2.6644437313079834,0.002921085339039564,63.22990417480469,online_value_model,0,0,0,0,0,839,0,0,0,0,0,256.5,0,4,mlp,,mlp,,,,,
93659,4,1190,218.57054138183594,0.016132572665810585,0.021631699055433273,218.55441284179688,210.93222045898438,-1.0884714126586914,61.256046295166016,True,0.5499126315116882,0.5499126315116882,0.0,0.0,0.0,0.0,1.0,3.1478116512298584,0.006900159176439047,63.898990631103516,online_value_model,0,0,0,0,0,1030,0,0,0,0,0,297.5,0,4,mlp,,mlp,,,,,
94818,4,1159,234.93251037597656,0.006328756455332041,0.011897041462361813,234.92617797851562,225.09693908691406,-1.1332378387451172,61.52522277832031,True,0.556828498840332,0.556828498840332,0.0,0.0,0.0,0.0,1.0,2.97236967086792,0.0071791703812778,64.0152587890625,online_value_model,0,0,0,0,0,997,0,0,0,0,0,289.75,0,4,mlp,,mlp,,,,,
96208,4,1390,189.1849822998047,0.01206795684993267,0.017551060765981674,189.17291259765625,180.535400390625,-0.8187381029129028,61.757667541503906,True,0.5483104586601257,0.5483104586601257,0.0,0.0,0.0,0.0,1.0,3.5146989822387695,0.010156713426113129,64.76226043701172,online_value_model,0,0,0,0,0,1217,0,0,0,0,0,347.5,0,4,mlp,,mlp,,,,,
97059,4,851,283.1387939453125,0.014705338515341282,0.020253032445907593,283.12408447265625,273.4134521484375,-0.6251158714294434,66.5497055053711,True,0.5547693967819214,0.5547693967819214,0.0,0.0,0.0,0.0,1.0,0.6689011454582214,0.0009344478603452444,67.18925476074219,online_value_model,0,0,0,0,0,654,0,0,0,0,0,212.75,0,4,mlp,,mlp,,,,,
97995,4,936,279.5055847167969,0.01350795105099678,0.01904313825070858,279.4920654296875,265.863037109375,-0.9794553518295288,64.7631607055664,True,0.5535187125205994,0.5535187125205994,0.0,0.0,0.0,0.0,1.0,1.4083181619644165,0.0014527080347761512,66.00120544433594,online_value_model,0,0,0,0,0,733,0,0,0,0,0,234.0,0,4,mlp,,mlp,,,,,
98818,4,823,288.2781066894531,-0.0017629149369895458,0.003736770711839199,288.2798767089844,275.2563781738281,-0.9960769414901733,63.579917907714844,True,0.5499686002731323,0.5499686002731323,0.0,0.0,0.0,0.0,1.0,0.9422470927238464,0.001183214015327394,64.48472595214844,online_value_model,0,0,0,0,0,658,0,0,0,0,0,205.75,0,4,mlp,,mlp,,,,,
99796,4,978,220.17735290527344,-0.002937648445367813,0.0024635083973407745,220.1802978515625,216.9639434814453,-0.5115694999694824,65.11109924316406,True,0.5401157140731812,0.5401157140731812,0.0,0.0,0.0,0.0,1.0,1.475216031074524,0.0017546671442687511,66.36100769042969,online_value_model,0,0,0,0,0,772,0,0,0,0,0,244.5,0,4,mlp,,mlp,,,,,
100807,4,1011,248.60829162597656,0.00044844066724181175,0.005841152276843786,248.60784912109375,243.46763610839844,-1.187540054321289,63.17146301269531,True,0.5392711758613586,0.5392711758613586,0.0,0.0,0.0,0.0,1.0,1.97654390335083,0.0036527225747704506,64.77581024169922,online_value_model,0,0,0,0,0,841,0,0,0,0,0,252.75,0,4,mlp,,mlp,,,,,
102247,4,1440,173.7015838623047,0.012641513720154762,0.018060147762298584,173.68894958496094,169.11964416503906,-0.7695565223693848,64.12117004394531,True,0.5418634414672852,0.5418634414672852,0.0,0.0,0.0,0.0,1.0,3.0633223056793213,0.007091454695910215,66.92887878417969,online_value_model,0,0,0,0,0,1240,0,0,0,0,0,360.0,0,4,mlp,,mlp,,,,,
103413,4,1166,191.90093994140625,0.0002607125788927078,0.0057070027105510235,191.9006805419922,187.07046508789062,-0.6221531629562378,64.24864959716797,True,0.5446290373802185,0.5446290373802185,0.0,0.0,0.0,0.0,1.0,2.318010091781616,0.003859623335301876,66.24359130859375,online_value_model,0,0,0,0,0,981,0,0,0,0,0,291.5,0,4,mlp,,mlp,,,,,
104839,4,1426,119.07843780517578,0.013223899528384209,0.018742579966783524,119.06521606445312,114.47626495361328,-0.37115657329559326,63.057647705078125,True,0.5518680810928345,0.5518680810928345,0.0,0.0,0.0,0.0,1.0,3.9920101165771484,0.015464509837329388,66.65369415283203,online_value_model,0,0,0,0,0,1274,0,0,0,0,0,356.5,0,4,mlp,,mlp,,,,,
106103,4,1264,181.9568328857422,0.010879606939852238,0.0164041668176651,181.94595336914062,175.812255859375,-0.6735845804214478,65.0171127319336,True,0.5524560213088989,0.5524560213088989,0.0,0.0,0.0,0.0,1.0,2.4361572265625,0.006867435295134783,67.14330291748047,online_value_model,0,0,0,0,0,1091,0,0,0,0,0,316.0,0,4,mlp,,mlp,,,,,
106835,4,732,254.89974975585938,-0.0002773106098175049,0.005248461849987507,254.9000244140625,249.69834899902344,-0.4316657781600952,65.47476196289062,True,0.5525772571563721,0.5525772571563721,0.0,0.0,0.0,0.0,1.0,-0.2595803737640381,-2.2799591103961347e-09,65.0455322265625,online_value_model,0,0,0,0,0,549,0,0,0,0,0,183.0,0,4,mlp,,mlp,,,,,
108037,4,1202,149.0856170654297,-0.0037828749045729637,0.0017029271693900228,149.0894012451172,142.86314392089844,-0.6807128190994263,63.933067321777344,True,0.5485802292823792,0.5485802292823792,0.0,0.0,0.0,0.0,1.0,3.2662622928619385,0.010533410124480724,66.86907196044922,online_value_model,0,0,0,0,0,1056,0,0,0,0,0,300.5,0,4,mlp,,mlp,,,,,
109224,4,1187,176.97061157226562,0.007365340832620859,0.01274910382926464,176.96324157714844,171.17520141601562,-0.5530078411102295,64.64198303222656,True,0.5383763313293457,0.5383763313293457,0.0,0.0,0.0,0.0,1.0,2.196629285812378,0.005439200904220343,66.6004867553711,online_value_model,0,0,0,0,0,1016,0,0,0,0,0,296.75,0,4,mlp,,mlp,,,,,
110328,4,1104,177.51739501953125,0.012276159599423409,0.01781534031033516,177.50511169433594,169.7569122314453,-0.345922589302063,65.4617919921875,True,0.5539180636405945,0.5539180636405945,0.0,0.0,0.0,0.0,1.0,1.7584892511367798,0.003163233632221818,67.03547668457031,online_value_model,0,0,0,0,0,907,0,0,0,0,0,276.0,0,4,mlp,,mlp,,,,,
111271,4,943,225.66445922851562,-0.00019656959921121597,0.00532120605930686,225.66465759277344,214.31407165527344,-0.5519033670425415,66.07416534423828,True,0.5517776012420654,0.5517776012420654,0.0,0.0,0.0,0.0,1.0,0.9053084254264832,0.0011703447671607137,66.89531707763672,online_value_model,0,0,0,0,0,765,0,0,0,0,0,235.75,0,4,mlp,,mlp,,,,,
112226,4,955,205.22390747070312,0.011131003499031067,0.016651442274451256,205.21278381347656,196.6444549560547,-0.4646404981613159,65.4896240234375,True,0.5520438551902771,0.5520438551902771,0.0,0.0,0.0,0.0,1.0,1.0177096128463745,0.0014098661486059427,66.4421615600586,online_value_model,0,0,0,0,0,787,0,0,0,0,0,238.75,0,4,mlp,,mlp,,,,,
113640,4,1414,120.85736083984375,0.009488856419920921,0.014957309700548649,120.84786987304688,117.10171508789062,-0.20776474475860596,67.44925689697266,True,0.5468453168869019,0.5468453168869019,0.0,0.0,0.0,0.0,1.0,3.1967170238494873,0.014445130713284016,70.3639907836914,online_value_model,0,0,0,0,0,1225,0,0,0,0,0,353.5,0,4,mlp,,mlp,,,,,
114402,4,762,268.8525695800781,-0.008074132725596428,-0.0025934171862900257,268.86065673828125,253.83702087402344,-0.5123233795166016,66.79670715332031,True,0.5480716228485107,0.5480716228485107,0.0,0.0,0.0,0.0,1.0,-0.4825795590877533,0.0006059278384782374,66.4194107055664,online_value_model,0,0,0,0,0,599,0,0,0,0,0,190.5,0,4,mlp,,mlp,,,,,
115326,4,924,208.44964599609375,0.02080170251429081,0.026319414377212524,208.42884826660156,201.0496826171875,-0.3428999185562134,67.1595458984375,True,0.5517712235450745,0.5517712235450745,0.0,0.0,0.0,0.0,1.0,0.5050987601280212,0.0006444211467169225,67.54293823242188,online_value_model,0,0,0,0,0,744,0,0,0,0,0,231.0,0,4,mlp,,mlp,,,,,
116318,4,992,194.2074432373047,0.011752894148230553,0.017252134159207344,194.19569396972656,184.9417266845703,-0.37486910820007324,66.17725372314453,True,0.5499240756034851,0.5499240756034851,0.0,0.0,0.0,0.0,1.0,0.9752938151359558,0.002246272284537554,67.12596130371094,online_value_model,0,0,0,0,0,834,0,0,0,0,0,248.0,0,4,mlp,,mlp,,,,,
117430,4,1112,155.37828063964844,-0.0017872084863483906,0.0035686884075403214,155.38006591796875,149.4811248779297,-0.058986663818359375,66.8898696899414,True,0.5355896949768066,0.5355896949768066,0.0,0.0,0.0,0.0,1.0,1.369075894355774,0.004128656350076199,68.1648178100586,online_value_model,0,0,0,0,0,929,0,0,0,0,0,278.0,0,4,mlp,,mlp,,,,,
118133,4,703,215.9530792236328,0.013977020978927612,0.019404688850045204,215.93910217285156,200.6959686279297,-0.060211896896362305,64.76477813720703,True,0.542766809463501,0.542766809463501,0.0,0.0,0.0,0.0,1.0,-0.7986716032028198,3.3914449026895e-09,64.3495101928711,online_value_model,0,0,0,0,0,536,0,0,0,0,0,175.75,0,4,mlp,,mlp,,,,,
119079,4,946,209.3597412109375,0.008221062831580639,0.013659591786563396,209.3515167236328,204.4532470703125,-0.21685850620269775,69.37899017333984,True,0.5438529253005981,0.5438529253005981,0.0,0.0,0.0,0.0,1.0,0.15498784184455872,0.0017826512921601534,69.44835662841797,online_value_model,0,0,0,0,0,742,0,0,0,0,0,236.5,0,4,mlp,,mlp,,,,,
119868,4,789,182.65672302246094,0.00451854569837451,0.010048773139715195,182.65220642089844,169.48788452148438,0.039662837982177734,64.19634246826172,True,0.5530227422714233,0.5530227422714233,0.0,0.0,0.0,0.0,1.0,-0.03291017562150955,0.00017643519095145166,64.52571868896484,online_value_model,0,0,0,0,0,629,0,0,0,0,0,197.25,0,4,mlp,,mlp,,,,,
120738,4,870,176.15902709960938,0.006132406648248434,0.011699013411998749,176.15289306640625,165.4276580810547,0.1043168306350708,67.09890747070312,True,0.5566607117652893,0.5566607117652893,0.0,0.0,0.0,0.0,1.0,0.052557941526174545,0.001039136666804552,67.33509063720703,online_value_model,0,0,0,0,0,695,0,0,0,0,0,217.5,0,4,mlp,,mlp,,,,,
121321,4,583,207.25653076171875,0.020005352795124054,0.02542634680867195,207.2365264892578,191.76332092285156,0.1748700737953186,63.292572021484375,True,0.5420994758605957,0.5420994758605957,0.0,0.0,0.0,0.0,1.0,-2.0203771591186523,1.1450635106768914e-08,61.83396911621094,online_value_model,0,0,0,0,0,421,0,0,0,0,0,145.75,0,4,mlp,,mlp,,,,,
121861,4,540,231.14280700683594,-0.00918971374630928,-0.0037779975682497025,231.15199279785156,210.99758911132812,0.13155806064605713,63.479679107666016,True,0.541171669960022,0.541171669960022,0.0,0.0,0.0,0.0,1.0,-2.7237982749938965,-1.3245476937484568e-09,61.422996520996094,online_value_model,0,0,0,0,0,378,0,0,0,0,0,135.0,0,4,mlp,,mlp,,,,,
122452,4,591,264.02813720703125,0.009230682626366615,0.014635632745921612,264.0189208984375,249.39776611328125,-0.015218615531921387,65.83811950683594,True,0.5404950380325317,0.5404950380325317,0.0,0.0,0.0,0.0,1.0,-2.4029858112335205,0.0006645004032179713,63.935577392578125,online_value_model,0,0,0,0,0,426,0,0,0,0,0,147.75,0,4,mlp,,mlp,,,,,
123331,4,879,147.4102783203125,0.015592271462082863,0.02115887776017189,147.39468383789062,140.64598083496094,0.2522825002670288,63.96821212768555,True,0.5566607117652893,0.5566607117652893,0.0,0.0,0.0,0.0,1.0,0.5807449221611023,0.0030534020625054836,64.90660858154297,online_value_model,0,0,0,0,0,704,0,0,0,0,0,219.75,0,4,mlp,,mlp,,,,,
124349,4,1018,101.40186309814453,0.007606038358062506,0.013103939592838287,101.39425659179688,92.85653686523438,0.49374091625213623,62.282562255859375,True,0.5497901439666748,0.5497901439666748,0.0,0.0,0.0,0.0,1.0,1.6269679069519043,0.00193939043674618,64.31059265136719,online_value_model,0,0,0,0,0,857,0,0,0,0,0,254.5,0,4,mlp,,mlp,,,,,
125132,4,783,135.06716918945312,-0.022531600669026375,-0.017099307850003242,135.08970642089844,121.68480682373047,0.44082939624786377,63.80644226074219,True,0.5432292819023132,0.5432292819023132,0.0,0.0,0.0,0.0,1.0,-0.027479395270347595,0.0006771565531380475,64.19005584716797,online_value_model,0,0,0,0,0,600,0,0,0,0,0,195.75,0,4,mlp,,mlp,,,,,
125872,4,740,108.35372924804688,0.025354702025651932,0.03076000139117241,108.32837677001953,97.37833404541016,0.5689750909805298,59.48370361328125,True,0.5405299663543701,0.5405299663543701,0.0,0.0,0.0,0.0,1.0,0.34898602962493896,-9.021243307927307e-09,60.476356506347656,online_value_model,0,0,0,0,0,585,0,0,0,0,0,185.0,0,4,mlp,,mlp,,,,,
126668,4,796,108.74702453613281,0.00013529323041439056,0.0054343934170901775,108.74688720703125,100.56504821777344,0.5514485836029053,61.28106689453125,True,0.5299100279808044,0.5299100279808044,0.0,0.0,0.0,0.0,1.0,0.44218260049819946,0.0015566643560305238,62.125911712646484,online_value_model,0,0,0,0,0,625,0,0,0,0,0,199.0,0,4,mlp,,mlp,,,,,
127210,4,542,171.9633026123047,-0.015781190246343613,-0.01050581131130457,171.9790802001953,164.39071655273438,0.3778963088989258,60.0662841796875,True,0.527538001537323,0.527538001537323,0.0,0.0,0.0,0.0,1.0,-2.0864062309265137,-4.398866604304885e-09,58.48558807373047,online_value_model,0,0,0,0,0,390,0,0,0,0,0,135.5,0,4,mlp,,mlp,,,,,
128334,4,1124,105.07159423828125,0.013338135555386543,0.018807213753461838,105.05825805664062,100.01905822753906,0.4901447296142578,64.64827728271484,True,0.5469077825546265,0.5469077825546265,0.0,0.0,0.0,0.0,1.0,1.6666568517684937,0.011245179921388626,66.47289276123047,online_value_model,0,0,0,0,0,937,0,0,0,0,0,281.0,0,4,mlp,,mlp,,,,,
129309,4,975,60.19402313232422,0.03373993560671806,0.0391363762319088,60.160282135009766,53.5026741027832,0.7955831289291382,59.97486114501953,True,0.5396440029144287,0.5396440029144287,0.0,0.0,0.0,0.0,1.0,1.7893588542938232,0.001091816695407033,62.127323150634766,online_value_model,0,0,0,0,0,807,0,0,0,0,0,243.75,0,4,mlp,,mlp,,,,,
130161,4,852,107.71037292480469,0.013122174888849258,0.01859320141375065,107.69725036621094,104.13066864013672,0.6037917137145996,60.448997497558594,True,0.5471026301383972,0.5471026301383972,0.0,0.0,0.0,0.0,1.0,1.0760369300842285,0.012233871035277843,61.76012420654297,online_value_model,0,0,0,0,0,692,0,0,0,0,0,213.0,0,4,mlp,,mlp,,,,,
131064,4,903,106.26943969726562,0.019943082705140114,0.025358399376273155,106.24949645996094,103.4852523803711,0.6014813184738159,60.51689529418945,True,0.5415316820144653,0.5415316820144653,0.0,0.0,0.0,0.0,1.0,1.3358458280563354,0.012178784236311913,62.00825500488281,online_value_model,0,0,0,0,0,745,0,0,0,0,0,225.75,0,4,mlp,,mlp,,,,,
132006,4,942,104.78794860839844,0.017133835703134537,0.022512923926115036,104.77081298828125,101.35047912597656,0.5908675193786621,60.24713134765625,True,0.5379088521003723,0.5379088521003723,0.0,0.0,0.0,0.0,1.0,1.5860732793807983,0.01589362509548664,61.91096496582031,online_value_model,0,0,0,0,0,768,0,0,0,0,0,235.5,0,4,mlp,,mlp,,,,,
133157,4,1151,183.336181640625,0.0011825109831988811,0.006779700983315706,183.3350067138672,180.41824340820312,-0.046158552169799805,67.29745483398438,True,0.5597190260887146,0.5597190260887146,0.0,0.0,0.0,0.0,1.0,1.343213438987732,0.007075020577758551,68.55464172363281,online_value_model,0,0,0,0,0,978,0,0,0,0,0,287.75,0,4,mlp,,mlp,,,,,
134196,4,1039,146.4051513671875,0.004728525876998901,0.010171073488891125,146.40042114257812,142.58641052246094,0.42727112770080566,64.03472900390625,True,0.5442547798156738,0.5442547798156738,0.0,0.0,0.0,0.0,1.0,1.4113885164260864,0.011103834956884384,65.45304107666016,online_value_model,0,0,0,0,0,823,0,0,0,0,0,259.75,0,4,mlp,,mlp,,,,,
135114,4,918,200.96017456054688,-0.008676806464791298,-0.003118258435279131,200.96885681152344,192.8762664794922,0.1781982183456421,68.33905792236328,True,0.555854856967926,0.555854856967926,0.0,0.0,0.0,0.0,1.0,7.24044512026012e-05,0.0029702901374548674,68.39198303222656,online_value_model,0,0,0,0,0,732,0,0,0,0,0,229.5,0,4,mlp,,mlp,,,,,
136427,4,1313,180.973388671875,0.007802851498126984,0.013354554772377014,180.96559143066406,173.87620544433594,-0.4132671356201172,71.75708770751953,True,0.5551703572273254,0.5551703572273254,0.0,0.0,0.0,0.0,1.0,1.042106032371521,0.006950658746063709,72.93214416503906,online_value_model,0,0,0,0,0,1122,0,0,0,0,0,328.25,0,4,mlp,,mlp,,,,,
137482,4,1055,136.3474884033203,0.0052678850479424,0.010826523415744305,136.34222412109375,129.28353881835938,0.4574793577194214,63.399532318115234,True,0.5558638572692871,0.5558638572692871,0.0,0.0,0.0,0.0,1.0,1.6104564666748047,0.014426079578697681,65.01685333251953,online_value_model,0,0,0,0,0,864,0,0,0,0,0,263.75,0,4,mlp,,mlp,,,,,
138492,4,1010,174.72207641601562,-0.00474789272993803,0.0007537822821177542,174.72682189941406,168.2161102294922,0.2457571029663086,67.42810821533203,True,0.5501675009727478,0.5501675009727478,0.0,0.0,0.0,0.0,1.0,0.6040052175521851,0.0057925935834646225,68.2952651977539,online_value_model,0,0,0,0,0,829,0,0,0,0,0,252.5,0,4,mlp,,mlp,,,,,
139592,4,1100,146.66664123535156,-0.0141257643699646,-0.00866401195526123,146.68077087402344,140.6973419189453,0.3084564805030823,66.68003845214844,True,0.5461752414703369,0.5461752414703369,0.0,0.0,0.0,0.0,1.0,1.1965394020080566,0.0076140533201396465,67.94718933105469,online_value_model,0,0,0,0,0,900,0,0,0,0,0,275.0,0,4,mlp,,mlp,,,,,
140350,4,758,259.64703369140625,-0.008198684081435204,-0.002663722727447748,259.6552429199219,241.4359588623047,-0.12787091732025146,72.03376007080078,True,0.5534961819648743,0.5534961819648743,0.0,0.0,0.0,0.0,1.0,-1.8890495300292969,6.6052638914015915e-09,70.68032836914062,online_value_model,0,0,0,0,0,554,0,0,0,0,0,189.5,0,4,mlp,,mlp,,,,,
141166,4,816,188.18348693847656,0.014108249917626381,0.019594790413975716,188.16937255859375,175.86605834960938,0.31494569778442383,65.21025848388672,True,0.5486540794372559,0.5486540794372559,0.0,0.0,0.0,0.0,1.0,-0.20311333239078522,0.0009088954539038241,65.44820404052734,online_value_model,0,0,0,0,0,614,0,0,0,0,0,204.0,0,4,mlp,,mlp,,,,,
142579,4,1413,104.87561798095703,0.006350025534629822,0.011893568560481071,104.86927032470703,99.15007019042969,0.05024397373199463,69.47684478759766,True,0.5543543100357056,0.5543543100357056,0.0,0.0,0.0,0.0,1.0,2.4976694583892822,0.014886198565363884,72.27020263671875,online_value_model,0,0,0,0,0,1246,0,0,0,0,0,353.25,0,4,mlp,,mlp,,,,,
143190,4,611,255.42202758789062,-0.018715152516961098,-0.013282532803714275,255.4407501220703,238.1728973388672,0.10866832733154297,70.2730941772461,True,0.5432619452476501,0.5432619452476501,0.0,0.0,0.0,0.0,1.0,-3.2534396648406982,3.004620552360393e-08,67.71379852294922,online_value_model,0,0,0,0,0,411,0,0,0,0,0,152.75,0,4,mlp,,mlp,,,,,
143796,4,606,242.82652282714844,-0.01804390177130699,-0.012621068395674229,242.84457397460938,226.6585693359375,0.15328556299209595,69.15476989746094,True,0.5422832369804382,0.5422832369804382,0.0,0.0,0.0,0.0,1.0,-2.978994369506836,-2.7540099090117565e-09,66.76725006103516,online_value_model,0,0,0,0,0,404,0,0,0,0,0,151.5,0,4,mlp,,mlp,,,,,
144506,4,710,192.88949584960938,0.0005073589272797108,0.006042334716767073,192.8889923095703,176.4549560546875,0.251346230506897,67.95690155029297,True,0.5534976124763489,0.5534976124763489,0.0,0.0,0.0,0.0,1.0,-1.7249573469161987,9.40242284031001e-09,67.21147918701172,online_value_model,0,0,0,0,0,509,0,0,0,0,0,177.5,0,4,mlp,,mlp,,,,,
145248,4,742,180.59310913085938,-0.0016321265138685703,0.0038783312775194645,180.59474182128906,163.67837524414062,0.27894848585128784,67.4970703125,True,0.5510457754135132,0.5510457754135132,0.0,0.0,0.0,0.0,1.0,-1.3425849676132202,7.069014262839346e-09,67.12347412109375,online_value_model,0,0,0,0,0,538,0,0,0,0,0,185.5,0,4,mlp,,mlp,,,,,
145953,4,705,196.85548400878906,-0.007725290022790432,-0.002233642851933837,196.8632049560547,182.36915588378906,0.19203537702560425,67.0987777709961,True,0.5491647124290466,0.5491647124290466,0.0,0.0,0.0,0.0,1.0,-1.599979281425476,2.096730788991863e-08,66.42163848876953,online_value_model,0,0,0,0,0,513,0,0,0,0,0,176.25,0,4,mlp,,mlp,,,,,
146692,4,739,158.06088256835938,0.007115526590496302,0.012580950744450092,158.05377197265625,142.0037078857422,0.3909074068069458,65.63457489013672,True,0.5465424060821533,0.5465424060821533,0.0,0.0,0.0,0.0,1.0,-1.0579097270965576,1.9357395686370182e-09,65.68231964111328,online_value_model,0,0,0,0,0,529,0,0,0,0,0,184.75,0,4,mlp,,mlp,,,,,
147447,4,755,149.55953979492188,-0.006291866768151522,-0.0006895040278322995,149.56582641601562,134.15272521972656,0.4125007390975952,65.08739471435547,True,0.5602362751960754,0.5602362751960754,0.0,0.0,0.0,0.0,1.0,-0.7293917536735535,0.0002349771384615451,65.34361267089844,online_value_model,0,0,0,0,0,552,0,0,0,0,0,188.75,0,4,mlp,,mlp,,,,,
148163,4,716,133.6181182861328,0.0070062256418168545,0.012600802816450596,133.61111450195312,118.27804565429688,0.5184082388877869,63.19404220581055,True,0.5594577193260193,0.5594577193260193,0.0,0.0,0.0,0.0,1.0,-0.8405409455299377,7.325710704719768e-09,63.5591926574707,online_value_model,0,0,0,0,0,497,0,0,0,0,0,179.0,0,4,mlp,,mlp,,,,,
148705,4,542,180.9664764404297,-0.013347470201551914,-0.007744987029582262,180.97982788085938,163.3919677734375,0.4435385465621948,63.058868408203125,True,0.5602483153343201,0.5602483153343201,0.0,0.0,0.0,0.0,1.0,-2.883291482925415,0.00036264435038901865,61.30876541137695,online_value_model,0,0,0,0,0,343,0,0,0,0,0,135.5,0,4,mlp,,mlp,,,,,
149489,4,784,100.40127563476562,0.021589940413832664,0.027175718918442726,100.37968444824219,92.91386413574219,0.6170334815979004,59.983482360839844,True,0.5585778951644897,0.5585778951644897,0.0,0.0,0.0,0.0,1.0,0.33025795221328735,9.123160005231057e-09,61.540428161621094,online_value_model,0,0,0,0,0,607,0,0,0,0,0,196.0,0,4,mlp,,mlp,,,,,
150000,4,511,99.48751068115234,0.012873285450041294,0.01838536560535431,99.47463989257812,86.03367614746094,0.6823340654373169,60.090675354003906,True,0.5512080192565918,0.5512080192565918,0.0,0.0,0.0,0.0,1.0,-0.8423460125923157,1.3530604192624196e-08,60.49885177612305,online_value_model,1,35,0,0,0,360,0,0,0,0,0,127.75,0,4,mlp,,mlp,,,,,
