global_step,episode,episode_return,episode_length,epsilon,loss,mean_q_value,dictionary_entries,dictionary_min_entries,q_values
977,1,-21.0,977,0.981456,,,977,142,"[0.0, 0.0, 0.0, 0.0, 0.0, 0.0]"
1878,2,-21.0,901,0.964337,,,1878,272,"[-0.43843328952789307, -0.5427392721176147, -0.7476928234100342, -0.8707664012908936, -1.1123738288879395, -0.6831629872322083]"
2805,3,-20.0,927,0.946724,0.1526443213224411,-1.034096360206604,2805,441,"[-1.0095288753509521, -1.0247893333435059, -1.0893772840499878, -1.0365967750549316, -1.1268452405929565, -0.9411777257919312]"
3704,4,-20.0,899,0.929643,0.15877392888069153,-1.2533742189407349,3704,586,"[-1.4051008224487305, -1.2092152833938599, -1.223934292793274, -1.4706906080245972, -1.1388638019561768, -1.3419153690338135]"
4468,5,-21.0,764,0.915127,0.1694900393486023,-1.277585506439209,4468,722,"[-1.1549214124679565, -0.975618302822113, -0.7673454284667969, -1.3865277767181396, -0.9530057907104492, -1.0687569379806519]"
5313,6,-21.0,845,0.899072,0.1251951903104782,-1.3220300674438477,5313,845,"[-1.0609463453292847, -1.190567970275879, -1.063437581062317, -0.9990957379341125, -1.0425225496292114, -1.2195090055465698]"
6188,7,-21.0,875,0.882447,0.08600635826587677,-1.4490528106689453,6188,990,"[-1.063231348991394, -1.20871901512146, -1.2953310012817383, -0.911679744720459, -1.0630109310150146, -1.1259340047836304]"
7163,8,-20.0,975,0.8639220000000001,0.07414879649877548,-1.4415576457977295,7163,1146,"[-0.8545238971710205, -1.0743659734725952, -0.8981753587722778, -0.7793901562690735, -0.8112682104110718, -0.698689877986908]"
8153,9,-20.0,990,0.8451120000000001,0.0794745534658432,-1.441664695739746,8153,1298,"[-1.204497218132019, -1.0572246313095093, -1.0207537412643433, -0.9083309769630432, -0.9520235061645508, -0.8919468522071838]"
9185,10,-21.0,1032,0.825504,0.061249393969774246,-1.47922945022583,9185,1475,"[-0.8375458121299744, -0.9410169720649719, -0.8233776092529297, -0.8344635963439941, -0.834092378616333, -0.9194015264511108]"
10196,11,-20.0,1011,0.806295,0.06755754351615906,-1.5543832778930664,10196,1661,"[-1.1238305568695068, -1.1544597148895264, -0.7893758416175842, -0.8362910747528076, -1.1964678764343262, -1.0912913084030151]"
11297,12,-20.0,1101,0.7853760000000001,0.07179906219244003,-1.542946696281433,11297,1826,"[-0.9641894102096558, -0.9499975442886353, -0.8624931573867798, -0.8678386807441711, -0.8720452785491943, -1.1213383674621582]"
12146,13,-21.0,849,0.7692450000000001,0.06797812134027481,-1.5019198656082153,12146,1954,"[-0.9600334167480469, -1.0341874361038208, -0.8283093571662903, -0.8569826483726501, -0.8437787294387817, -1.1346478462219238]"
13086,14,-21.0,940,0.751385,0.0692213699221611,-1.477799415588379,13086,2112,"[-0.902022659778595, -1.0773825645446777, -0.8569873571395874, -0.9219887852668762, -0.886211097240448, -1.0756199359893799]"
13871,15,-21.0,785,0.73647,0.07292059808969498,-1.5707767009735107,13871,2217,"[-0.82901930809021, -0.7935742735862732, -0.8117460012435913, -0.778252363204956, -0.7935998439788818, -0.7718014717102051]"
14809,16,-21.0,938,0.718648,0.06594649702310562,-1.5701113939285278,14809,2395,"[-0.8650532960891724, -0.787510335445404, -0.8280929923057556, -0.8191130757331848, -0.8176722526550293, -0.8190373778343201]"
15631,17,-21.0,822,0.70303,0.07801716774702072,-1.5214040279388428,15631,2534,"[-0.9628719687461853, -0.8060039281845093, -1.0296838283538818, -0.7789467573165894, -0.8898203372955322, -0.8577467799186707]"
16625,18,-21.0,994,0.6841440000000001,0.07538709044456482,-1.5292832851409912,16625,2719,"[-1.2553478479385376, -1.4855997562408447, -1.131293773651123, -1.220537543296814, -0.9555371999740601, -1.1220452785491943]"
17709,19,-18.0,1084,0.663548,0.0775819718837738,-1.6518120765686035,17709,2876,"[-0.7046460509300232, -0.6596829891204834, -0.7814346551895142, -0.8551567792892456, -0.7417998313903809, -0.6961381435394287]"
18699,20,-20.0,990,0.644738,0.06826318800449371,-1.5974137783050537,18699,3046,"[-1.2323819398880005, -0.9715880751609802, -1.0783871412277222, -1.4329862594604492, -1.1221009492874146, -1.2129920721054077]"
19744,21,-20.0,1045,0.6248830000000001,0.05142351612448692,-1.5612120628356934,19744,3209,"[-1.1275038719177246, -1.1689428091049194, -1.2175347805023193, -0.9863255023956299, -0.9882653951644897, -1.443160891532898]"
20863,22,-20.0,1119,0.6036220000000001,0.06666634231805801,-1.5462896823883057,20863,3387,"[-0.9958339929580688, -0.8924757838249207, -1.0485247373580933, -0.8944495320320129, -0.9914951324462891, -0.8412742614746094]"
22138,23,-17.0,1275,0.579397,0.049566078931093216,-1.6040910482406616,22138,3599,"[-0.8537254333496094, -0.8393332958221436, -0.892869234085083, -0.8488897085189819, -1.0119426250457764, -0.980166494846344]"
23034,24,-21.0,896,0.562373,0.10196845978498459,-1.5081825256347656,23034,3734,"[-0.8267145156860352, -0.7312573194503784, -0.8239185810089111, -0.7343087792396545, -0.8399547934532166, -0.7322321534156799]"
24039,25,-19.0,1005,0.543278,0.06779255717992783,-1.6121443510055542,24039,3874,"[-0.845168948173523, -0.8847572803497314, -0.885993480682373, -0.9240070581436157, -0.8291916251182556, -0.8578152060508728]"
24982,26,-21.0,943,0.5253610000000001,0.09708212316036224,-1.5153499841690063,24982,4016,"[-0.7435645461082458, -0.7575518488883972, -0.8571329712867737, -0.7295610308647156, -0.8810306787490845, -0.7871392369270325]"
25923,27,-21.0,941,0.507482,0.0659855306148529,-1.5922101736068726,25923,4170,"[-0.6989606618881226, -0.7778674960136414, -0.8639249205589294, -0.6839177012443542, -0.801837682723999, -0.7190653085708618]"
27068,28,-19.0,1145,0.485727,0.07180668413639069,-1.5636019706726074,27068,4375,"[-0.8819515109062195, -0.8845940232276917, -0.8553289175033569, -0.8594269752502441, -0.8423612713813782, -0.9080297946929932]"
27987,29,-21.0,919,0.46826600000000007,0.06114507466554642,-1.5357078313827515,27987,4548,"[-0.9677832126617432, -0.8438217639923096, -0.9950041770935059, -0.9185271859169006, -1.0505406856536865, -0.8525081872940063]"
29075,30,-19.0,1088,0.44759400000000005,0.06383256614208221,-1.534562349319458,29075,4716,"[-0.8831489086151123, -0.8184661865234375, -0.8418992161750793, -0.7509816288948059, -0.9601920247077942, -0.83892822265625]"
30421,31,-20.0,1346,0.42202000000000006,0.10729515552520752,-1.5424920320510864,30421,4919,"[-1.1101586818695068, -0.8106839060783386, -0.9704933166503906, -0.8255155086517334, -0.8274769186973572, -0.8755025267601013]"
31318,32,-21.0,897,0.40497700000000003,0.09811513125896454,-1.486775517463684,31318,5074,"[-0.9277498722076416, -0.9362409114837646, -0.8964732885360718, -0.8787176609039307, -0.88919597864151, -1.0057258605957031]"
32263,33,-19.0,945,0.3870220000000001,0.06559494882822037,-1.5163075923919678,32263,5235,"[-1.012812852859497, -0.9381555914878845, -0.9219644069671631, -0.9129996299743652, -1.007808804512024, -0.9212923049926758]"
33413,34,-19.0,1150,0.36517200000000005,0.07840821146965027,-1.5104371309280396,33413,5384,"[-0.8070763349533081, -0.7048041820526123, -0.7844910621643066, -0.7693312168121338, -0.7617180943489075, -0.7676859498023987]"
34337,35,-21.0,924,0.34761600000000004,0.06366867572069168,-1.5086719989776611,34337,5513,"[-0.8057610392570496, -0.717384934425354, -0.885802149772644, -0.8756980895996094, -0.83284991979599, -0.8662985563278198]"
35272,36,-19.0,935,0.3298510000000001,0.07147888839244843,-1.5195724964141846,35272,5658,"[-0.9102467894554138, -0.9546434879302979, -0.895900547504425, -0.9251323938369751, -0.8294086456298828, -1.0202240943908691]"
36238,37,-20.0,966,0.31149700000000013,0.0901171863079071,-1.451696753501892,36238,5823,"[-1.1349602937698364, -1.3333981037139893, -1.0699412822723389, -1.1290823221206665, -1.2128750085830688, -1.0416640043258667]"
37185,38,-20.0,947,0.2935040000000001,0.09000572562217712,-1.5048890113830566,37185,5969,"[-0.8182464241981506, -0.8002988696098328, -0.8558972477912903, -0.784625232219696, -0.8189481496810913, -0.8424656391143799]"
38173,39,-21.0,988,0.2747320000000001,0.10090045630931854,-1.4521023035049438,38173,6126,"[-0.9455162882804871, -0.9488700032234192, -0.9142701029777527, -0.9375590085983276, -0.8696364164352417, -0.977592408657074]"
39262,40,-20.0,1089,0.2540410000000001,0.07715859264135361,-1.4629077911376953,39262,6307,"[-0.8054967522621155, -0.7980557680130005, -0.8432908058166504, -0.8444593548774719, -0.7749049067497253, -0.7984674572944641]"
40272,41,-20.0,1010,0.23485100000000014,0.09057000279426575,-1.468602180480957,40272,6484,"[-0.8050147294998169, -0.8079925179481506, -0.8036592602729797, -0.8115452527999878, -0.768294095993042, -0.806140124797821]"
41369,42,-20.0,1097,0.2140080000000001,0.0884222462773323,-1.525894284248352,41369,6671,"[-0.793958306312561, -0.841943621635437, -0.8585165143013, -0.8401044607162476, -0.8500936627388, -0.8314548134803772]"
42842,43,-16.0,1473,0.1860210000000001,0.09821896255016327,-1.4863225221633911,42842,6899,"[-0.9173391461372375, -0.9339550137519836, -0.8969238996505737, -0.9308502078056335, -0.9410936832427979, -0.9602785110473633]"
44073,44,-20.0,1231,0.1626320000000001,0.0854678601026535,-1.5004571676254272,44073,7082,"[-0.7654723525047302, -0.795006275177002, -0.8501839637756348, -0.784737765789032, -0.7819340825080872, -0.8487744927406311]"
45056,45,-20.0,983,0.14395500000000006,0.09201759099960327,-1.4449540376663208,45056,7212,"[-0.6852500438690186, -0.7784033417701721, -1.176099181175232, -0.7079741358757019, -1.0059783458709717, -0.7702122330665588]"
46173,46,-19.0,1117,0.12273200000000006,0.08997661620378494,-1.4196640253067017,46173,7372,"[-0.9229687452316284, -0.8218512535095215, -0.9450450539588928, -0.8096137046813965, -0.9216465950012207, -0.9480719566345215]"
47334,47,-19.0,1161,0.10067300000000012,0.06780950725078583,-1.4767197370529175,47334,7568,"[-0.8220699429512024, -0.8126088976860046, -0.9436312317848206, -0.7871143221855164, -0.8665523529052734, -0.7511656880378723]"
48161,48,-21.0,827,0.08496000000000015,0.07477802038192749,-1.480466365814209,48161,7697,"[-0.8440961241722107, -0.9433307647705078, -0.9208736419677734, -0.916719913482666, -0.9001368284225464, -0.9155780076980591]"
49384,49,-20.0,1223,0.06172300000000008,0.0639164075255394,-1.431800365447998,49384,7893,"[-0.7938701510429382, -0.8229203224182129, -0.8618608713150024, -0.7946265935897827, -0.6958669424057007, -0.6746413707733154]"
50589,50,-21.0,1205,0.05,0.06463365256786346,-1.4329733848571777,50589,8079,"[-0.8005685806274414, -0.6569243669509888, -0.3693738877773285, -0.770496666431427, -0.8090530037879944, -0.7477523684501648]"
51904,51,-20.0,1315,0.05,0.08550555258989334,-1.399324893951416,51904,8277,"[-0.6500664949417114, -0.7191272974014282, -0.6735122203826904, -0.7487494349479675, -0.7388603687286377, -0.7065322995185852]"
53335,52,-16.0,1431,0.05,0.09160980582237244,-1.47471284866333,53335,8516,"[-0.9153690338134766, -0.8908028602600098, -0.955035924911499, -0.7893941402435303, -0.9375325441360474, -0.9609872102737427]"
54541,53,-21.0,1206,0.05,0.09088541567325592,-1.4022666215896606,54541,8674,"[-0.6919167041778564, -0.5451216697692871, -0.6171441674232483, -0.8397896885871887, -0.7692217230796814, -0.6909865140914917]"
55884,54,-18.0,1343,0.05,0.10078436136245728,-1.3563587665557861,55836,8861,"[-0.5741406679153442, -0.5359227657318115, -0.7601635456085205, -0.5189273357391357, -0.9964492917060852, -0.7121405005455017]"
57057,55,-19.0,1173,0.05,0.08205679059028625,-1.366956114768982,56751,9068,"[-1.0214413404464722, -0.7884016633033752, -0.9531656503677368, -0.9529700875282288, -1.077883005142212, -1.0704222917556763]"
57957,56,-21.0,900,0.05,0.10364799946546555,-1.3271907567977905,57483,9210,"[-0.8965365886688232, -0.8139145970344543, -0.9103975296020508, -0.9135574698448181, -0.7998875379562378, -0.8691200017929077]"
59022,57,-20.0,1065,0.05,0.07439584285020828,-1.3751871585845947,58341,9374,"[-0.8001294136047363, -0.8212341070175171, -1.0015498399734497, -0.9027290344238281, -0.9287265539169312, -1.0581035614013672]"
60056,58,-20.0,1034,0.05,0.10822976380586624,-1.3991436958312988,59030,9503,"[-0.6488673686981201, -0.7341489791870117, -0.6972473859786987, -0.71977299451828, -0.8207087516784668, -0.6690405011177063]"
61216,59,-20.0,1160,0.05,0.08085882663726807,-1.4586539268493652,59369,9655,"[-0.8116743564605713, -0.8897814750671387, -0.7100200653076172, -0.6674595475196838, -0.9444873332977295, -0.7640537023544312]"
62406,60,-20.0,1190,0.05,0.08652005344629288,-1.3303015232086182,59696,9832,"[-0.7893767356872559, -0.7781532406806946, -0.7727147340774536, -0.9457315802574158, -0.8823933005332947, -1.01474130153656]"
63426,61,-20.0,1020,0.05,0.09423115849494934,-1.3977696895599365,59975,9975,"[-0.6367872357368469, -0.7983791828155518, -0.7197688817977905, -0.7350198030471802, -0.7707422375679016, -0.6542713046073914]"
64275,62,-21.0,849,0.05,0.08561234176158905,-1.3126699924468994,60000,10000,"[-0.9666896462440491, -0.9743151068687439, -0.9548266530036926, -0.972962498664856, -0.9589740037918091, -0.9745483994483948]"
66157,63,-16.0,1882,0.05,0.07198771834373474,-1.3137248754501343,60000,10000,"[-0.6787881255149841, -0.7667183876037598, -0.6467674374580383, -0.633100688457489, -0.6949589252471924, -0.48847585916519165]"
67271,64,-19.0,1114,0.05,0.11018389463424683,-1.3323813676834106,60000,10000,"[-0.6639881730079651, -0.942103385925293, -0.7475306987762451, -0.7888736128807068, -0.9256887435913086, -0.7617564797401428]"
68762,65,-16.0,1491,0.05,0.09984482824802399,-1.3569084405899048,60000,10000,"[-0.341259241104126, -0.647689938545227, -0.8661316633224487, -0.6438616514205933, -0.7312520742416382, -0.6018685102462769]"
69899,66,-19.0,1137,0.05,0.06492076814174652,-1.3164407014846802,60000,10000,"[-0.5769429206848145, -0.6642377972602844, -0.9175617694854736, -0.7215890884399414, -0.7753068208694458, -0.5600611567497253]"
71121,67,-21.0,1222,0.05,0.08616305887699127,-1.3634545803070068,60000,10000,"[-0.7357525825500488, -0.6664829254150391, -0.4899871051311493, -0.6596826910972595, -0.9147200584411621, -0.7291150689125061]"
72185,68,-21.0,1064,0.05,0.09607246518135071,-1.3027980327606201,60000,10000,"[-0.4523024260997772, -0.7925570607185364, -0.5965700745582581, -0.6670669317245483, -0.8295127749443054, -0.6958844065666199]"
73908,69,-18.0,1723,0.05,0.09927064180374146,-1.2880215644836426,60000,10000,"[-0.8701388239860535, -0.7504572868347168, -0.8131851553916931, -0.677757740020752, -0.8555989861488342, -0.7837327718734741]"
75218,70,-17.0,1310,0.05,0.10885423421859741,-1.2618873119354248,60000,10000,"[-0.9329445362091064, -0.7972115278244019, -0.9563040733337402, -0.8128138184547424, -0.9665725231170654, -0.8407100439071655]"
76364,71,-20.0,1146,0.05,0.08631779998540878,-1.2914015054702759,60000,10000,"[-0.9188370704650879, -1.2330708503723145, -1.0876686573028564, -1.3235085010528564, -1.2220420837402344, -1.1449663639068604]"
77630,72,-18.0,1266,0.05,0.08304406702518463,-1.2964904308319092,60000,10000,"[-0.9661203622817993, -0.832036018371582, -1.0635578632354736, -0.8536239862442017, -1.1042038202285767, -1.1006741523742676]"
78830,73,-19.0,1200,0.05,0.09349250048398972,-1.2407306432724,60000,10000,"[-0.8122174143791199, -0.8189013600349426, -0.7861162424087524, -0.7925928831100464, -0.7567387819290161, -0.6486833691596985]"
79905,74,-20.0,1075,0.05,0.10015422850847244,-1.2783527374267578,60000,10000,"[-0.810547411441803, -0.8849539160728455, -0.788365364074707, -0.6346572637557983, -0.9777886867523193, -0.8528079390525818]"
81091,75,-20.0,1186,0.05,0.111936055123806,-1.264819860458374,60000,10000,"[-0.6914651393890381, -0.7186048626899719, -0.6747448444366455, -0.7698532938957214, -0.7047306299209595, -0.6274688839912415]"
82153,76,-19.0,1062,0.05,0.08189518004655838,-1.3497251272201538,60000,10000,"[-0.8328852653503418, -0.9851968288421631, -0.7536971569061279, -0.923610270023346, -0.9938955903053284, -0.7596024870872498]"
83227,77,-20.0,1074,0.05,0.0956105887889862,-1.250915288925171,60000,10000,"[-0.6505998969078064, -1.1179708242416382, -0.5985524654388428, -0.8482788801193237, -0.9453657865524292, -0.7122145891189575]"
84527,78,-19.0,1300,0.05,0.09854784607887268,-1.3031554222106934,60000,10000,"[-0.7363286018371582, -0.7277177572250366, -0.9407974481582642, -0.7533326148986816, -0.8890199065208435, -0.6306008100509644]"
85759,79,-18.0,1232,0.05,0.09995866566896439,-1.2901545763015747,60000,10000,"[-0.8958840370178223, -0.969714343547821, -0.9797666668891907, -0.909581184387207, -0.9563308954238892, -0.8433060050010681]"
87214,80,-19.0,1455,0.05,0.08459796011447906,-1.2643096446990967,60000,10000,"[-0.9219512343406677, -1.0223103761672974, -0.9344017505645752, -0.8476823568344116, -1.0037424564361572, -0.7986507415771484]"
88584,81,-18.0,1370,0.05,0.09415508806705475,-1.303084135055542,60000,10000,"[-0.7947348356246948, -0.8427352905273438, -0.8601901531219482, -0.8421676158905029, -0.8585048317909241, -0.7176305055618286]"
90003,82,-19.0,1419,0.05,0.11639373004436493,-1.2272226810455322,60000,10000,"[-0.9379562735557556, -0.9122686982154846, -0.9448779821395874, -0.9495155811309814, -0.9547503590583801, -0.9459125995635986]"
91466,83,-17.0,1463,0.05,0.10264164209365845,-1.2422006130218506,60000,10000,"[-0.635542631149292, -0.47018685936927795, -0.4833492934703827, -0.3843492567539215, -0.4656970500946045, -0.5107295513153076]"
93105,84,-17.0,1639,0.05,0.11302558332681656,-1.2549134492874146,60000,10000,"[-0.7898604869842529, -0.8750253319740295, -0.8551206588745117, -0.7407947778701782, -0.8893121480941772, -0.8719456195831299]"
94327,85,-18.0,1222,0.05,0.105587437748909,-1.2109942436218262,60000,10000,"[-0.6633219122886658, -0.6797561049461365, -0.7562110424041748, -0.5521732568740845, -0.703401505947113, -0.5635545253753662]"
95755,86,-18.0,1428,0.05,0.08929594606161118,-1.2708781957626343,60000,10000,"[-0.6913195252418518, -0.7659254670143127, -0.7966545224189758, -0.7319732308387756, -0.7808310985565186, -0.7664274573326111]"
97014,87,-20.0,1259,0.05,0.09169089794158936,-1.203975796699524,60000,10000,"[-0.7113009691238403, -0.7917720675468445, -0.8677915930747986, -0.6816166639328003, -0.7940142154693604, -0.6713504195213318]"
97998,88,-20.0,984,0.05,0.11386401951313019,-1.2371469736099243,60000,10000,"[-0.7684604525566101, -0.693271815776825, -0.7324039340019226, -0.777763307094574, -0.7634319067001343, -0.7873585224151611]"
99411,89,-18.0,1413,0.05,0.09692960977554321,-1.291935920715332,60000,10000,"[-0.588370144367218, -0.7580015063285828, -0.8628430962562561, -0.5725269913673401, -0.649897575378418, -0.6267702579498291]"
100666,90,-20.0,1255,0.05,0.11030691117048264,-1.26360285282135,60000,10000,"[-1.2681446075439453, -1.1760332584381104, -0.9659702777862549, -1.196651816368103, -1.1913220882415771, -1.5761257410049438]"
101958,91,-19.0,1292,0.05,0.07891801744699478,-1.2157162427902222,60000,10000,"[-0.6891393065452576, -0.9089891314506531, -0.8743754625320435, -0.8590183258056641, -0.8457634449005127, -0.8125950694084167]"
102951,92,-21.0,993,0.05,0.1322367936372757,-1.1871252059936523,60000,10000,"[-0.6534624099731445, -0.7515648603439331, -0.72248375415802, -0.8155937790870667, -0.8646644353866577, -0.8040401339530945]"
104009,93,-20.0,1058,0.05,0.10756711661815643,-1.1860597133636475,60000,10000,"[-0.7083293199539185, -0.778800904750824, -0.8435012102127075, -0.7453324794769287, -0.8367692828178406, -0.7505626678466797]"
105013,94,-20.0,1004,0.05,0.1131548061966896,-1.1935045719146729,60000,10000,"[-0.6696455478668213, -0.7516821622848511, -0.8136733174324036, -0.7883797287940979, -0.7945047616958618, -0.7893468141555786]"
105965,95,-20.0,952,0.05,0.0938100814819336,-1.180748701095581,60000,10000,"[-0.6638702154159546, -0.7587809562683105, -0.8875677585601807, -0.6700690984725952, -0.7820764780044556, -0.6540421843528748]"
107346,96,-19.0,1381,0.05,0.12927445769309998,-1.2071788311004639,60000,10000,"[-1.0569511651992798, -1.3619076013565063, -1.0014935731887817, -1.0283238887786865, -1.3332756757736206, -1.117033839225769]"
108586,97,-19.0,1240,0.05,0.0981392115354538,-1.230324149131775,60000,10000,"[-0.9867292046546936, -1.0061156749725342, -0.9202265739440918, -1.0559145212173462, -1.1522655487060547, -0.7551310658454895]"
109701,98,-20.0,1115,0.05,0.12489981949329376,-1.215470790863037,60000,10000,"[-0.8535203337669373, -0.7868862152099609, -0.9275199174880981, -0.8894315958023071, -0.8762993216514587, -0.8633456230163574]"
111241,99,-18.0,1540,0.05,0.10033674538135529,-1.275449275970459,60000,10000,"[-0.7149221897125244, -0.8993133902549744, -0.9247190952301025, -0.7177850008010864, -0.8740173578262329, -0.8335738182067871]"
112423,100,-19.0,1182,0.05,0.09543904662132263,-1.2975742816925049,60000,10000,"[-0.8125194311141968, -0.8285053968429565, -0.717851996421814, -0.6660522222518921, -0.7947185039520264, -0.8795226812362671]"
113543,101,-19.0,1120,0.05,0.11649870872497559,-1.2397897243499756,60000,10000,"[-0.5941509008407593, -0.6081371903419495, -0.672307550907135, -0.5417699217796326, -0.8078016638755798, -0.6960728764533997]"
114610,102,-20.0,1067,0.05,0.09213794022798538,-1.2466241121292114,60000,10000,"[-0.5766992568969727, -0.6258245706558228, -0.5990266799926758, -0.303053081035614, -0.7803036570549011, -0.6877651214599609]"
116213,103,-20.0,1603,0.05,0.07702954113483429,-1.2521957159042358,60000,10000,"[-0.5783568620681763, -0.847196102142334, -0.7217874526977539, -0.7487939596176147, -0.6563476920127869, -0.7083690762519836]"
117164,104,-20.0,951,0.05,0.11750134825706482,-1.2469850778579712,60000,10000,"[-0.6631961464881897, -0.5891419649124146, -0.4418552815914154, -0.7913114428520203, -0.785963773727417, -0.6435981392860413]"
118269,105,-21.0,1105,0.05,0.13016881048679352,-1.136051893234253,60000,10000,"[-0.8656911253929138, -0.903927206993103, -1.2984195947647095, -0.9095005989074707, -1.0753159523010254, -0.934831976890564]"
119485,106,-19.0,1216,0.05,0.08966320008039474,-1.2101953029632568,60000,10000,"[-0.8579667806625366, -0.7402821779251099, -0.9085595607757568, -0.8871439099311829, -0.9236136078834534, -0.9001994132995605]"
120795,107,-17.0,1310,0.05,0.09423238039016724,-1.2240164279937744,60000,10000,"[-0.7325659394264221, -0.734215259552002, -0.6565316915512085, -0.7115986943244934, -0.6961244344711304, -0.6971971392631531]"
122185,108,-19.0,1390,0.05,0.104127898812294,-1.263778805732727,60000,10000,"[-0.9304450154304504, -0.9615629315376282, -0.9323098659515381, -0.8897290229797363, -1.0086978673934937, -0.9489957690238953]"
123333,109,-20.0,1148,0.05,0.11000187695026398,-1.2469072341918945,60000,10000,"[-0.8261762261390686, -0.9479365944862366, -0.9514939785003662, -0.8679112792015076, -0.7782217860221863, -0.8690320253372192]"
124372,110,-20.0,1039,0.05,0.08007067441940308,-1.2589266300201416,60000,10000,"[-0.7485842108726501, -0.8547903895378113, -0.7754089832305908, -0.8003261089324951, -0.6656334400177002, -0.8048291802406311]"
125732,111,-16.0,1360,0.05,0.1028837263584137,-1.2414073944091797,60000,10000,"[-0.8069542646408081, -0.8404551148414612, -0.8099313974380493, -0.5945622324943542, -0.8135895729064941, -0.6562374830245972]"
127015,112,-20.0,1283,0.05,0.12992611527442932,-1.1943086385726929,60000,10000,"[-0.6876583099365234, -0.7769442796707153, -0.7056400775909424, -0.536149799823761, -0.7868509292602539, -0.74654620885849]"
127948,113,-21.0,933,0.05,0.08699445426464081,-1.2876120805740356,60000,10000,"[-1.0787354707717896, -0.8054728507995605, -0.8483172059059143, -0.8439832329750061, -1.1394709348678589, -0.9765239953994751]"
129047,114,-20.0,1099,0.05,0.09007103741168976,-1.2388783693313599,60000,10000,"[-0.9530006647109985, -0.9555979371070862, -0.9302692413330078, -0.9042366743087769, -0.7978330254554749, -0.8596335649490356]"
130014,115,-21.0,967,0.05,0.07930302619934082,-1.24821138381958,60000,10000,"[-0.694161057472229, -0.8495759963989258, -0.8972327709197998, -0.5777712464332581, -0.6561368107795715, -0.810713529586792]"
131527,116,-17.0,1513,0.05,0.09288927912712097,-1.2511290311813354,60000,10000,"[-0.5656136870384216, -0.5926691293716431, -0.7976642847061157, -0.702458381652832, -0.5134335160255432, -0.49837011098861694]"
132719,117,-19.0,1192,0.05,0.09282565116882324,-1.273564100265503,60000,10000,"[-0.9619163274765015, -0.9518701434135437, -0.954938530921936, -0.9471562504768372, -0.9535700678825378, -0.9154766201972961]"
133924,118,-19.0,1205,0.05,0.08229018747806549,-1.270647644996643,60000,10000,"[-0.8338043093681335, -0.8189383745193481, -0.9236516356468201, -0.7916799783706665, -0.8583130240440369, -0.8152632713317871]"
134974,119,-19.0,1050,0.05,0.08180062472820282,-1.2637025117874146,60000,10000,"[-0.8489177823066711, -0.9317433834075928, -0.9630501866340637, -0.8512004613876343, -0.8312156200408936, -0.8448278903961182]"
136113,120,-20.0,1139,0.05,0.08480952680110931,-1.254643440246582,60000,10000,"[-0.6680161952972412, -0.7930670380592346, -0.7940602898597717, -0.7774710059165955, -0.5027533769607544, -0.8104422092437744]"
137373,121,-17.0,1260,0.05,0.10154267400503159,-1.2425549030303955,60000,10000,"[-0.9547385573387146, -0.9545183181762695, -0.9501599669456482, -0.947813868522644, -0.962213397026062, -0.9725608825683594]"
138563,122,-20.0,1190,0.05,0.09340174496173859,-1.221756100654602,60000,10000,"[-0.7421874403953552, -0.72939532995224, -0.9615398645401001, -0.5768056511878967, -0.9779724478721619, -0.9655422568321228]"
140137,123,-19.0,1574,0.05,0.10974413901567459,-1.2530324459075928,60000,10000,"[-0.7134881019592285, -0.7982053160667419, -1.1600714921951294, -0.9189903140068054, -0.9016711115837097, -0.9334431290626526]"
141330,124,-18.0,1193,0.05,0.1300744116306305,-1.2193548679351807,60000,10000,"[-0.9291834831237793, -0.9139999151229858, -0.859102725982666, -0.9437384009361267, -0.9097239971160889, -0.9470861554145813]"
142529,125,-20.0,1199,0.05,0.10577711462974548,-1.2336145639419556,60000,10000,"[-0.6375512480735779, -0.7432458400726318, -0.6849408149719238, -0.7193178534507751, -0.7808466553688049, -0.7509856820106506]"
144014,126,-18.0,1485,0.05,0.10078252851963043,-1.2741388082504272,60000,10000,"[-0.896392285823822, -0.9187262654304504, -0.8087476491928101, -0.9085747003555298, -0.9640179872512817, -0.8491147756576538]"
145062,127,-21.0,1048,0.05,0.10430935025215149,-1.1953513622283936,60000,10000,"[-0.8834699988365173, -0.9315599799156189, -0.9079975485801697, -0.9246202707290649, -1.1908226013183594, -0.9106062650680542]"
146182,128,-19.0,1120,0.05,0.10075601935386658,-1.2346950769424438,60000,10000,"[-0.8584984540939331, -0.7947383522987366, -0.8804882764816284, -0.885174572467804, -0.8875372409820557, -0.8710310459136963]"
147538,129,-17.0,1356,0.05,0.09319879114627838,-1.2455554008483887,60000,10000,"[-0.9847570657730103, -0.9835418462753296, -0.974734902381897, -0.9629836082458496, -0.9762474894523621, -0.9510852098464966]"
148440,130,-21.0,902,0.05,0.13147513568401337,-1.206455945968628,60000,10000,"[-0.768696665763855, -0.8945399522781372, -1.037243127822876, -0.8724672794342041, -1.0904526710510254, -0.7484174370765686]"
149726,131,-17.0,1286,0.05,0.10863704979419708,-1.2335114479064941,60000,10000,"[-0.8442140817642212, -0.8563485145568848, -0.8356937766075134, -0.7771154046058655, -0.8588237166404724, -0.8483834266662598]"
151073,132,-19.0,1347,0.05,0.1162194013595581,-1.2320961952209473,60000,10000,"[-0.906740128993988, -0.9150981903076172, -0.9845561981201172, -0.8747943639755249, -1.0896532535552979, -0.9432556629180908]"
152242,133,-20.0,1169,0.05,0.11527133733034134,-1.1776691675186157,60000,10000,"[-0.8412286043167114, -0.7402573227882385, -0.8436585664749146, -0.8400669693946838, -0.9034743309020996, -0.9265708923339844]"
153419,134,-19.0,1177,0.05,0.10067350417375565,-1.1618832349777222,60000,10000,"[-0.7024610638618469, -0.8687471151351929, -0.7623813152313232, -0.8889095783233643, -0.8497395515441895, -0.8536666631698608]"
154293,135,-21.0,874,0.05,0.09358725696802139,-1.1776119470596313,60000,10000,"[-0.8453807830810547, -0.8837012648582458, -0.9130436182022095, -0.905967116355896, -0.9179590344429016, -0.8574036359786987]"
155688,136,-18.0,1395,0.05,0.13184265792369843,-1.247349739074707,60000,10000,"[-0.6520746350288391, -0.7587639689445496, -0.762994647026062, -0.7376760244369507, -0.7188436985015869, -0.624764621257782]"
156711,137,-20.0,1023,0.05,0.09264680743217468,-1.2297552824020386,60000,10000,"[-0.8007277250289917, -0.9261977672576904, -0.7802837491035461, -0.863541841506958, -0.9017383456230164, -0.8320798873901367]"
157978,138,-18.0,1267,0.05,0.10708683729171753,-1.2210068702697754,60000,10000,"[-0.7755478024482727, -0.8171102404594421, -0.9016667604446411, -0.7670913338661194, -0.6854326725006104, -0.6344187259674072]"
159173,139,-19.0,1195,0.05,0.1233372911810875,-1.2052263021469116,60000,10000,"[-1.2429022789001465, -1.3218622207641602, -1.1162749528884888, -0.9894911646842957, -1.1087285280227661, -0.9757452607154846]"
160431,140,-20.0,1258,0.05,0.09338194131851196,-1.2505968809127808,60000,10000,"[-0.9411323666572571, -0.9778848886489868, -0.9659900069236755, -0.9226204752922058, -0.9262331128120422, -0.8307651281356812]"
161812,141,-18.0,1381,0.05,0.09845557808876038,-1.264221429824829,60000,10000,"[-0.42505329847335815, -0.6247249841690063, -0.6166929602622986, -0.7912014722824097, -0.841052234172821, -0.38132762908935547]"
163201,142,-18.0,1389,0.05,0.09324181079864502,-1.1758220195770264,60000,10000,"[-0.6482924818992615, -0.5943391919136047, -0.7355684638023376, -0.5805585980415344, -0.6712554693222046, -0.5632124543190002]"
164639,143,-18.0,1438,0.05,0.11021945625543594,-1.2088009119033813,60000,10000,"[-0.5610957741737366, -0.8383283615112305, -0.7134626507759094, -0.7907735109329224, -0.6548328399658203, -0.773082971572876]"
165876,144,-20.0,1237,0.05,0.11521773785352707,-1.2173950672149658,60000,10000,"[-0.6681030988693237, -0.7668968439102173, -0.5798012018203735, -0.6763655543327332, -0.583518922328949, -0.6566405892372131]"
167317,145,-19.0,1441,0.05,0.12470059096813202,-1.2008509635925293,60000,10000,"[-0.6477059721946716, -0.7533149719238281, -0.8260388970375061, -0.8673933148384094, -0.8660361170768738, -0.8645740151405334]"
168561,146,-18.0,1244,0.05,0.10750845074653625,-1.1639468669891357,60000,10000,"[-0.8526324033737183, -0.9510218501091003, -0.9761237502098083, -0.9582588076591492, -0.9643680453300476, -0.9559009671211243]"
169710,147,-20.0,1149,0.05,0.1167527586221695,-1.1533865928649902,60000,10000,"[-0.7343322038650513, -0.7371441125869751, -0.8472440242767334, -0.7085535526275635, -0.6693222522735596, -0.747590959072113]"
170786,148,-19.0,1076,0.05,0.11310680955648422,-1.214492678642273,60000,10000,"[-0.9099064469337463, -0.7678726315498352, -0.8827494382858276, -0.870684802532196, -0.6849087476730347, -0.8695867657661438]"
171897,149,-18.0,1111,0.05,0.11831587553024292,-1.1743884086608887,60000,10000,"[-0.9879369139671326, -0.9815859794616699, -0.982937216758728, -0.9707282185554504, -0.971552312374115, -0.9666835069656372]"
173236,150,-21.0,1339,0.05,0.10975248366594315,-1.2037779092788696,60000,10000,"[-0.9290810227394104, -0.9220660328865051, -0.9274426102638245, -0.9796757102012634, -0.9035895466804504, -0.8674063682556152]"
174430,151,-18.0,1194,0.05,0.09056901931762695,-1.2181906700134277,60000,10000,"[-0.5759402513504028, -0.4722106158733368, -0.646041750907898, -0.4535723030567169, -0.5585211515426636, -0.6428739428520203]"
175668,152,-19.0,1238,0.05,0.1096617579460144,-1.1955562829971313,60000,10000,"[-0.9090458750724792, -0.871933102607727, -0.9145008325576782, -0.7544153928756714, -0.7318612337112427, -0.8306697010993958]"
177191,153,-18.0,1523,0.05,0.07828523218631744,-1.247800350189209,60000,10000,"[-0.9837605953216553, -0.9770768880844116, -0.8733041286468506, -0.9703491926193237, -0.942790150642395, -0.9470238089561462]"
178312,154,-18.0,1121,0.05,0.10779023915529251,-1.1843829154968262,60000,10000,"[-0.9647498726844788, -0.9438566565513611, -0.9189698696136475, -0.8832327723503113, -0.939220130443573, -0.9678651094436646]"
179563,155,-19.0,1251,0.05,0.10960899293422699,-1.1860400438308716,60000,10000,"[-0.9303120374679565, -1.0054353475570679, -1.054846167564392, -1.0403709411621094, -1.1535391807556152, -0.8831161260604858]"
180851,156,-19.0,1288,0.05,0.09606567770242691,-1.2337226867675781,60000,10000,"[-0.8837540149688721, -0.9114564657211304, -1.0231084823608398, -0.8753722906112671, -0.8102738857269287, -0.892635703086853]"
182008,157,-18.0,1157,0.05,0.09526240825653076,-1.173653483390808,60000,10000,"[-0.672532856464386, -0.7310135960578918, -0.730064868927002, -0.6317071914672852, -0.7446685433387756, -0.9081624746322632]"
183367,158,-19.0,1359,0.05,0.094585120677948,-1.1684291362762451,60000,10000,"[-0.8136204481124878, -0.6873167157173157, -0.8245047330856323, -0.8525465726852417, -0.7408623099327087, -0.7904388904571533]"
184869,159,-17.0,1502,0.05,0.0818401426076889,-1.1783438920974731,60000,10000,"[-0.9848724603652954, -0.8732205033302307, -0.9374569058418274, -0.9178990721702576, -1.0132311582565308, -0.9007360935211182]"
186274,160,-17.0,1405,0.05,0.11705339699983597,-1.1508245468139648,60000,10000,"[-0.9438768029212952, -0.9269490838050842, -0.9170174598693848, -0.8891406059265137, -0.8277257084846497, -0.9268927574157715]"
187283,161,-20.0,1009,0.05,0.11839419603347778,-1.1714651584625244,60000,10000,"[-0.6573067903518677, -0.7239612340927124, -0.8718312978744507, -0.6466059684753418, -0.7324504852294922, -0.6752708554267883]"
188472,162,-20.0,1189,0.05,0.1059429794549942,-1.199273943901062,60000,10000,"[-0.7163819670677185, -0.8883064985275269, -0.7570618987083435, -0.8426477909088135, -0.8790059685707092, -0.7202452421188354]"
189898,163,-17.0,1426,0.05,0.10588401556015015,-1.178006649017334,60000,10000,"[-0.9631374478340149, -0.9497529864311218, -0.9412412643432617, -0.8984878659248352, -0.9273437857627869, -0.9038229584693909]"
191175,164,-19.0,1277,0.05,0.13141287863254547,-1.2080259323120117,60000,10000,"[-0.6685572862625122, -0.9676041007041931, -0.5350500345230103, -1.1000945568084717, -1.1311203241348267, -0.8043891787528992]"
192322,165,-20.0,1147,0.05,0.08216507732868195,-1.2060585021972656,60000,10000,"[-0.7747265100479126, -0.8136520385742188, -0.8065305948257446, -0.7103124856948853, -0.779849648475647, -0.7886778116226196]"
193725,166,-19.0,1403,0.05,0.11182630807161331,-1.2039356231689453,60000,10000,"[-0.596489667892456, -0.8513428568840027, -0.749428391456604, -0.8426914215087891, -0.9929032325744629, -0.8002679944038391]"
195085,167,-18.0,1360,0.05,0.11015210300683975,-1.1389864683151245,60000,10000,"[-0.8050488829612732, -0.7970089316368103, -0.8038792610168457, -0.7538222074508667, -0.7899539470672607, -0.7951439023017883]"
196515,168,-18.0,1430,0.05,0.11082068085670471,-1.1772047281265259,60000,10000,"[-0.8032757043838501, -0.7214444279670715, -0.8409604430198669, -0.7846596837043762, -0.7954903244972229, -0.8024903535842896]"
197628,169,-20.0,1113,0.05,0.10461989045143127,-1.161119818687439,60000,10000,"[-0.799949049949646, -0.9272105097770691, -0.9187713861465454, -0.6419928669929504, -0.7474476099014282, -0.5735170841217041]"
199012,170,-19.0,1384,0.05,0.1129375621676445,-1.1640706062316895,60000,10000,"[-0.9733206033706665, -0.9732775688171387, -0.9739031195640564, -0.9218119978904724, -0.8186930418014526, -0.9003084897994995]"
200417,171,-20.0,1405,0.05,0.13717614114284515,-1.1629257202148438,60000,10000,"[-0.619462788105011, -0.6719024181365967, -0.5633562803268433, -0.6714727878570557, -0.6814374923706055, -0.8021424412727356]"
201431,172,-21.0,1014,0.05,0.10530419647693634,-1.2177560329437256,60000,10000,"[-0.9231305718421936, -0.8761995434761047, -0.8040704131126404, -0.866418719291687, -0.9680690169334412, -0.8552044630050659]"
202778,173,-16.0,1347,0.05,0.11010320484638214,-1.1398508548736572,60000,10000,"[-0.90065598487854, -0.9118267893791199, -0.8980703353881836, -0.8663915395736694, -0.8448459506034851, -0.938926637172699]"
204133,174,-19.0,1355,0.05,0.1042994037270546,-1.1566741466522217,60000,10000,"[-0.538844108581543, -0.4662271738052368, -0.7011016607284546, -0.6978991627693176, -0.8369607925415039, -0.6883177757263184]"
205277,175,-21.0,1144,0.05,0.10288423299789429,-1.1907715797424316,60000,10000,"[-0.8212926387786865, -0.8321043848991394, -0.8714432120323181, -0.8685980439186096, -0.7822055220603943, -0.8182988166809082]"
206286,176,-20.0,1009,0.05,0.1057710349559784,-1.1431206464767456,60000,10000,"[-0.8398381471633911, -0.9829212427139282, -0.9668595194816589, -0.9094124436378479, -0.9420648813247681, -0.9087325930595398]"
207483,177,-18.0,1197,0.05,0.08356238156557083,-1.1443816423416138,60000,10000,"[-0.6753752827644348, -0.6245003938674927, -0.7837948799133301, -0.5922711491584778, -0.5706506371498108, -0.7080240249633789]"
208687,178,-21.0,1204,0.05,0.10693108290433884,-1.2037075757980347,60000,10000,"[-0.9637193083763123, -0.9813181161880493, -0.7380422949790955, -0.9087929725646973, -0.9862993359565735, -0.9731160402297974]"
210094,179,-19.0,1407,0.05,0.1101432517170906,-1.1646904945373535,60000,10000,"[-0.6565040349960327, -0.6983909606933594, -0.7056161165237427, -0.652073323726654, -0.789807915687561, -0.5900619626045227]"
211382,180,-18.0,1288,0.05,0.11929203569889069,-1.2325611114501953,60000,10000,"[-0.8315836191177368, -0.8014582395553589, -0.8791016340255737, -0.8068822622299194, -0.6684992909431458, -0.8715221285820007]"
212823,181,-18.0,1441,0.05,0.09998088330030441,-1.210571050643921,60000,10000,"[-0.6017792224884033, -0.6741907000541687, -0.7245723009109497, -0.44530418515205383, -0.7650532126426697, -0.6552491784095764]"
214035,182,-19.0,1212,0.05,0.0879056379199028,-1.1599411964416504,60000,10000,"[-0.9683395624160767, -0.7903702855110168, -0.7164850831031799, -0.955725371837616, -0.8543832302093506, -0.9651413559913635]"
215484,183,-16.0,1449,0.05,0.08466359972953796,-1.2339987754821777,60000,10000,"[-0.9714987277984619, -0.9850477576255798, -0.9829343557357788, -0.9599504470825195, -0.9189636707305908, -0.9701954126358032]"
216675,184,-18.0,1191,0.05,0.11694978922605515,-1.1899489164352417,60000,10000,"[-0.9829491376876831, -0.9829074144363403, -0.9703285098075867, -0.9618315100669861, -0.9152728915214539, -0.941985547542572]"
218212,185,-18.0,1537,0.05,0.10930749028921127,-1.1810849905014038,60000,10000,"[-0.94423508644104, -0.9340505599975586, -0.9029655456542969, -0.9672686457633972, -0.953419029712677, -0.9717674851417542]"
219267,186,-21.0,1055,0.05,0.09839846193790436,-1.1518806219100952,60000,10000,"[-0.8709745407104492, -0.8784520030021667, -0.847993791103363, -0.9382127523422241, -0.8889206051826477, -0.9093482494354248]"
220776,187,-18.0,1509,0.05,0.10157351940870285,-1.1658316850662231,60000,10000,"[-0.9654091000556946, -0.9842096567153931, -0.9873002767562866, -0.9765283465385437, -0.981296181678772, -0.9812555909156799]"
221973,188,-20.0,1197,0.05,0.11119183152914047,-1.1241899728775024,60000,10000,"[-0.7185701727867126, -0.48113521933555603, -0.9060672521591187, -0.33956170082092285, -0.7859694361686707, -0.6111595630645752]"
223283,189,-18.0,1310,0.05,0.0970972403883934,-1.1254441738128662,60000,10000,"[-0.7967237234115601, -1.4010779857635498, -0.9678522348403931, -1.0901826620101929, -1.0691726207733154, -0.5987586379051208]"
224601,190,-20.0,1318,0.05,0.10998836159706116,-1.161418080329895,60000,10000,"[-0.7892711758613586, -0.5195112824440002, -0.561445951461792, -0.39100930094718933, -0.7035641670227051, -0.6430900692939758]"
225946,191,-18.0,1345,0.05,0.0985003337264061,-1.2116105556488037,60000,10000,"[-0.8949756622314453, -0.9267316460609436, -0.8474498987197876, -0.958456814289093, -0.7758223414421082, -0.9515200853347778]"
226984,192,-20.0,1038,0.05,0.10838554054498672,-1.07655930519104,60000,10000,"[-0.6835373044013977, -0.413622111082077, -0.6749974489212036, -0.6652011275291443, -0.6302423477172852, -0.5333046913146973]"
228035,193,-20.0,1051,0.05,0.09618641436100006,-1.1444498300552368,60000,10000,"[-0.5936146974563599, -0.7799324989318848, -0.8364680409431458, -0.6808328628540039, -0.7397406101226807, -0.49539420008659363]"
229223,194,-21.0,1188,0.05,0.09648977965116501,-1.104234218597412,60000,10000,"[-0.26380568742752075, -0.4359694719314575, -0.6171339154243469, -0.41254541277885437, -0.8257157802581787, -0.8176157474517822]"
230532,195,-18.0,1309,0.05,0.10305216163396835,-1.1353868246078491,60000,10000,"[-0.5844494104385376, -0.7260804176330566, -0.7545713782310486, -0.7173303961753845, -0.4105527400970459, -0.7677770853042603]"
232186,196,-18.0,1654,0.05,0.08428935706615448,-1.1535496711730957,60000,10000,"[-0.9246931672096252, -0.9823445677757263, -0.8769782781600952, -0.9579204320907593, -0.9762927293777466, -0.976855993270874]"
233448,197,-17.0,1262,0.05,0.12506841123104095,-1.1378605365753174,60000,10000,"[-0.477685809135437, -0.6493180990219116, -0.6216471791267395, -0.7564812302589417, -0.6597638726234436, -0.5610171556472778]"
235188,198,-17.0,1740,0.05,0.10176914185285568,-1.1021676063537598,60000,10000,"[-0.7284513711929321, -0.8142523765563965, -0.6849337816238403, -0.7368156313896179, -0.8370082378387451, -0.4744568467140198]"
236457,199,-19.0,1269,0.05,0.0961412787437439,-1.1633224487304688,60000,10000,"[-1.1429622173309326, -1.1651301383972168, -1.1558783054351807, -1.434329867362976, -1.2144614458084106, -0.7862717509269714]"
237856,200,-18.0,1399,0.05,0.09367045760154724,-1.1277539730072021,60000,10000,"[-0.47143471240997314, -0.8692486882209778, -0.7936229705810547, -0.7110958695411682, -0.8480441570281982, -0.8661535978317261]"
239109,201,-18.0,1253,0.05,0.09986205399036407,-1.1093195676803589,60000,10000,"[-0.7568108439445496, -0.9163698554039001, -0.9005374908447266, -0.9353547096252441, -1.1391688585281372, -0.6398853063583374]"
240280,202,-19.0,1171,0.05,0.10606241226196289,-1.1389210224151611,60000,10000,"[-0.8440880179405212, -0.8334015011787415, -0.7874541282653809, -0.9562934637069702, -0.9677935242652893, -0.9741541743278503]"
241274,203,-19.0,994,0.05,0.10897651314735413,-1.0739864110946655,60000,10000,"[-0.9758584499359131, -0.9867908954620361, -0.9843094944953918, -0.9320432543754578, -0.8647010922431946, -0.9399878978729248]"
242560,204,-19.0,1286,0.05,0.08052974939346313,-1.2426912784576416,60000,10000,"[-0.8448805212974548, -0.6298767924308777, -0.7481727004051208, -0.7254053950309753, -0.6890709400177002, -0.7827248573303223]"
243983,205,-18.0,1423,0.05,0.08273414522409439,-1.1620138883590698,60000,10000,"[-0.5510337352752686, -0.823144257068634, -0.4775662422180176, -0.6972858905792236, -0.8288746476173401, -0.7685701847076416]"
245150,206,-19.0,1167,0.05,0.13661378622055054,-1.0676831007003784,60000,10000,"[-0.9317003488540649, -1.1810534000396729, -1.1956870555877686, -1.1878529787063599, -1.21831214427948, -0.8506357073783875]"
246598,207,-18.0,1448,0.05,0.12324479222297668,-1.1268510818481445,60000,10000,"[-0.5393030643463135, -0.9361849427223206, -0.8274481296539307, -0.8635374903678894, -0.7205802798271179, -0.7264293432235718]"
247746,208,-19.0,1148,0.05,0.10858477652072906,-1.121924877166748,60000,10000,"[-0.5095807313919067, -0.8356112837791443, -0.8787686228752136, -0.7750244140625, -0.9239745736122131, -0.8589136004447937]"
248832,209,-20.0,1086,0.05,0.0932646244764328,-1.1618459224700928,60000,10000,"[-0.7317361235618591, -0.6098997592926025, -0.5502231121063232, -0.7930091023445129, -0.7827597856521606, -0.7654958963394165]"
249936,210,-18.0,1104,0.05,0.08653336763381958,-1.1158976554870605,60000,10000,"[-0.7274325489997864, -0.8939827084541321, -0.8680829405784607, -0.8072772026062012, -1.1668707132339478, -0.8089035153388977]"
251630,211,-17.0,1694,0.05,0.11141541600227356,-1.1587069034576416,60000,10000,"[-0.7997398376464844, -1.0056366920471191, -0.8303959965705872, -0.8871278762817383, -0.9902468919754028, -0.8161512613296509]"
252990,212,-18.0,1360,0.05,0.1131751611828804,-1.0604127645492554,60000,10000,"[-0.8304528594017029, -0.9121741056442261, -0.9743610620498657, -0.9405198693275452, -0.8822351694107056, -0.9749531149864197]"
254266,213,-17.0,1276,0.05,0.11612185835838318,-1.0664836168289185,60000,10000,"[-0.9671115875244141, -0.9243464469909668, -0.9726400971412659, -0.9375720024108887, -0.9297426342964172, -0.9449412226676941]"
255903,214,-18.0,1637,0.05,0.09540068358182907,-1.1880546808242798,60000,10000,"[-0.9803519248962402, -0.984760582447052, -0.9175679683685303, -0.9378117322921753, -0.8942996859550476, -0.9533310532569885]"
257229,215,-19.0,1326,0.05,0.12301284819841385,-1.104748010635376,60000,10000,"[-0.5602315068244934, -0.8268471956253052, -0.6594095230102539, -0.5823068022727966, -0.8028217554092407, -0.6812387704849243]"
258408,216,-19.0,1179,0.05,0.09742336720228195,-1.1175119876861572,60000,10000,"[-0.7485144138336182, -0.9739974141120911, -0.8974677324295044, -0.8027873635292053, -0.9404695630073547, -0.8621171116828918]"
259746,217,-20.0,1338,0.05,0.11156728118658066,-1.172814130783081,60000,10000,"[-0.9977185726165771, -1.380555272102356, -1.2172929048538208, -1.0773117542266846, -1.1808656454086304, -1.032278299331665]"
261091,218,-21.0,1345,0.05,0.11240723729133606,-1.1175343990325928,60000,10000,"[-0.2753198444843292, -0.5645232796669006, -0.30497246980667114, -0.41033774614334106, -0.7452573776245117, -0.5203033685684204]"
262274,219,-19.0,1183,0.05,0.07863934338092804,-1.0772572755813599,60000,10000,"[-0.7207366228103638, -0.7868473529815674, -0.4467839002609253, -0.7453988790512085, -0.6999861001968384, -0.6202496290206909]"
263573,220,-18.0,1299,0.05,0.08055534958839417,-1.2024431228637695,60000,10000,"[-0.9810718297958374, -0.9837967157363892, -0.893904983997345, -0.9581862688064575, -0.9210418462753296, -0.9252128005027771]"
264529,221,-21.0,956,0.05,0.08819367736577988,-1.131259560585022,60000,10000,"[-0.9897559881210327, -0.9690287113189697, -0.9842448234558105, -0.971420407295227, -0.9882199764251709, -0.8576673865318298]"
265483,222,-20.0,954,0.05,0.13332509994506836,-1.1077219247817993,60000,10000,"[-0.7972525358200073, -0.9476938843727112, -0.9711776971817017, -0.905938446521759, -0.9618960022926331, -1.0461559295654297]"
266512,223,-21.0,1029,0.05,0.08713982999324799,-1.1739122867584229,60000,10000,"[-0.6924790143966675, -0.8389859795570374, -0.8473073244094849, -0.6630681753158569, -0.6582004427909851, -0.7887567281723022]"
267759,224,-19.0,1247,0.05,0.11188974976539612,-1.180532455444336,60000,10000,"[-0.6637859344482422, -0.8067699670791626, -0.7084682583808899, -0.7220139503479004, -0.6637241840362549, -0.7712478041648865]"
268870,225,-19.0,1111,0.05,0.08781898766756058,-1.18805992603302,60000,10000,"[-0.8607313632965088, -1.1997883319854736, -0.8370848298072815, -0.9127547740936279, -0.9659642577171326, -0.9195083379745483]"
269999,226,-20.0,1129,0.05,0.09405729919672012,-1.2210025787353516,60000,10000,"[-1.0003865957260132, -1.0481023788452148, -1.158259630203247, -0.9961419701576233, -1.3772906064987183, -1.2498269081115723]"
271245,227,-19.0,1246,0.05,0.09662359952926636,-1.1737420558929443,60000,10000,"[-0.4902041256427765, -0.7618318200111389, -0.2947123050689697, -0.45094409584999084, -0.6504265666007996, -0.7578986883163452]"
272220,228,-20.0,975,0.05,0.0950116366147995,-1.1138099431991577,60000,10000,"[-0.9146937131881714, -0.9759734869003296, -0.9762374758720398, -0.9212992787361145, -0.9486495852470398, -0.9052197933197021]"
273365,229,-21.0,1145,0.05,0.0837482288479805,-1.19839608669281,60000,10000,"[-0.6045621037483215, -0.8907604217529297, -0.8564895391464233, -0.7227524518966675, -0.6986417770385742, -0.8253151774406433]"
274555,230,-20.0,1190,0.05,0.10237471759319305,-1.1964342594146729,60000,10000,"[-0.9553918242454529, -0.9810053110122681, -0.9749525189399719, -0.9374675154685974, -0.9754552245140076, -0.9756758213043213]"
275718,231,-18.0,1163,0.05,0.09535755217075348,-1.1930813789367676,60000,10000,"[-1.0054371356964111, -1.2512198686599731, -1.3024773597717285, -1.4432861804962158, -1.4173126220703125, -1.0773690938949585]"
276846,232,-17.0,1128,0.05,0.0949781984090805,-1.1818175315856934,60000,10000,"[-0.9105983376502991, -0.9313114285469055, -0.8921434283256531, -0.8823552131652832, -0.9271032214164734, -0.9745490550994873]"
278154,233,-20.0,1308,0.05,0.0808524489402771,-1.188030481338501,60000,10000,"[-0.7118514776229858, -0.8812687397003174, -0.830472469329834, -0.6899828910827637, -0.6980454325675964, -0.8672145009040833]"
279241,234,-21.0,1087,0.05,0.08957318961620331,-1.2075259685516357,60000,10000,"[-0.7724556922912598, -0.7946122288703918, -0.877593994140625, -0.6487687230110168, -0.670751690864563, -0.6089749336242676]"
280739,235,-17.0,1498,0.05,0.09433698654174805,-1.159062385559082,60000,10000,"[-0.9353736042976379, -0.9292439818382263, -0.9460423588752747, -0.95663982629776, -0.7570794820785522, -0.8809236288070679]"
282112,236,-19.0,1373,0.05,0.08433403819799423,-1.2142059803009033,60000,10000,"[-0.9403670430183411, -0.9464325308799744, -0.9392648935317993, -0.8984757661819458, -0.9271226525306702, -0.9084070324897766]"
283446,237,-18.0,1334,0.05,0.0908941775560379,-1.1759600639343262,60000,10000,"[-0.8255364894866943, -0.9525738954544067, -0.8337170481681824, -0.8144265413284302, -0.8947799205780029, -0.8433746695518494]"
284717,238,-19.0,1271,0.05,0.0828876867890358,-1.147035002708435,60000,10000,"[-0.9833471179008484, -1.232858419418335, -1.0214836597442627, -1.1012948751449585, -1.0190322399139404, -0.9876220226287842]"
286074,239,-20.0,1357,0.05,0.09575717151165009,-1.15350341796875,60000,10000,"[-0.7902681827545166, -0.6606852412223816, -0.5877183675765991, -0.47813814878463745, -0.6852920651435852, -0.7027662396430969]"
287253,240,-20.0,1179,0.05,0.09959173202514648,-1.2054364681243896,60000,10000,"[-0.6417726874351501, -0.6860136389732361, -0.42921873927116394, -0.44253629446029663, -0.20410054922103882, -0.6546425819396973]"
288272,241,-20.0,1019,0.05,0.09726936370134354,-1.1900243759155273,60000,10000,"[-0.8283187747001648, -0.7562350630760193, -0.7324837446212769, -0.858148455619812, -0.770805299282074, -0.7429850697517395]"
289521,242,-19.0,1249,0.05,0.0981101393699646,-1.228657841682434,60000,10000,"[-0.7326778173446655, -0.44679325819015503, -0.5970789194107056, -0.7271133661270142, -0.8452147245407104, -0.5445383787155151]"
290779,243,-20.0,1258,0.05,0.09662461280822754,-1.1531060934066772,60000,10000,"[-0.615702211856842, -0.6384294033050537, -0.5580272674560547, -0.2948296070098877, -0.2903845012187958, -0.6340405941009521]"
292083,244,-18.0,1304,0.05,0.0837581530213356,-1.1627696752548218,60000,10000,"[-0.7695961594581604, -0.799944281578064, -0.8215407133102417, -0.7742006182670593, -0.6809046268463135, -0.8432151675224304]"
293403,245,-19.0,1320,0.05,0.09059349447488785,-1.2396435737609863,60000,10000,"[-0.7437087297439575, -0.8995348215103149, -0.7654719352722168, -0.7290174961090088, -0.7748607397079468, -0.6223693490028381]"
294345,246,-21.0,942,0.05,0.10192578285932541,-1.155620813369751,60000,10000,"[-0.9818710684776306, -0.8686689138412476, -0.8533688187599182, -0.9692341089248657, -1.0404086112976074, -0.8881744146347046]"
296063,247,-16.0,1718,0.05,0.12141826003789902,-1.1637439727783203,60000,10000,"[-0.8551374077796936, -0.9698361158370972, -0.9314723014831543, -0.9576082825660706, -0.8742861747741699, -0.9042812585830688]"
297185,248,-20.0,1122,0.05,0.11246304214000702,-1.16362726688385,60000,10000,"[-0.9096498489379883, -1.0077629089355469, -0.9220535159111023, -0.9288849234580994, -0.9124317765235901, -0.9425556063652039]"
298293,249,-19.0,1108,0.05,0.08060302585363388,-1.1287413835525513,60000,10000,"[-0.71769779920578, -0.8642129302024841, -0.6708642840385437, -0.26785820722579956, -0.6989869475364685, -0.6392402052879333]"
299556,250,-19.0,1263,0.05,0.08688871562480927,-1.1738914251327515,60000,10000,"[-0.6054532527923584, -0.9308755397796631, -0.7003048062324524, -0.7496568560600281, -0.7254602909088135, -0.7288278937339783]"
300749,251,-20.0,1193,0.05,0.09071680903434753,-1.2103402614593506,60000,10000,"[-0.9686523079872131, -0.7525463700294495, -1.0415619611740112, -0.8481387495994568, -0.9195669889450073, -0.6004766225814819]"
301899,252,-19.0,1150,0.05,0.09640604257583618,-1.1965346336364746,60000,10000,"[-0.7712897658348083, -0.737861692905426, -0.6913254857063293, -0.7306181788444519, -0.7774282693862915, -0.7034660577774048]"
303143,253,-17.0,1244,0.05,0.08897724747657776,-1.1930654048919678,60000,10000,"[-0.7648544907569885, -0.9397098422050476, -0.9750683307647705, -0.9118611812591553, -0.888600766658783, -0.9112513661384583]"
304533,254,-19.0,1390,0.05,0.088242307305336,-1.1866300106048584,60000,10000,"[-0.835476279258728, -0.8782573938369751, -0.9301617741584778, -0.9717379212379456, -1.1113229990005493, -0.8698849081993103]"
305836,255,-20.0,1303,0.05,0.0855296403169632,-1.193842887878418,60000,10000,"[-0.3479996621608734, -0.5053464770317078, -0.48111987113952637, -0.6213860511779785, -0.28242602944374084, -0.7905974984169006]"
306979,256,-19.0,1143,0.05,0.08983615040779114,-1.1807894706726074,60000,10000,"[-0.985497236251831, -1.0715218782424927, -0.9555187821388245, -0.9671573042869568, -0.9569522142410278, -0.9523741602897644]"
308443,257,-21.0,1464,0.05,0.0863342434167862,-1.2009340524673462,60000,10000,"[-0.6448225975036621, -0.6773719787597656, -0.8597715497016907, -0.7242745161056519, -0.8437304496765137, -0.6628355383872986]"
309510,258,-20.0,1067,0.05,0.10373806953430176,-1.2046895027160645,60000,10000,"[-1.0690808296203613, -0.8207147121429443, -1.1056329011917114, -1.1961501836776733, -1.067686915397644, -1.014327049255371]"
310734,259,-19.0,1224,0.05,0.11821502447128296,-1.145124077796936,60000,10000,"[-0.7338189482688904, -0.9870778322219849, -0.8915103673934937, -0.9787122011184692, -0.5829108953475952, -0.9492373466491699]"
312041,260,-20.0,1307,0.05,0.09029805660247803,-1.1965118646621704,60000,10000,"[-0.5849736332893372, -0.7296193838119507, -0.7130586504936218, -0.524016797542572, -0.49148494005203247, -0.7252251505851746]"
313373,261,-19.0,1332,0.05,0.07909436523914337,-1.1571744680404663,60000,10000,"[-0.560346782207489, -0.7320748567581177, -0.5452459454536438, -0.6194732785224915, -0.6835230588912964, -0.6945556402206421]"
314528,262,-20.0,1155,0.05,0.09809345752000809,-1.1366897821426392,60000,10000,"[-0.6323496699333191, -0.616451621055603, -0.7921807765960693, -0.1849452257156372, -0.13207121193408966, -0.7177098393440247]"
315751,263,-18.0,1223,0.05,0.10049606114625931,-1.1649061441421509,60000,10000,"[-0.6944953203201294, -0.627545177936554, -0.8085713982582092, -0.7148451805114746, -0.6842254400253296, -0.7837063670158386]"
316997,264,-17.0,1246,0.05,0.0983327105641365,-1.2244607210159302,60000,10000,"[-0.8564084768295288, -0.9883026480674744, -0.9772176742553711, -0.9724169969558716, -0.7866851687431335, -0.9598366022109985]"
318236,265,-19.0,1239,0.05,0.0953519195318222,-1.2442927360534668,60000,10000,"[-0.46693119406700134, -0.7013674974441528, -0.8240564465522766, -0.7774151563644409, -0.7189210057258606, -0.6308718323707581]"
319433,266,-18.0,1197,0.05,0.0866594985127449,-1.2218074798583984,60000,10000,"[-0.7492344379425049, -0.8810089826583862, -0.617076575756073, -0.5623958706855774, -0.8452144861221313, -0.7971462607383728]"
320867,267,-17.0,1434,0.05,0.1085556223988533,-1.2067071199417114,60000,10000,"[-0.884830117225647, -0.8118519186973572, -0.6082045435905457, -0.8091607689857483, -0.7271431684494019, -0.7757247090339661]"
322361,268,-17.0,1494,0.05,0.08694547414779663,-1.1947286128997803,60000,10000,"[-0.8866485357284546, -0.8447175621986389, -0.6991837620735168, -0.7883601188659668, -0.8802227973937988, -0.9210805892944336]"
323649,269,-20.0,1288,0.05,0.12498971074819565,-1.1286680698394775,60000,10000,"[-0.8166128396987915, -0.7752567529678345, -0.9300861954689026, -0.718508780002594, -0.9077432751655579, -0.9883491396903992]"
324769,270,-20.0,1120,0.05,0.09382081031799316,-1.1594560146331787,60000,10000,"[-0.3962216377258301, -0.768119215965271, -0.7452196478843689, -0.6832724809646606, -0.6537693738937378, -0.7205801010131836]"
326342,271,-20.0,1573,0.05,0.0952359065413475,-1.1976861953735352,60000,10000,"[-0.6656180620193481, -0.8937708139419556, -0.885341465473175, -0.8125841617584229, -0.9236024022102356, -0.8372596502304077]"
327503,272,-19.0,1161,0.05,0.07694099098443985,-1.2036609649658203,60000,10000,"[-0.3698004186153412, -0.9430854320526123, -0.6885114312171936, -0.8672581315040588, -0.5937020778656006, -0.7679475545883179]"
328711,273,-19.0,1208,0.05,0.08475157618522644,-1.151263952255249,60000,10000,"[-0.9381088614463806, -0.7496187686920166, -0.8577094078063965, -0.8640782237052917, -0.8579378724098206, -0.8744487166404724]"
329965,274,-19.0,1254,0.05,0.10044406354427338,-1.171341061592102,60000,10000,"[-0.27180179953575134, -0.9870855808258057, -0.710997462272644, -0.9705297946929932, -0.6169908046722412, -0.895846962928772]"
331168,275,-19.0,1203,0.05,0.09930848330259323,-1.1615300178527832,60000,10000,"[-0.6226418614387512, -0.9871116876602173, -0.7130361199378967, -0.9712815880775452, -0.6872856616973877, -0.8973360657691956]"
332593,276,-17.0,1425,0.05,0.08178499341011047,-1.1299066543579102,60000,10000,"[-0.4243488311767578, -0.5340993404388428, -0.5661410689353943, -0.28676140308380127, -0.6574811339378357, -0.5105761289596558]"
334091,277,-18.0,1498,0.05,0.08890868723392487,-1.1233464479446411,60000,10000,"[-0.18723498284816742, -0.9607917666435242, -0.8488448858261108, -0.9701365232467651, -0.8395174145698547, -0.7656270861625671]"
335549,278,-19.0,1458,0.05,0.10606352239847183,-1.122758388519287,60000,10000,"[-0.8801470994949341, -0.984617292881012, -0.719205915927887, -0.9718335270881653, -0.7037680149078369, -0.8953202366828918]"
336728,279,-21.0,1179,0.05,0.08522136509418488,-1.1609731912612915,60000,10000,"[-0.9627295136451721, -0.9986653923988342, -0.9300975203514099, -0.9296400547027588, -0.9528491497039795, -0.7561205625534058]"
337787,280,-20.0,1059,0.05,0.09403002262115479,-1.1280280351638794,60000,10000,"[-0.8256317973136902, -1.0746803283691406, -1.1210150718688965, -1.037512183189392, -0.967301070690155, -0.8812279105186462]"
338957,281,-19.0,1170,0.05,0.09526292234659195,-1.1333354711532593,60000,10000,"[-0.8037582635879517, -0.5562929511070251, -0.44394880533218384, -0.8125758767127991, -0.7990080118179321, -0.5401826500892639]"
339863,282,-21.0,906,0.05,0.10346188396215439,-1.1454846858978271,60000,10000,"[-0.3207895755767822, -0.9660471081733704, -0.6636995077133179, -0.9603992700576782, -0.7314393520355225, -0.9073678255081177]"
341079,283,-21.0,1216,0.05,0.08041585236787796,-1.1678738594055176,60000,10000,"[-1.075843334197998, -1.2843934297561646, -0.6997403502464294, -0.6763137578964233, -1.3336193561553955, -0.9351730346679688]"
342491,284,-19.0,1412,0.05,0.08008909970521927,-1.17361319065094,60000,10000,"[-0.7593811750411987, -0.8427391648292542, -0.7763697504997253, -0.88517826795578, -0.6779962778091431, -0.7403061389923096]"
343747,285,-21.0,1256,0.05,0.0719735324382782,-1.1436342000961304,60000,10000,"[-0.6074888110160828, -0.7562330365180969, -0.7938287258148193, -0.7095164060592651, -0.9031280279159546, -0.705692708492279]"
345202,286,-17.0,1455,0.05,0.10168129950761795,-1.158338189125061,60000,10000,"[-0.5171629786491394, -0.879887044429779, -0.8706367611885071, -0.795425534248352, -0.7998093962669373, -0.7570629715919495]"
346466,287,-20.0,1264,0.05,0.06998749077320099,-1.241563320159912,60000,10000,"[-0.5569433569908142, -0.3634434938430786, -0.6721292734146118, -0.5090482831001282, -0.34069713950157166, -0.6343668699264526]"
347570,288,-20.0,1104,0.05,0.08967645466327667,-1.1598255634307861,60000,10000,"[-0.37601524591445923, -0.7974096536636353, -0.5780569911003113, -0.39146897196769714, -0.23502126336097717, -0.36176469922065735]"
348763,289,-18.0,1193,0.05,0.09737877547740936,-1.2289905548095703,60000,10000,"[-0.704367995262146, -0.7554685473442078, -0.7619209289550781, -0.7141672968864441, -0.7271520495414734, -0.6591427326202393]"
349807,290,-19.0,1044,0.05,0.08571954816579819,-1.1539899110794067,60000,10000,"[-0.8309991955757141, -0.9265645742416382, -0.9021525382995605, -0.9339265823364258, -0.805177628993988, -0.803207278251648]"
350981,291,-20.0,1174,0.05,0.08980965614318848,-1.1916160583496094,60000,10000,"[-0.8989518284797668, -0.9578164219856262, -0.9330640435218811, -0.8371735215187073, -0.9329681396484375, -0.8795214891433716]"
352296,292,-19.0,1315,0.05,0.10874970257282257,-1.1471858024597168,60000,10000,"[-0.7030113935470581, -0.5147386789321899, -0.7076441645622253, -0.7248653173446655, -0.8029086589813232, -0.7581409215927124]"
353419,293,-20.0,1123,0.05,0.06606175005435944,-1.1727311611175537,60000,10000,"[-0.4587898552417755, -0.44313719868659973, -0.605133593082428, -0.8001879453659058, -0.5147273540496826, -0.6369360089302063]"
354837,294,-18.0,1418,0.05,0.07839838415384293,-1.1184659004211426,60000,10000,"[-0.9843088388442993, -1.138866662979126, -0.9964534640312195, -1.1054449081420898, -1.1184829473495483, -1.0266276597976685]"
356279,295,-19.0,1442,0.05,0.08230225741863251,-1.1970584392547607,60000,10000,"[-0.43491870164871216, -0.691565752029419, -0.8139786720275879, -0.5998494625091553, -0.5047801733016968, -0.7598444223403931]"
357365,296,-20.0,1086,0.05,0.0859748050570488,-1.1772323846817017,60000,10000,"[-0.6583608388900757, -0.9114891886711121, -0.6701329350471497, -0.6882379055023193, -0.8090349435806274, -0.6404369473457336]"
358421,297,-21.0,1056,0.05,0.07921449840068817,-1.173674464225769,60000,10000,"[-0.7806676626205444, -0.8362652063369751, -0.8811866044998169, -0.8092967867851257, -0.7746427655220032, -0.6573116183280945]"
359873,298,-18.0,1452,0.05,0.07546696066856384,-1.2113327980041504,60000,10000,"[-0.3903748393058777, -0.689545750617981, -0.5503560304641724, -0.24946746230125427, -0.18556936085224152, -0.2511627972126007]"
361117,299,-18.0,1244,0.05,0.09406629949808121,-1.202621340751648,60000,10000,"[-0.9308675527572632, -1.223734736442566, -0.9618287682533264, -0.9344513416290283, -1.013118863105774, -1.0260659456253052]"
362311,300,-19.0,1194,0.05,0.08487777411937714,-1.1988097429275513,60000,10000,"[-0.7484350204467773, -0.9831224679946899, -0.7793250679969788, -0.9191712737083435, -0.9477024078369141, -0.9774630069732666]"
363853,301,-19.0,1542,0.05,0.09581858664751053,-1.1363039016723633,60000,10000,"[-1.1821608543395996, -1.1891939640045166, -0.9030917882919312, -1.2007378339767456, -1.0368313789367676, -0.9370578527450562]"
365038,302,-20.0,1185,0.05,0.07616838067770004,-1.22063410282135,60000,10000,"[-0.9127216339111328, -0.9484749436378479, -0.9294570684432983, -0.9563269019126892, -0.9168119430541992, -0.9484003186225891]"
366671,303,-17.0,1633,0.05,0.10375562310218811,-1.1036103963851929,60000,10000,"[-0.4684753715991974, -0.9859739542007446, -0.8230550289154053, -0.9728851914405823, -0.9677674174308777, -0.8622406125068665]"
368151,304,-18.0,1480,0.05,0.11124201118946075,-1.1057599782943726,60000,10000,"[-0.893458366394043, -1.1395150423049927, -0.9280946254730225, -0.917586088180542, -1.1228200197219849, -0.8362658023834229]"
369544,305,-18.0,1393,0.05,0.1054004430770874,-1.1032538414001465,60000,10000,"[-0.8680559396743774, -0.5750110745429993, -0.8171629905700684, -0.4979169964790344, -0.40095484256744385, -0.7299578189849854]"
370813,306,-19.0,1269,0.05,0.11827503144741058,-1.1520360708236694,60000,10000,"[-0.7846750617027283, -0.742224931716919, -0.8622111082077026, -0.8117882013320923, -0.8178925514221191, -0.8127498030662537]"
372034,307,-21.0,1221,0.05,0.07436097413301468,-1.1545320749282837,60000,10000,"[-0.6405758857727051, -0.9284894466400146, -0.7520346641540527, -0.9247302412986755, -0.86821049451828, -0.8588101863861084]"
373378,308,-19.0,1344,0.05,0.10561295598745346,-1.1962590217590332,60000,10000,"[-0.6691955327987671, -0.6522675156593323, -0.717459499835968, -0.8121198415756226, -0.4475598633289337, -0.6575813293457031]"
374568,309,-20.0,1190,0.05,0.11670327186584473,-1.0872068405151367,60000,10000,"[-0.39655742049217224, -0.5269595384597778, -0.49132364988327026, -0.35485541820526123, -0.5408461689949036, -0.3853674530982971]"
375905,310,-20.0,1337,0.05,0.09263202548027039,-1.1381760835647583,60000,10000,"[-0.8485764861106873, -0.9129915833473206, -0.843406617641449, -0.8925673961639404, -0.9073342680931091, -0.8570988774299622]"
377280,311,-18.0,1375,0.05,0.07676650583744049,-1.1673777103424072,60000,10000,"[-0.6416717767715454, -0.8520639538764954, -0.7099230289459229, -0.7246595025062561, -0.5694246292114258, -0.7796043157577515]"
378571,312,-19.0,1291,0.05,0.09491552412509918,-1.1181066036224365,60000,10000,"[-0.922174870967865, -0.9878577589988708, -0.9021298885345459, -0.9285373687744141, -0.9816039800643921, -0.8717336654663086]"
379692,313,-21.0,1121,0.05,0.08847810328006744,-1.107366681098938,60000,10000,"[-0.817813515663147, -0.9886818528175354, -0.8002398014068604, -0.9708808064460754, -0.9382501244544983, -0.9401768445968628]"
381057,314,-20.0,1365,0.05,0.09782128781080246,-1.1928143501281738,60000,10000,"[-0.5399951934814453, -0.2491133213043213, -0.5819138884544373, -0.5996403098106384, -0.5178084969520569, -0.2921293377876282]"
382560,315,-17.0,1503,0.05,0.1075216680765152,-1.1839569807052612,60000,10000,"[-0.8748220205307007, -0.7250950336456299, -0.7896348237991333, -0.8317288160324097, -0.8595375418663025, -0.9525200128555298]"
383596,316,-20.0,1036,0.05,0.08311578631401062,-1.2040348052978516,60000,10000,"[-0.5636796951293945, -0.9480598568916321, -0.6430158019065857, -0.6777372360229492, -0.7851648330688477, -0.7780199646949768]"
384976,317,-17.0,1380,0.05,0.07767998427152634,-1.193880558013916,60000,10000,"[-0.7827003002166748, -0.931270182132721, -0.7886809706687927, -0.8473386168479919, -0.8189626932144165, -0.8492909669876099]"
386095,318,-20.0,1119,0.05,0.10033410042524338,-1.1691333055496216,60000,10000,"[-1.0335161685943604, -0.9991166591644287, -0.9447898268699646, -0.953610897064209, -0.9397934675216675, -0.9368646144866943]"
387280,319,-20.0,1185,0.05,0.09515762329101562,-1.1232237815856934,60000,10000,"[-0.8476603031158447, -0.8353238105773926, -0.8515600562095642, -0.5678407549858093, -0.661699116230011, -0.7127662897109985]"
388463,320,-21.0,1183,0.05,0.09019842743873596,-1.15541410446167,60000,10000,"[-0.8529964685440063, -0.9636913537979126, -0.9144861698150635, -0.9712640047073364, -0.9280458092689514, -0.9842142462730408]"
389826,321,-20.0,1363,0.05,0.0959133580327034,-1.1854020357131958,60000,10000,"[-0.9387339353561401, -0.9377856850624084, -0.9646555781364441, -0.9791787266731262, -1.1219067573547363, -1.099303960800171]"
391245,322,-17.0,1419,0.05,0.07833017408847809,-1.2440425157546997,60000,10000,"[-0.8785110712051392, -0.5513694286346436, -0.8188351988792419, -0.6477206349372864, -0.4879423975944519, -0.6533246636390686]"
392422,323,-20.0,1177,0.05,0.08413466811180115,-1.1819803714752197,60000,10000,"[-0.9430314898490906, -1.114292025566101, -0.9662548303604126, -0.93468177318573, -0.9214622378349304, -0.9445199370384216]"
393624,324,-17.0,1202,0.05,0.09855861961841583,-1.188502550125122,60000,10000,"[-0.8469049334526062, -0.9852510094642639, -0.8355805277824402, -0.9731004238128662, -0.9775693416595459, -0.9895264506340027]"
394949,325,-19.0,1325,0.05,0.08331714570522308,-1.1175949573516846,60000,10000,"[-1.0919749736785889, -1.0358153581619263, -1.0564563274383545, -0.9771963357925415, -1.0731884241104126, -0.944331705570221]"
396336,326,-20.0,1387,0.05,0.08791375905275345,-1.136315107345581,60000,10000,"[-0.9521200060844421, -1.260299801826477, -0.9579018354415894, -0.979515790939331, -0.9467567205429077, -0.951211154460907]"
397481,327,-21.0,1145,0.05,0.1011115089058876,-1.1965022087097168,60000,10000,"[-0.8620994687080383, -0.9501325488090515, -0.916174590587616, -0.9141960144042969, -0.9150833487510681, -0.9499650001525879]"
398707,328,-20.0,1226,0.05,0.10757066309452057,-1.2080650329589844,60000,10000,"[-0.9624890089035034, -1.1285380125045776, -0.9546265602111816, -0.9422138929367065, -0.9522789120674133, -0.9625776410102844]"
399834,329,-20.0,1127,0.05,0.0862947553396225,-1.1851451396942139,60000,10000,"[-0.9443432688713074, -1.0886366367340088, -0.9576130509376526, -0.9635340571403503, -0.9468342065811157, -0.9455509781837463]"
401198,330,-19.0,1364,0.05,0.09253332018852234,-1.1743353605270386,60000,10000,"[-0.8666958212852478, -0.882964551448822, -0.6818047761917114, -0.833686888217926, -0.8163747191429138, -0.7481313943862915]"
402753,331,-18.0,1555,0.05,0.07860994338989258,-1.2128286361694336,60000,10000,"[-0.8280446529388428, -1.0001583099365234, -0.8695435523986816, -0.9306056499481201, -0.9155254364013672, -0.9290685057640076]"
403797,332,-20.0,1044,0.05,0.0685301125049591,-1.1684633493423462,60000,10000,"[-0.9537482261657715, -1.1153295040130615, -0.9617627263069153, -0.9478891491889954, -0.9556065797805786, -0.9579247832298279]"
405504,333,-19.0,1707,0.05,0.1149231344461441,-1.192880630493164,60000,10000,"[-0.905471682548523, -1.256203293800354, -0.9230977296829224, -0.9301901459693909, -0.8656377792358398, -1.0737085342407227]"
406710,334,-19.0,1206,0.05,0.08365798741579056,-1.1809930801391602,60000,10000,"[-0.7955558896064758, -0.7917996644973755, -0.7192496061325073, -0.8028050065040588, -0.7972744703292847, -0.7610975503921509]"
407812,335,-20.0,1102,0.05,0.09406384825706482,-1.1644493341445923,60000,10000,"[-0.9721264243125916, -1.210296869277954, -0.9641673564910889, -0.972658634185791, -0.9664469957351685, -0.9619820713996887]"
409407,336,-17.0,1595,0.05,0.07780758291482925,-1.1875100135803223,60000,10000,"[-0.8847378492355347, -0.8688116669654846, -0.9185837507247925, -1.0215345621109009, -0.9633231163024902, -0.8585414290428162]"
410384,337,-21.0,977,0.05,0.1250009983778,-1.155912160873413,60000,10000,"[-0.7613725662231445, -0.9455338716506958, -0.8526759743690491, -0.8301503658294678, -0.7957578897476196, -0.9167594909667969]"
411578,338,-18.0,1194,0.05,0.10307331383228302,-1.1669799089431763,60000,10000,"[-0.8588693141937256, -0.9832049608230591, -0.8455716967582703, -0.9720513820648193, -0.8943259716033936, -0.8455700278282166]"
412925,339,-19.0,1347,0.05,0.08935587108135223,-1.2029541730880737,60000,10000,"[-0.7137528657913208, -0.7626379132270813, -0.6756647229194641, -0.7179241180419922, -0.7910242676734924, -0.7306097745895386]"
414303,340,-17.0,1378,0.05,0.11306148767471313,-1.120416283607483,60000,10000,"[-0.9842296242713928, -0.9873807430267334, -0.8706358671188354, -0.9697503447532654, -0.9773838520050049, -0.9899212121963501]"
415598,341,-19.0,1295,0.05,0.0714896023273468,-1.1510308980941772,60000,10000,"[-0.9833413362503052, -0.9708736538887024, -0.8693546056747437, -0.9698284268379211, -0.9307833313941956, -0.9430013298988342]"
416847,342,-19.0,1249,0.05,0.09312456846237183,-1.1583194732666016,60000,10000,"[-0.7991959452629089, -0.8836495876312256, -0.8188443183898926, -0.8900914192199707, -0.861100971698761, -0.881597101688385]"
418103,343,-21.0,1256,0.05,0.07440835237503052,-1.1889307498931885,60000,10000,"[-0.7871870398521423, -0.8766472339630127, -0.8791399002075195, -0.8998668789863586, -0.8858374357223511, -0.9409654140472412]"
419058,344,-21.0,955,0.05,0.12182097136974335,-1.1551275253295898,60000,10000,"[-0.9845583438873291, -0.9866733551025391, -0.9877273440361023, -0.9690763354301453, -0.9338797330856323, -0.9850644469261169]"
420672,345,-16.0,1614,0.05,0.08579621464014053,-1.1979060173034668,60000,10000,"[-0.9017919898033142, -0.8689176440238953, -0.9182751774787903, -0.9424793124198914, -0.9097328782081604, -0.8887884616851807]"
421989,346,-20.0,1317,0.05,0.07292413711547852,-1.2189245223999023,60000,10000,"[-0.6986885666847229, -0.8038675785064697, -0.8235198259353638, -0.8191401958465576, -0.8007230758666992, -0.6775205731391907]"
423309,347,-19.0,1320,0.05,0.09625937044620514,-1.1824684143066406,60000,10000,"[-0.9690502285957336, -1.346674919128418, -0.9554409980773926, -0.9776014685630798, -0.9698700904846191, -1.1052734851837158]"
424375,348,-21.0,1066,0.05,0.09105509519577026,-1.1554807424545288,60000,10000,"[-1.2510641813278198, -0.9759790301322937, -1.0989571809768677, -0.9122703075408936, -1.2671763896942139, -1.1101820468902588]"
425593,349,-20.0,1218,0.05,0.09150422364473343,-1.209228754043579,60000,10000,"[-0.9536336064338684, -1.0821802616119385, -0.9642549753189087, -0.9671979546546936, -0.9652606844902039, -0.9616451263427734]"
426813,350,-18.0,1220,0.05,0.09306660294532776,-1.185271978378296,60000,10000,"[-0.9765889644622803, -1.0773251056671143, -0.9747216701507568, -0.9812803268432617, -0.9660727381706238, -0.9630892276763916]"
428145,351,-21.0,1332,0.05,0.10184063017368317,-1.1595710515975952,60000,10000,"[-0.9499465823173523, -0.9499009251594543, -0.9820882678031921, -0.9739217758178711, -0.9482603073120117, -0.9731696844100952]"
429303,352,-19.0,1158,0.05,0.07519656419754028,-1.1356316804885864,60000,10000,"[-0.9833344221115112, -0.9824948906898499, -0.9867318272590637, -0.9694909453392029, -0.9859908819198608, -0.9561014175415039]"
430825,353,-17.0,1522,0.05,0.08965657651424408,-1.1543524265289307,60000,10000,"[-0.9734178781509399, -0.9873955249786377, -0.8753969669342041, -0.9792373776435852, -0.9889845848083496, -0.9900999069213867]"
432083,354,-20.0,1258,0.05,0.08298759162425995,-1.161180019378662,60000,10000,"[-0.9601756930351257, -0.9343863725662231, -0.9553883075714111, -0.9618980288505554, -0.9600325226783752, -0.9705294966697693]"
433384,355,-19.0,1301,0.05,0.07516542822122574,-1.1605868339538574,60000,10000,"[-0.6859195232391357, -0.6960070729255676, -0.5101987719535828, -0.6980575323104858, -0.6613205075263977, -0.7602026462554932]"
434677,356,-17.0,1293,0.05,0.09530182182788849,-1.2438808679580688,60000,10000,"[-0.7769851088523865, -0.8467506766319275, -0.7566689848899841, -0.8329957127571106, -0.8144745230674744, -0.7635977268218994]"
436194,357,-18.0,1517,0.05,0.10118399560451508,-1.2127602100372314,60000,10000,"[-0.6604031324386597, -0.7684743404388428, -0.7865209579467773, -0.64898681640625, -0.7798206806182861, -0.7205358147621155]"
437531,358,-19.0,1337,0.05,0.07826753705739975,-1.204526424407959,60000,10000,"[-0.9852558374404907, -0.9868185520172119, -0.9858721494674683, -0.9821521639823914, -0.9868005514144897, -0.9791305661201477]"
438901,359,-19.0,1370,0.05,0.10799141228199005,-1.2127820253372192,60000,10000,"[-0.8660781979560852, -0.9871764779090881, -0.9729719758033752, -0.8972899913787842, -0.8863245844841003, -0.9687060117721558]"
440239,360,-19.0,1338,0.05,0.09666343778371811,-1.160428524017334,60000,10000,"[-0.5674635767936707, -0.8387250304222107, -0.6463322639465332, -0.6688072681427002, -0.7317309379577637, -0.6264032125473022]"
441544,361,-18.0,1305,0.05,0.08277551084756851,-1.1454405784606934,60000,10000,"[-0.9815689325332642, -1.0196235179901123, -0.9758284687995911, -0.9684703350067139, -0.9518266916275024, -0.9767070412635803]"
442626,362,-20.0,1082,0.05,0.09100198745727539,-1.1445362567901611,60000,10000,"[-0.986835777759552, -0.9907938838005066, -0.9687587022781372, -0.9726653695106506, -0.9789908528327942, -0.9757776260375977]"
443831,363,-18.0,1205,0.05,0.08835494518280029,-1.1874123811721802,60000,10000,"[-0.7159537672996521, -0.7922407984733582, -0.7599681615829468, -0.7040808796882629, -0.6652951240539551, -0.5780850648880005]"
445154,364,-18.0,1323,0.05,0.09735935181379318,-1.1997783184051514,60000,10000,"[-0.9824862480163574, -0.9252863526344299, -0.9754999876022339, -0.9755584597587585, -0.9822494983673096, -0.9778843522071838]"
446699,365,-17.0,1545,0.05,0.10472172498703003,-1.1677820682525635,60000,10000,"[-0.6747188568115234, -0.8389644622802734, -0.8266517519950867, -0.6889179944992065, -0.8575010895729065, -1.1084007024765015]"
448038,366,-20.0,1339,0.05,0.08513970673084259,-1.1532858610153198,60000,10000,"[-0.986258327960968, -0.9573421478271484, -0.9761945605278015, -0.9756007194519043, -0.9756856560707092, -0.9758288860321045]"
449197,367,-20.0,1159,0.05,0.08456951379776001,-1.1600018739700317,60000,10000,"[-0.981775164604187, -0.9865338206291199, -0.975540816783905, -0.9750370383262634, -0.975787878036499, -0.975682258605957]"
450181,368,-21.0,984,0.05,0.08295847475528717,-1.1098252534866333,60000,10000,"[-0.9820664525032043, -0.9817426204681396, -0.9823836088180542, -0.9815510511398315, -0.9838127493858337, -0.9773068428039551]"
451722,369,-17.0,1541,0.05,0.07709058374166489,-1.1523568630218506,60000,10000,"[-0.6740829944610596, -0.8039756417274475, -0.7366605401039124, -0.6157823801040649, -0.7710153460502625, -0.709308922290802]"
453062,370,-18.0,1340,0.05,0.09371886402368546,-1.1405329704284668,60000,10000,"[-0.7968533039093018, -0.8991720080375671, -0.73069828748703, -0.8411993384361267, -0.8146703839302063, -0.834697961807251]"
454092,371,-21.0,1030,0.05,0.11128263920545578,-1.1542249917984009,60000,10000,"[-0.9362850189208984, -1.1322054862976074, -1.0501363277435303, -0.9856818318367004, -1.0515587329864502, -1.087734341621399]"
455301,372,-19.0,1209,0.05,0.08312850445508957,-1.0908665657043457,60000,10000,"[-0.8506625294685364, -0.9325748682022095, -0.8914802074432373, -0.9030042290687561, -0.9633117914199829, -0.8324013352394104]"
456671,373,-18.0,1370,0.05,0.08602038025856018,-1.2034668922424316,60000,10000,"[-0.8070691823959351, -0.8035570383071899, -0.6977635025978088, -0.6729998588562012, -0.7431536316871643, -0.8377082347869873]"
457959,374,-17.0,1288,0.05,0.07750794291496277,-1.1542044878005981,60000,10000,"[-0.9581277370452881, -0.9672210216522217, -0.8496816754341125, -0.9730674028396606, -0.975612461566925, -0.9768272042274475]"
459161,375,-20.0,1202,0.05,0.10242488980293274,-1.155680537223816,60000,10000,"[-0.9072830677032471, -0.983335018157959, -0.8544926643371582, -0.9701431393623352, -0.9748142957687378, -0.9758009910583496]"
460371,376,-20.0,1210,0.05,0.0829358845949173,-1.1929519176483154,60000,10000,"[-0.9849628210067749, -0.9824960827827454, -0.9750750064849854, -0.9822931885719299, -0.9762789607048035, -0.9759349822998047]"
461784,377,-18.0,1413,0.05,0.11466708779335022,-1.1241220235824585,60000,10000,"[-0.852051317691803, -0.945617139339447, -0.8456321358680725, -0.819548487663269, -0.5466399192810059, -0.705545961856842]"
463258,378,-16.0,1474,0.05,0.10423306375741959,-1.1495709419250488,60000,10000,"[-0.7753353714942932, -0.8706145286560059, -0.7736898064613342, -0.7841601967811584, -0.7676613330841064, -0.7435237765312195]"
464786,379,-20.0,1528,0.05,0.09240089356899261,-1.2073700428009033,60000,10000,"[-0.8779333829879761, -0.9831238985061646, -0.845054566860199, -0.9434128999710083, -0.9542629718780518, -0.9603087902069092]"
466076,380,-19.0,1290,0.05,0.09591901302337646,-1.1166176795959473,60000,10000,"[-0.6180614829063416, -0.7156304121017456, -0.6934659481048584, -0.638667106628418, -0.6185245513916016, -0.7595881819725037]"
467345,381,-19.0,1269,0.05,0.09857799112796783,-1.1264843940734863,60000,10000,"[-0.616267740726471, -0.7810086011886597, -0.7437494397163391, -0.7649253010749817, -0.8186946511268616, -0.562115490436554]"
468620,382,-19.0,1275,0.05,0.07992547750473022,-1.0817561149597168,60000,10000,"[-0.801120400428772, -0.9020542502403259, -0.7567607164382935, -0.7721979022026062, -0.8614940643310547, -0.6983986496925354]"
469901,383,-19.0,1281,0.05,0.10144556313753128,-1.123728632926941,60000,10000,"[-0.6708794832229614, -0.6783808469772339, -0.6218094825744629, -0.7872893214225769, -0.7725474238395691, -0.7352190017700195]"
471709,384,-17.0,1808,0.05,0.09964054077863693,-1.1369316577911377,60000,10000,"[-0.9818193316459656, -0.98837810754776, -0.8686841130256653, -0.9651668071746826, -0.987887978553772, -0.987322211265564]"
472807,385,-19.0,1098,0.05,0.1014709323644638,-1.1133956909179688,60000,10000,"[-0.9836301207542419, -0.9862272143363953, -0.9862433671951294, -0.9837379455566406, -0.9853160381317139, -0.986947774887085]"
474156,386,-19.0,1349,0.05,0.06881868094205856,-1.1128548383712769,60000,10000,"[-0.9252896308898926, -1.1380200386047363, -0.9007574915885925, -0.9608161449432373, -0.7364300489425659, -0.724292516708374]"
475663,387,-17.0,1507,0.05,0.09049127995967865,-1.1094225645065308,60000,10000,"[-0.9414177536964417, -0.7331593036651611, -1.105336308479309, -0.964749813079834, -0.6820400357246399, -0.851859986782074]"
477011,388,-18.0,1348,0.05,0.10348851978778839,-1.0876402854919434,60000,10000,"[-0.745012640953064, -0.7623887062072754, -0.6535224318504333, -0.5065369009971619, -0.7964867353439331, -0.6236191987991333]"
478334,389,-18.0,1323,0.05,0.08332961797714233,-1.0898232460021973,60000,10000,"[-0.7535532712936401, -0.7920345664024353, -0.765826940536499, -0.6676097512245178, -0.7989736795425415, -0.7585950493812561]"
479659,390,-18.0,1325,0.05,0.10001493245363235,-1.0707215070724487,60000,10000,"[-0.5295799374580383, -0.8310007452964783, -0.6874105930328369, -0.652460515499115, -0.644619345664978, -0.8912813067436218]"
481001,391,-19.0,1342,0.05,0.10815554112195969,-1.1814937591552734,60000,10000,"[-0.7337021231651306, -0.7981197237968445, -0.6453304290771484, -0.7999026775360107, -0.6569799780845642, -0.5854634642601013]"
482446,392,-19.0,1445,0.05,0.08974335342645645,-1.1211597919464111,60000,10000,"[-1.0621109008789062, -0.8885383605957031, -1.0047130584716797, -1.1367168426513672, -0.7467678785324097, -1.0188889503479004]"
484133,393,-16.0,1687,0.05,0.08475348353385925,-1.1293801069259644,60000,10000,"[-0.742982804775238, -0.7066918611526489, -0.835696280002594, -0.6345909833908081, -0.7625564336776733, -0.8105277419090271]"
485543,394,-19.0,1410,0.05,0.08013779670000076,-1.132562518119812,60000,10000,"[-0.6600394248962402, -0.4771665632724762, -0.5816730856895447, -0.715506911277771, -0.7010812163352966, -0.5206055641174316]"
486615,395,-21.0,1072,0.05,0.10176170617341995,-1.117882251739502,60000,10000,"[-0.845483660697937, -0.9860495924949646, -0.9788323640823364, -0.9724715352058411, -0.9819158911705017, -0.9664657115936279]"
488102,396,-18.0,1487,0.05,0.09349346160888672,-1.1367489099502563,60000,10000,"[-0.8452001214027405, -0.9836210608482361, -0.9390015006065369, -0.9108794927597046, -0.8720269799232483, -0.9229856133460999]"
489498,397,-19.0,1396,0.05,0.07099323719739914,-1.1146682500839233,60000,10000,"[-0.6448638439178467, -0.9636557102203369, -0.9709105491638184, -0.8977285027503967, -0.8306372761726379, -0.8320778012275696]"
491140,398,-18.0,1642,0.05,0.08108887076377869,-1.1404681205749512,60000,10000,"[-0.9824318289756775, -0.9866188764572144, -0.9843220114707947, -0.9824365973472595, -0.9783903360366821, -0.9871793985366821]"
492313,399,-20.0,1173,0.05,0.07860234379768372,-1.1015560626983643,60000,10000,"[-0.847693681716919, -0.9647490978240967, -0.9647519588470459, -0.8263753652572632, -0.9131957292556763, -0.9093860387802124]"
493472,400,-20.0,1159,0.05,0.06783337146043777,-1.1141995191574097,60000,10000,"[-0.8932462930679321, -0.8829525113105774, -0.8514224886894226, -0.8913463354110718, -0.9453631639480591, -0.8574172854423523]"
494595,401,-20.0,1123,0.05,0.08191664516925812,-1.1042695045471191,60000,10000,"[-0.9587788581848145, -0.9810934066772461, -0.9825699925422668, -0.983660876750946, -0.9526383876800537, -0.9776396155357361]"
495725,402,-19.0,1130,0.05,0.11322624981403351,-1.1125203371047974,60000,10000,"[-0.24828919768333435, -0.18151254951953888, -0.6416796445846558, -0.83402419090271, -0.7712904214859009, -0.8914644718170166]"
496739,403,-21.0,1014,0.05,0.10640489310026169,-1.0951603651046753,60000,10000,"[-0.5718638896942139, -0.6303134560585022, -0.6360446214675903, -0.7154982089996338, -0.8111101984977722, -0.7895521521568298]"
497840,404,-20.0,1101,0.05,0.09662114083766937,-1.1270287036895752,60000,10000,"[-1.1229511499404907, -1.1944655179977417, -0.8625128865242004, -0.9634549021720886, -1.1303943395614624, -1.063483715057373]"
499020,405,-19.0,1180,0.05,0.07725588977336884,-1.1219881772994995,60000,10000,"[-1.0741931200027466, -1.2183457612991333, -1.0459229946136475, -1.2942869663238525, -1.202435851097107, -1.1301054954528809]"
